Manufacturer,Model Name,Category,Screen Size,Screen,CPU,RAM, Storage,GPU,image
Apple,MacBook Pro,Ultrabook,"13.3""",IPS Panel Retina Display 2560x1600,Intel Core i5 2.3GHz,8GB,128GB SSD,Intel Iris Plus Graphics 640,https://via.placeholder.com/200
Apple,Macbook Air,Ultrabook,"13.3""",1440x900,Intel Core i5 1.8GHz,8GB,128GB Flash Storage,Intel HD Graphics 6000,https://via.placeholder.com/200
HP,250 G6,Notebook,"15.6""",Full HD 1920x1080,Intel Core i5 7200U 2.5GHz,8GB,256GB SSD,Intel HD Graphics 620,https://via.placeholder.com/200
Apple,MacBook Pro,Ultrabook,"15.4""",IPS Panel Retina Display 2880x1800,Intel Core i7 2.7GHz,16GB,512GB SSD,AMD Radeon Pro 455,https://via.placeholder.com/200
Apple,MacBook Pro,Ultrabook,"13.3""",IPS Panel Retina Display 2560x1600,Intel Core i5 3.1GHz,8GB,256GB SSD,Intel Iris Plus Graphics 650,https://via.placeholder.com/200
Acer,Aspire 3,Notebook,"15.6""",1366x768,AMD A9-Series 9420 3GHz,4GB,500GB HDD,AMD Radeon R5,https://via.placeholder.com/200
Apple,MacBook Pro,Ultrabook,"15.4""",IPS Panel Retina Display 2880x1800,Intel Core i7 2.2GHz,16GB,256GB Flash Storage,Intel Iris Pro Graphics,https://via.placeholder.com/200
Apple,Macbook Air,Ultrabook,"13.3""",1440x900,Intel Core i5 1.8GHz,8GB,256GB Flash Storage,Intel HD Graphics 6000,https://via.placeholder.com/200
Asus,ZenBook UX430UN,Ultrabook,"14.0""",Full HD 1920x1080,Intel Core i7 8550U 1.8GHz,16GB,512GB SSD,Nvidia GeForce MX150,https://via.placeholder.com/200
Acer,Swift 3,Ultrabook,"14.0""",IPS Panel Full HD 1920x1080,Intel Core i5 8250U 1.6GHz,8GB,256GB SSD,Intel UHD Graphics 620,https://via.placeholder.com/200
HP,250 G6,Notebook,"15.6""",1366x768,Intel Core i5 7200U 2.5GHz,4GB,500GB HDD,Intel HD Graphics 620,https://via.placeholder.com/200
HP,250 G6,Notebook,"15.6""",Full HD 1920x1080,Intel Core i3 6006U 2GHz,4GB,500GB HDD,Intel HD Graphics 520,https://via.placeholder.com/200
Apple,MacBook Pro,Ultrabook,"15.4""",IPS Panel Retina Display 2880x1800,Intel Core i7 2.8GHz,16GB,256GB SSD,AMD Radeon Pro 555,https://via.placeholder.com/200
Dell,Inspiron 3567,Notebook,"15.6""",Full HD 1920x1080,Intel Core i3 6006U 2GHz,4GB,256GB SSD,AMD Radeon R5 M430,https://via.placeholder.com/200
Apple,"MacBook 12""",Ultrabook,"12.0""",IPS Panel Retina Display 2304x1440,Intel Core M m3 1.2GHz,8GB,256GB SSD,Intel HD Graphics 615,https://via.placeholder.com/200
Apple,MacBook Pro,Ultrabook,"13.3""",IPS Panel Retina Display 2560x1600,Intel Core i5 2.3GHz,8GB,256GB SSD,Intel Iris Plus Graphics 640,https://via.placeholder.com/200
Dell,Inspiron 3567,Notebook,"15.6""",Full HD 1920x1080,Intel Core i7 7500U 2.7GHz,8GB,256GB SSD,AMD Radeon R5 M430,https://via.placeholder.com/200
Apple,MacBook Pro,Ultrabook,"15.4""",IPS Panel Retina Display 2880x1800,Intel Core i7 2.9GHz,16GB,512GB SSD,AMD Radeon Pro 560,https://via.placeholder.com/200
Lenovo,IdeaPad 320-15IKB,Notebook,"15.6""",Full HD 1920x1080,Intel Core i3 7100U 2.4GHz,8GB,1TB HDD,Nvidia GeForce 940MX,https://via.placeholder.com/200
Dell,XPS 13,Ultrabook,"13.3""",IPS Panel Full HD / Touchscreen 1920x1080,Intel Core i5 8250U 1.6GHz,8GB,128GB SSD,Intel UHD Graphics 620,https://via.placeholder.com/200
Asus,Vivobook E200HA,Netbook,"11.6""",1366x768,Intel Atom x5-Z8350 1.44GHz,2GB,32GB Flash Storage,Intel HD Graphics 400,https://via.placeholder.com/200
Lenovo,Legion Y520-15IKBN,Gaming,"15.6""",IPS Panel Full HD 1920x1080,Intel Core i5 7300HQ 2.5GHz,8GB,128GB SSD +  1TB HDD,Nvidia GeForce GTX 1050,https://via.placeholder.com/200
HP,255 G6,Notebook,"15.6""",1366x768,AMD E-Series E2-9000e 1.5GHz,4GB,500GB HDD,AMD Radeon R2,https://via.placeholder.com/200
Dell,Inspiron 5379,2 in 1 Convertible,"13.3""",Full HD / Touchscreen 1920x1080,Intel Core i5 8250U 1.6GHz,8GB,256GB SSD,Intel UHD Graphics 620,https://via.placeholder.com/200
HP,15-BS101nv (i7-8550U/8GB/256GB/FHD/W10),Ultrabook,"15.6""",Full HD 1920x1080,Intel Core i7 8550U 1.8GHz,8GB,256GB SSD,Intel HD Graphics 620,https://via.placeholder.com/200
Dell,Inspiron 3567,Notebook,"15.6""",1366x768,Intel Core i3 6006U 2GHz,4GB,1TB HDD,Intel HD Graphics 520,https://via.placeholder.com/200
Apple,MacBook Air,Ultrabook,"13.3""",1440x900,Intel Core i5 1.6GHz,8GB,128GB Flash Storage,Intel HD Graphics 6000,https://via.placeholder.com/200
Dell,Inspiron 5570,Notebook,"15.6""",Full HD 1920x1080,Intel Core i5 8250U 1.6GHz,8GB,256GB SSD,AMD Radeon 530,https://via.placeholder.com/200
Dell,Latitude 5590,Ultrabook,"15.6""",Full HD 1920x1080,Intel Core i7 8650U 1.9GHz,8GB,256GB SSD +  256GB SSD,Intel UHD Graphics 620,https://via.placeholder.com/200
HP,ProBook 470,Notebook,"17.3""",Full HD 1920x1080,Intel Core i5 8250U 1.6GHz,8GB,1TB HDD,Nvidia GeForce 930MX,https://via.placeholder.com/200
Chuwi,"LapBook 15.6""",Notebook,"15.6""",Full HD 1920x1080,Intel Atom x5-Z8300 1.44GHz,4GB,64GB Flash Storage,Intel HD Graphics,https://via.placeholder.com/200
Asus,E402WA-GA010T (E2-6110/2GB/32GB/W10),Notebook,"14.0""",1366x768,AMD E-Series E2-6110 1.5GHz,2GB,32GB Flash Storage,AMD Radeon R2,https://via.placeholder.com/200
HP,17-ak001nv (A6-9220/4GB/500GB/Radeon,Notebook,"17.3""",Full HD 1920x1080,AMD A6-Series 9220 2.5GHz,4GB,500GB HDD,AMD Radeon 530,https://via.placeholder.com/200
Dell,XPS 13,Ultrabook,"13.3""",Touchscreen / Quad HD+ 3200x1800,Intel Core i7 8550U 1.8GHz,16GB,512GB SSD,Intel UHD Graphics 620,https://via.placeholder.com/200
Apple,MacBook Air,Ultrabook,"13.3""",1440x900,Intel Core i5 1.6GHz,8GB,256GB Flash Storage,Intel HD Graphics 6000,https://via.placeholder.com/200
Lenovo,IdeaPad 120S-14IAP,Notebook,"14.0""",1366x768,Intel Celeron Dual Core N3350 1.1GHz,4GB,64GB Flash Storage,Intel HD Graphics 500,https://via.placeholder.com/200
Acer,Aspire 3,Notebook,"15.6""",1366x768,Intel Core i3 7130U 2.7GHz,4GB,1TB HDD,Intel HD Graphics 620,https://via.placeholder.com/200
Dell,Inspiron 5770,Notebook,"17.3""",IPS Panel Full HD 1920x1080,Intel Core i5 8250U 1.6GHz,8GB,128GB SSD +  1TB HDD,AMD Radeon 530,https://via.placeholder.com/200
HP,250 G6,Notebook,"15.6""",1366x768,Intel Core i5 7200U 2.5GHz,4GB,1TB HDD,Intel HD Graphics 620,https://via.placeholder.com/200
HP,ProBook 450,Notebook,"15.6""",Full HD 1920x1080,Intel Core i5 8250U 1.6GHz,8GB,256GB SSD,Nvidia GeForce 930MX ,https://via.placeholder.com/200
Asus,X540UA-DM186 (i3-6006U/4GB/1TB/FHD/Linux),Notebook,"15.6""",Full HD 1920x1080,Intel Core i3 6006U 2GHz,4GB,1TB HDD,Intel HD Graphics 620,https://via.placeholder.com/200
Dell,Inspiron 7577,Gaming,"15.6""",IPS Panel Full HD 1920x1080,Intel Core i7 7700HQ 2.8GHz,16GB,256GB SSD +  1TB HDD,Nvidia GeForce GTX 1060,https://via.placeholder.com/200
Asus,X542UQ-GO005 (i5-7200U/8GB/1TB/GeForce,Notebook,"15.6""",1366x768,Intel Core i5 7200U 2.5GHz,8GB,1TB HDD,Nvidia GeForce 940MX,https://via.placeholder.com/200
Acer,Aspire A515-51G,Notebook,"15.6""",IPS Panel Full HD 1920x1080,Intel Core i5 8250U 1.6GHz,4GB,256GB SSD,Intel UHD Graphics 620,https://via.placeholder.com/200
Dell,Inspiron 7773,2 in 1 Convertible,"17.3""",Full HD / Touchscreen 1920x1080,Intel Core i5 8250U 1.6GHz,12GB,1TB HDD,Nvidia GeForce 150MX,https://via.placeholder.com/200
Apple,MacBook Pro,Ultrabook,"13.3""",IPS Panel Retina Display 2560x1600,Intel Core i5 2.0GHz,8GB,256GB SSD,Intel Iris Graphics 540,https://via.placeholder.com/200
Lenovo,IdeaPad 320-15ISK,Notebook,"15.6""",1366x768,Intel Core i3 6006U 2GHz,4GB,128GB SSD,Intel HD Graphics 520,https://via.placeholder.com/200
Asus,Rog Strix,Gaming,"17.3""",Full HD 1920x1080,AMD Ryzen 1700 3GHz,8GB,256GB SSD +  1TB HDD,AMD Radeon RX 580,https://via.placeholder.com/200
Dell,Inspiron 3567,Notebook,"15.6""",Full HD 1920x1080,Intel Core i5 7200U 2.5GHz,4GB,256GB SSD,AMD Radeon R5 M430,https://via.placeholder.com/200
Asus,X751NV-TY001T (N4200/4GB/1TB/GeForce,Notebook,"17.3""",1366x768,Intel Pentium Quad Core N4200 1.1GHz,4GB,1TB HDD,Nvidia GeForce 920MX,https://via.placeholder.com/200
Lenovo,Yoga Book,2 in 1 Convertible,"10.1""",IPS Panel Touchscreen 1920x1200,Intel Atom x5-Z8550 1.44GHz,4GB,64GB Flash Storage,Intel HD Graphics 400,https://via.placeholder.com/200
Acer,Aspire A515-51G,Notebook,"15.6""",IPS Panel Full HD 1920x1080,Intel Core i7 8550U 1.8GHz,8GB,256GB SSD,Nvidia GeForce MX150,https://via.placeholder.com/200
HP,255 G6,Notebook,"15.6""",Full HD 1920x1080,AMD A6-Series 9220 2.5GHz,4GB,256GB SSD,AMD Radeon R4 Graphics,https://via.placeholder.com/200
HP,ProBook 430,Notebook,"13.3""",Full HD 1920x1080,Intel Core i7 8550U 1.8GHz,8GB,512GB SSD,Intel UHD Graphics 620,https://via.placeholder.com/200
Acer,Aspire 3,Notebook,"15.6""",1366x768,Intel Core i3 7100U 2.4GHz,4GB,1TB HDD,Intel HD Graphics 620,https://via.placeholder.com/200
Dell,Inspiron 3576,Notebook,"15.6""",Full HD 1920x1080,Intel Core i7 8550U 1.8GHz,8GB,256GB SSD,AMD Radeon 520,https://via.placeholder.com/200
HP,15-bs002nv (i3-6006U/4GB/128GB/FHD/W10),Notebook,"15.6""",Full HD 1920x1080,Intel Core i3 6006U 2GHz,4GB,128GB SSD,Intel HD Graphics 520,https://via.placeholder.com/200
Asus,VivoBook Max,Notebook,"15.6""",1366x768,Intel Core i5 7200U 2.5GHz,4GB,256GB SSD,Intel HD Graphics 620,https://via.placeholder.com/200
MSI,GS73VR 7RG,Gaming,"17.3""",Full HD 1920x1080,Intel Core i7 7700HQ 2.8GHz,16GB,256GB SSD +  2TB HDD,Nvidia GeForce GTX 1070,https://via.placeholder.com/200
Asus,X541UA-DM1897 (i3-6006U/4GB/256GB/FHD/Linux),Notebook,"15.6""",Full HD 1920x1080,Intel Core i3 6006U 2GHz,4GB,256GB SSD,Intel HD Graphics 520,https://via.placeholder.com/200
Dell,Inspiron 5770,Notebook,"17.3""",Full HD 1920x1080,Intel Core i7 8550U 1.8GHz,16GB,256GB SSD +  2TB HDD,AMD Radeon 530,https://via.placeholder.com/200
Dell,Vostro 5471,Ultrabook,"14.0""",Full HD 1920x1080,Intel Core i5 8250U 1.6GHz,8GB,256GB SSD,Intel UHD Graphics 620,https://via.placeholder.com/200
Lenovo,IdeaPad 520S-14IKB,Notebook,"14.0""",IPS Panel Full HD 1920x1080,Intel Core i3 7130U 2.7GHz,8GB,256GB SSD,Intel HD Graphics 620,https://via.placeholder.com/200
Asus,UX410UA-GV350T (i5-8250U/8GB/256GB/FHD/W10),Notebook,"14.0""",Full HD 1920x1080,Intel Core i5 8250U 1.6GHz,8GB,256GB SSD,Intel UHD Graphics 620,https://via.placeholder.com/200
HP,250 G6,Notebook,"15.6""",Full HD 1920x1080,Intel Core i5 7200U 2.5GHz,8GB,256GB SSD,Intel HD Graphics 620,https://via.placeholder.com/200
Asus,ZenBook Pro,Ultrabook,"15.6""",Full HD 1920x1080,Intel Core i7 7700HQ 2.8GHz,16GB,512GB SSD,Nvidia GeForce GTX 1050 Ti,https://via.placeholder.com/200
HP,250 G6,Notebook,"15.6""",1366x768,Intel Core i3 6006U 2GHz,4GB,500GB HDD,AMD Radeon 520,https://via.placeholder.com/200
HP,Stream 14-AX040wm,Notebook,"14.0""",1366x768,Intel Celeron Dual Core N3060 1.6GHz,4GB,32GB SSD,Intel HD Graphics 400,https://via.placeholder.com/200
Lenovo,V310-15ISK (i5-7200U/4GB/1TB/FHD/W10),Notebook,"15.6""",Full HD 1920x1080,Intel Core i5 7200U 2.5GHz,4GB,1TB HDD,Intel HD Graphics 620,https://via.placeholder.com/200
Asus,FX753VE-GC093 (i7-7700HQ/12GB/1TB/GeForce,Gaming,"17.3""",Full HD 1920x1080,Intel Core i7 7700HQ 2.8GHz,12GB,1TB HDD,Nvidia GeForce GTX 1050 Ti,https://via.placeholder.com/200
Microsoft,Surface Laptop,Ultrabook,"13.5""",Touchscreen 2256x1504,Intel Core i5 7200U 2.5GHz,4GB,128GB SSD,Intel HD Graphics 620,https://via.placeholder.com/200
Dell,Inspiron 5370,Ultrabook,"13.3""",IPS Panel Full HD 1920x1080,Intel Core i7 8550U 1.8GHz,8GB,256GB SSD,AMD Radeon 530,https://via.placeholder.com/200
Dell,Inspiron 5570,Notebook,"15.6""",Full HD 1920x1080,Intel Core i7 8550U 1.8GHz,8GB,256GB SSD,AMD Radeon 530,https://via.placeholder.com/200
MSI,GL72M 7RDX,Gaming,"17.3""",Full HD 1920x1080,Intel Core i5 7300HQ 2.5GHz,8GB,128GB SSD +  1TB HDD,Nvidia GeForce GTX 1050,https://via.placeholder.com/200
Acer,Aspire E5-475,Notebook,"14.0""",1366x768,Intel Core i3 6006U 2GHz,8GB,1TB HDD,Intel HD Graphics 520,https://via.placeholder.com/200
Asus,FX503VD-E4022T (i7-7700HQ/8GB/1TB/GeForce,Gaming,"15.6""",Full HD 1920x1080,Intel Core i7 7700HQ 2.8GHz,8GB,1TB HDD,Nvidia GeForce GTX 1050,https://via.placeholder.com/200
Lenovo,IdeaPad 320-15IKBN,Notebook,"15.6""",Full HD 1920x1080,Intel Core i5 7200U 2.5GHz,8GB,2TB HDD,Intel HD Graphics 620,https://via.placeholder.com/200
Dell,Inspiron 5570,Notebook,"15.6""",Full HD 1920x1080,Intel Core i7 8550U 1.8GHz,8GB,128GB SSD +  1TB HDD,Intel UHD Graphics 620,https://via.placeholder.com/200
Acer,Aspire A515-51G-32MX,Notebook,"15.6""",Full HD 1920x1080,Intel Core i3 7130U 2.7GHz,4GB,1TB HDD,Nvidia GeForce MX130,https://via.placeholder.com/200
HP,ProBook 470,Notebook,"17.3""",Full HD 1920x1080,Intel Core i5 8250U 1.6GHz,8GB,128GB SSD +  1TB HDD,Nvidia GeForce 930MX,https://via.placeholder.com/200
Dell,Latitude 5590,Ultrabook,"15.6""",IPS Panel Full HD 1920x1080,Intel Core i5 8250U 1.6GHz,8GB,256GB SSD,Intel UHD Graphics 620,https://via.placeholder.com/200
Apple,"MacBook 12""",Ultrabook,"12.0""",IPS Panel Retina Display 2304x1440,Intel Core i5 1.3GHz,8GB,512GB SSD,Intel HD Graphics 615,https://via.placeholder.com/200
HP,ProBook 440,Notebook,"14.0""",Full HD 1920x1080,Intel Core i5 8250U 1.6GHz,8GB,256GB SSD,Intel HD Graphics 620,https://via.placeholder.com/200
Lenovo,IdeaPad 320-15AST,Notebook,"15.6""",Full HD 1920x1080,AMD A6-Series 9220 2.5GHz,4GB,128GB SSD,AMD R4 Graphics,https://via.placeholder.com/200
Acer,Aspire 3,Notebook,"15.6""",1366x768,AMD A9-Series 9420 3GHz,4GB,1TB HDD,AMD Radeon R5,https://via.placeholder.com/200
Dell,Inspiron 7577,Gaming,"15.6""",IPS Panel Full HD 1920x1080,Intel Core i7 7700HQ 2.8GHz,16GB,128GB SSD +  1TB HDD,Nvidia GeForce GTX 1050 Ti,https://via.placeholder.com/200
HP,Pavilion 15-CK000nv,Ultrabook,"15.6""",IPS Panel Full HD 1920x1080,Intel Core i7 8550U 1.8GHz,8GB,256GB SSD,Nvidia GeForce GTX 940MX,https://via.placeholder.com/200
HP,250 G6,Notebook,"15.6""",Full HD 1920x1080,Intel Core i5 7200U 2.5GHz,8GB,256GB SSD,Intel HD Graphics 620,https://via.placeholder.com/200
Asus,FX503VM-E4007T (i7-7700HQ/16GB/1TB,Gaming,"15.6""",IPS Panel Full HD 1920x1080,Intel Core i7 7700HQ 2.8GHz,16GB,128GB SSD +  1TB HDD,Nvidia GeForce GTX 1060,https://via.placeholder.com/200
Dell,XPS 13,Ultrabook,"13.3""",IPS Panel Full HD 1920x1080,Intel Core i7 8550U 1.8GHz,8GB,256GB SSD,Intel UHD Graphics 620,https://via.placeholder.com/200
Asus,FX550IK-DM018T (FX-9830P/8GB/1TB/Radeon,Gaming,"15.6""",Full HD 1920x1080,AMD FX 9830P 3GHz,8GB,1TB HDD,AMD Radeon RX 560,https://via.placeholder.com/200
Acer,Aspire 5,Notebook,"15.6""",Full HD 1920x1080,Intel Core i7 8550U 1.8GHz,8GB,1TB HDD,Nvidia GeForce MX150,https://via.placeholder.com/200
HP,Probook 430,Notebook,"13.3""",Full HD 1920x1080,Intel Core i7 8550U 1.8GHz,16GB,512GB SSD,Intel UHD Graphics 620,https://via.placeholder.com/200
Dell,Inspiron 7577,Gaming,"15.6""",Full HD 1920x1080,Intel Core i5 7300HQ 2.5GHz,8GB,256GB SSD,Nvidia GeForce GTX 1060,https://via.placeholder.com/200
Asus,Zenbook UX430UA,Ultrabook,"14.0""",Full HD 1920x1080,Intel Core i7 7500U 2.7GHz,8GB,256GB SSD,Intel HD Graphics 620,https://via.placeholder.com/200
Acer,Spin 5,2 in 1 Convertible,"13.3""",IPS Panel Full HD / Touchscreen 1920x1080,Intel Core i5 8250U 1.6GHz,8GB,256GB SSD,Intel UHD Graphics 620,https://via.placeholder.com/200
Dell,Inspiron 3567,Notebook,"15.6""",Full HD 1920x1080,Intel Core i7 7500U 2.7GHz,8GB,1TB HDD,AMD Radeon R5 M430,https://via.placeholder.com/200
Dell,Inspiron 3567,Notebook,"15.6""",Full HD 1920x1080,Intel Core i3 6006U 2GHz,4GB,256GB SSD,AMD Radeon R5 M430,https://via.placeholder.com/200
Asus,X541UV-DM1439T (i3-7100U/6GB/256GB/GeForce,Notebook,"15.6""",Full HD 1920x1080,Intel Core i3 7100U 2.4GHz,6GB,256GB SSD,Nvidia GeForce 920M,https://via.placeholder.com/200
HP,Omen 15-ce007nv,Gaming,"15.6""",IPS Panel Full HD 1920x1080,Intel Core i7 7700HQ 2.8GHz,12GB,128GB SSD +  1TB HDD,Nvidia GeForce GTX 1050,https://via.placeholder.com/200
HP,15-bs017nv (i7-7500U/8GB/256GB/Radeon,Notebook,"15.6""",Full HD 1920x1080,Intel Core i7 7500U 2.7GHz,8GB,256GB SSD,AMD Radeon 530,https://via.placeholder.com/200
HP,15-bw000nv (E2-9000e/4GB/500GB/Radeon,Notebook,"15.6""",Full HD 1920x1080,AMD E-Series E2-9000e 1.5GHz,4GB,500GB HDD,AMD Radeon R2,https://via.placeholder.com/200
Dell,Inspiron 3576,Notebook,"15.6""",Full HD 1920x1080,Intel Core i5 8250U 1.6GHz,8GB,1TB HDD,AMD Radeon 520,https://via.placeholder.com/200
HP,Envy 13-ad009n,Ultrabook,"13.3""",IPS Panel Full HD 1920x1080,Intel Core i7 7500U 2.7GHz,8GB,256GB SSD,Nvidia GeForce MX150,https://via.placeholder.com/200
Microsoft,Surface Laptop,Ultrabook,"13.5""",Touchscreen 2256x1504,Intel Core i5 7200U 2.5GHz,8GB,256GB SSD,Intel HD Graphics 620,https://via.placeholder.com/200
HP,Pavilion 14-BK001nv,Notebook,"14.0""",IPS Panel Full HD 1920x1080,Intel Core i5 7200U 2.5GHz,6GB,256GB SSD,Nvidia GeForce 940MX,https://via.placeholder.com/200
Lenovo,Ideapad 310-15ISK,Notebook,"15.6""",Full HD 1920x1080,Intel Core i3 6006U 2GHz,4GB,1TB HDD,Intel HD Graphics 520,https://via.placeholder.com/200
Asus,UX430UQ-GV209R (i7-7500U/8GB/256GB/GeForce,Ultrabook,"14.0""",IPS Panel Full HD 1920x1080,Intel Core i7 7500U 2.7GHz,8GB,256GB SSD,Nvidia GeForce 940MX,https://via.placeholder.com/200
MSI,GP62M 7REX,Gaming,"15.6""",Full HD 1920x1080,Intel Core i7 7700HQ 2.8GHz,16GB,256GB SSD +  1TB HDD,Nvidia GeForce GTX 1050 Ti,https://via.placeholder.com/200
Lenovo,Thinkpad T470,Notebook,"14.0""",IPS Panel Full HD 1920x1080,Intel Core i7 7500U 2.7GHz,8GB,256GB SSD,Intel HD Graphics 620,https://via.placeholder.com/200
Asus,VivoBook S15,Ultrabook,"15.6""",Full HD 1920x1080,Intel Core i7 8550U 1.8GHz,16GB,256GB SSD +  1TB HDD,Nvidia GeForce MX150,https://via.placeholder.com/200
Dell,XPS 13,Ultrabook,"13.3""",Quad HD+ / Touchscreen 3200x1800,Intel Core i7 7560U 2.4GHz,8GB,256GB SSD,Intel Iris Plus Graphics 640,https://via.placeholder.com/200
Lenovo,ThinkPad Yoga,2 in 1 Convertible,"13.3""",IPS Panel Full HD / Touchscreen 1920x1080,Intel Core i5 7200U 2.5GHz,8GB,256GB SSD,Intel HD Graphics 620,https://via.placeholder.com/200
HP,Probook 440,Notebook,"14.0""",IPS Panel 1366x768,Intel Core i5 8250U 1.6GHz,4GB,500GB HDD,Intel UHD Graphics 620,https://via.placeholder.com/200
Dell,XPS 13,Ultrabook,"13.3""",IPS Panel Full HD 1920x1080,Intel Core i5 8250U 1.6GHz,8GB,256GB SSD,Intel UHD Graphics 620,https://via.placeholder.com/200
HP,Spectre x360,2 in 1 Convertible,"13.3""",IPS Panel Full HD / Touchscreen 1920x1080,Intel Core i5 8250U 1.6GHz,8GB,256GB SSD,Intel UHD Graphics 620,https://via.placeholder.com/200
HP,Probook 440,Notebook,"14.0""",Full HD 1920x1080,Intel Core i7 8550U 1.8GHz,8GB,512GB SSD,Intel UHD Graphics 620,https://via.placeholder.com/200
Dell,Inspiron 7570,Notebook,"15.6""",IPS Panel Full HD 1920x1080,Intel Core i7 8550U 1.8GHz,8GB,256GB SSD +  1TB HDD,Nvidia GeForce 940MX,https://via.placeholder.com/200
Asus,X705UV-BX074T (i3-6006U/4GB/1TB/GeForce,Notebook,"17.3""",Full HD 1920x1080,Intel Core i3 6006U 2GHz,4GB,1TB HDD,Nvidia GeForce 920MX,https://via.placeholder.com/200
Asus,VivoBook S15,Notebook,"15.6""",Full HD 1920x1080,Intel Core i7 8550U 1.8GHz,8GB,256GB SSD,Nvidia GeForce 940MX,https://via.placeholder.com/200
Acer,Spin 3,Notebook,"15.6""",IPS Panel Full HD / Touchscreen 1920x1080,Intel Core i3 7100U 2.4GHz,6GB,1TB HDD,Intel HD Graphics 620,https://via.placeholder.com/200
MSI,GS63VR 7RG,Gaming,"15.6""",Full HD 1920x1080,Intel Core i7 7700HQ 2.8GHz,16GB,256GB SSD +  2TB HDD,Nvidia GeForce GTX 1070,https://via.placeholder.com/200
Lenovo,IdeaPad 320-15IKBN,Notebook,"15.6""",Full HD 1920x1080,Intel Core i5 7200U 2.5GHz,8GB,256GB SSD,Nvidia GeForce 940MX,https://via.placeholder.com/200
HP,Probook 470,Notebook,"17.3""",Full HD 1920x1080,Intel Core i7 8550U 1.8GHz,16GB,512GB SSD,Nvidia GeForce 930MX ,https://via.placeholder.com/200
Acer,Aspire 3,Notebook,"15.6""",1366x768,AMD A9-Series 9420 3GHz,4GB,256GB SSD,AMD Radeon R5,https://via.placeholder.com/200
HP,250 G6,Notebook,"15.6""",1366x768,Intel Celeron Dual Core N3060 1.6GHz,4GB,500GB HDD,Intel HD Graphics 400,https://via.placeholder.com/200
HP,Probook 440,Notebook,"14.0""",Full HD 1920x1080,Intel Core i5 8250U 1.6GHz,8GB,1TB HDD,Intel UHD Graphics 620,https://via.placeholder.com/200
Asus,E402WA-GA007T (E2-6110/4GB/64GB/W10,Notebook,"14.0""",1366x768,AMD E-Series 6110 1.5GHz,4GB,64GB SSD,AMD Radeon R2,https://via.placeholder.com/200
Dell,Inspiron 5770,Notebook,"17.3""",Full HD 1920x1080,Intel Core i7 8550U 1.8GHz,16GB,256GB SSD +  2TB HDD,AMD Radeon 530,https://via.placeholder.com/200
HP,ProBook 470,Notebook,"17.3""",Full HD 1920x1080,Intel Core i5 8250U 1.6GHz,8GB,256GB SSD,Intel UHD Graphics 620,https://via.placeholder.com/200
Dell,Inspiron 5567,Notebook,"15.6""",1366x768,Intel Core i5 7200U 2.5GHz,8GB,1TB HDD,AMD Radeon R7 M445,https://via.placeholder.com/200
Dell,Inspiron 3567,Notebook,"15.6""",Full HD 1920x1080,Intel Core i3 6006U 2GHz,4GB,1TB HDD,AMD Radeon R5 M430,https://via.placeholder.com/200
Acer,Swift 3,Ultrabook,"14.0""",IPS Panel Full HD 1920x1080,Intel Core i7 8550U 1.8GHz,8GB,256GB SSD,Intel UHD Graphics 620,https://via.placeholder.com/200
Acer,Aspire A515-51G-37JS,Notebook,"15.6""",Full HD 1920x1080,Intel Core i3 7130U 2.7GHz,4GB,256GB SSD,Nvidia GeForce MX130,https://via.placeholder.com/200
HP,15-BS078nr (i7-7500U/8GB/1TB/W10),Notebook,"15.6""",1366x768,Intel Core i7 7500U 2.7GHz,8GB,1TB HDD,Intel HD Graphics 620,https://via.placeholder.com/200
HP,Probook 440,Notebook,"14.0""",Full HD 1920x1080,Intel Core i7 8550U 1.8GHz,8GB,256GB SSD,Intel UHD Graphics 620,https://via.placeholder.com/200
Lenovo,V110-15IAP (N3350/4GB/1TB/No,Notebook,"15.6""",1366x768,Intel Celeron Dual Core N3350 1.1GHz,4GB,1TB HDD,Intel HD Graphics 500,https://via.placeholder.com/200
Asus,FX753VD-GC086T (i5-7300HQ/8GB/1TB,Gaming,"17.3""",Full HD 1920x1080,Intel Core i5 7300HQ 2.5GHz,8GB,128GB SSD +  1TB HDD,Nvidia GeForce GTX 1050,https://via.placeholder.com/200
Lenovo,IdeaPad 320-15IKBN,Notebook,"15.6""",Full HD 1920x1080,Intel Core i5 7200U 2.5GHz,4GB,1TB HDD,Nvidia GeForce 920MX,https://via.placeholder.com/200
HP,Envy 13-AD007nv,Notebook,"13.3""",IPS Panel Full HD 1920x1080,Intel Core i5 7200U 2.5GHz,4GB,256GB SSD,Intel HD Graphics 620,https://via.placeholder.com/200
Acer,Aspire 5,Notebook,"17.3""",IPS Panel Full HD 1920x1080,Intel Core i3 7130U 2.7GHz,4GB,1TB HDD,Nvidia GeForce MX130,https://via.placeholder.com/200
Lenovo,ThinkPad E480,Notebook,"14.0""",IPS Panel Full HD 1920x1080,Intel Core i5 8250U 1.6GHz,8GB,256GB SSD,AMD Radeon RX 550,https://via.placeholder.com/200
Lenovo,Legion Y520-15IKBN,Gaming,"15.6""",IPS Panel Full HD 1920x1080,Intel Core i7 7700HQ 2.8GHz,8GB,256GB SSD,Nvidia GeForce GTX 1050M,https://via.placeholder.com/200
Toshiba,Satellite Pro,Notebook,"15.6""",1366x768,Intel Core i5 6200U 2.3GHz,4GB,500GB HDD,Intel HD Graphics 520,https://via.placeholder.com/200
HP,255 G6,Notebook,"15.6""",1366x768,AMD A6-Series 9220 2.5GHz,4GB,256GB SSD,AMD Radeon R4 Graphics,https://via.placeholder.com/200
Asus,ZenBook UX430UA,Ultrabook,"14.0""",Full HD 1920x1080,Intel Core i7 8550U 1.8GHz,8GB,256GB SSD,Intel UHD Graphics 620,https://via.placeholder.com/200
HP,EliteBook Folio,Ultrabook,"12.5""",IPS Panel 4K Ultra HD / Touchscreen 3840x2160,Intel Core M 6Y75 1.2GHz,8GB,512GB SSD,Intel HD Graphics 515,https://via.placeholder.com/200
Asus,X541NA (N3350/4GB/1TB/FHD/W10),Notebook,"15.6""",Full HD 1920x1080,Intel Celeron Dual Core N3350 1.1GHz,4GB,1TB HDD,Intel HD Graphics 500,https://via.placeholder.com/200
MSI,GE72MVR 7RG,Gaming,"17.3""",Full HD 1920x1080,Intel Core i7 7700HQ 2.8GHz,16GB,256GB SSD +  1TB HDD,Nvidia GeForce GTX 1070,https://via.placeholder.com/200
Acer,Aspire A315-51,Notebook,"15.6""",1366x768,Intel Core i3 6006U 2GHz,4GB,1TB HDD,Intel HD Graphics 520,https://via.placeholder.com/200
Dell,Inspiron 5577,Gaming,"15.6""",Full HD 1920x1080,Intel Core i7 7700HQ 2.8GHz,16GB,512GB SSD,Nvidia GeForce GTX 1050,https://via.placeholder.com/200
Dell,Inspiron 7567,Gaming,"15.6""",Full HD 1920x1080,Intel Core i7 7700HQ 2.8GHz,8GB,1TB Hybrid,Nvidia GeForce GTX 1050,https://via.placeholder.com/200
Lenovo,V110-15IKB (i5-7200U/4GB/128GB/W10),Notebook,"15.6""",1366x768,Intel Core i5 7200U 2.5GHz,4GB,128GB SSD,Intel HD Graphics 620,https://via.placeholder.com/200
MSI,GE73VR 7RE,Gaming,"17.3""",Full HD 1920x1080,Intel Core i7 7700HQ 2.8GHz,16GB,256GB SSD +  1TB HDD,Nvidia GeForce GTX 1060,https://via.placeholder.com/200
HP,EliteBook 840,Ultrabook,"14.0""",Full HD 1920x1080,Intel Core i5 7500U 2.7GHz,4GB,256GB SSD,Intel HD Graphics 620,https://via.placeholder.com/200
HP,15-BS103nv (i5-8250U/6GB/256GB/Radeon,Notebook,"15.6""",Full HD 1920x1080,Intel Core i5 8250U 1.6GHz,6GB,256GB SSD,AMD Radeon 520,https://via.placeholder.com/200
Lenovo,Yoga 520-14IKB,2 in 1 Convertible,"14.0""",IPS Panel Full HD / Touchscreen 1920x1080,Intel Core i3 7100U 2.4GHz,4GB,256GB SSD,Intel HD Graphics 620,https://via.placeholder.com/200
Asus,ZenBook Flip,2 in 1 Convertible,"13.3""",Full HD / Touchscreen 1920x1080,Intel Core i5 8250U 1.6GHz,8GB,256GB SSD,Intel HD Graphics 620,https://via.placeholder.com/200
Dell,Inspiron 5579,2 in 1 Convertible,"15.6""",Full HD / Touchscreen 1920x1080,Intel Core i7 8550U 1.8GHz,8GB,256GB SSD,Intel UHD Graphics 620,https://via.placeholder.com/200
Toshiba,Satellite Pro,Notebook,"15.6""",1366x768,Intel Core i3 6006U 2.2GHz,4GB,500GB HDD,Intel HD Graphics 520,https://via.placeholder.com/200
Asus,X555BP-XX180T (A9-9420/4GB/1TB/Radeon,Notebook,"15.6""",1366x768,AMD A9-Series 9420 3GHz,4GB,1TB HDD,AMD Radeon R5 M420,https://via.placeholder.com/200
Acer,Aspire A517-51G,Notebook,"17.3""",IPS Panel Full HD 1920x1080,Intel Core i5 8250U 1.6GHz,4GB,256GB SSD,Nvidia GeForce MX150,https://via.placeholder.com/200
Dell,Inspiron 3576,Notebook,"15.6""",Full HD 1920x1080,Intel Core i5 8250U 1.6GHz,8GB,256GB SSD,AMD Radeon 520,https://via.placeholder.com/200
Lenovo,Legion Y520-15IKBN,Gaming,"15.6""",IPS Panel Full HD 1920x1080,Intel Core i7 7700HQ 2.8GHz,16GB,256GB SSD,Nvidia GeForce GTX 1050 Ti,https://via.placeholder.com/200
Acer,Aspire A315-31,Notebook,"15.6""",1366x768,Intel Celeron Dual Core N3350 1.1GHz,4GB,1TB HDD,Intel HD Graphics 500,https://via.placeholder.com/200
MSI,GE63VR 7RE,Gaming,"15.6""",IPS Panel Full HD 1920x1080,Intel Core i7 7700HQ 2.8GHz,16GB,256GB SSD +  1TB HDD,Nvidia GeForce GTX 1060,https://via.placeholder.com/200
Acer,Aspire 3,Notebook,"15.6""",1366x768,Intel Pentium Quad Core N4200 1.1GHz,4GB,1TB HDD,Intel HD Graphics 505,https://via.placeholder.com/200
Dell,Inspiron 5577,Gaming,"15.6""",Full HD 1920x1080,Intel Core i7 7700HQ 2.8GHz,8GB,128GB SSD +  1TB HDD,Nvidia GeForce GTX 1050,https://via.placeholder.com/200
Acer,Aspire A517-51G,Notebook,"17.3""",IPS Panel Full HD 1920x1080,Intel Core i5 8250U 1.6GHz,8GB,256GB SSD,Nvidia GeForce MX150,https://via.placeholder.com/200
HP,ProBook 430,Notebook,"13.3""",IPS Panel Full HD 1920x1080,Intel Core i5 8250U 1.6GHz,4GB,500GB HDD,Intel UHD Graphics 620,https://via.placeholder.com/200
Huawei,MateBook X,Ultrabook,"13.0""",IPS Panel Full HD 2160x1440,Intel Core i5 7200U 2.5GHz,8GB,256GB SSD,Intel HD Graphics 620,https://via.placeholder.com/200
HP,17-bs001nv (i5-7200U/6GB/2TB/Radeon,Notebook,"17.3""",IPS Panel Full HD 1920x1080,Intel Core i5 7200U 2.5GHz,6GB,2TB HDD,AMD Radeon 520,https://via.placeholder.com/200
Lenovo,IdeaPad 320-15AST,Notebook,"15.6""",1366x768,AMD A6-Series 9220 2.9GHz,4GB,500GB HDD,AMD Radeon R4 Graphics,https://via.placeholder.com/200
Toshiba,Satellite Pro,Notebook,"15.6""",1366x768,Intel Core i3 7100U 2.4GHz,4GB,500GB HDD,Intel HD Graphics 620,https://via.placeholder.com/200
HP,ProBook 470,Notebook,"17.3""",Full HD 1920x1080,Intel Core i5 8250U 1.6GHz,8GB,256GB SSD,Nvidia GeForce 930MX,https://via.placeholder.com/200
Dell,Inspiron 3567,Notebook,"15.6""",1366x768,Intel Core i3 7100U 2.4GHz,8GB,1TB HDD,Intel HD Graphics 620,https://via.placeholder.com/200
Acer,Aspire A315-51,Notebook,"15.6""",1366x768,Intel Core i3 6006U 2GHz,4GB,128GB SSD,Intel HD Graphics 520,https://via.placeholder.com/200
MSI,GT80S 6QF-074US,Gaming,"18.4""",Full HD 1920x1080,Intel Core i7 6920HQ 2.9GHz,32GB,512GB SSD +  1TB HDD,Nvidia GTX 980 SLI,https://via.placeholder.com/200
Lenovo,V310-15IKB (i5-7200U/8GB/1TB,Notebook,"15.6""",Full HD 1920x1080,Intel Core i5 7200U 2.5GHz,8GB,128GB SSD +  1TB HDD,AMD R17M-M1-70,https://via.placeholder.com/200
HP,Spectre x360,2 in 1 Convertible,"13.3""",IPS Panel 4K Ultra HD / Touchscreen 3840x2160,Intel Core i5 8250U 1.6GHz,8GB,256GB SSD,Intel UHD Graphics 620,https://via.placeholder.com/200
Dell,Inspiron 5570,Notebook,"15.6""",Full HD 1920x1080,Intel Core i7 8550U 1.8GHz,16GB,256GB SSD +  2TB HDD,AMD Radeon 530,https://via.placeholder.com/200
Dell,XPS 13,Ultrabook,"13.3""",Full HD 1920x1080,Intel Core i5 8250U 1.6GHz,8GB,256GB SSD,Intel UHD Graphics 620,https://via.placeholder.com/200
Lenovo,Yoga 920-13IKB,2 in 1 Convertible,"13.9""",IPS Panel 4K Ultra HD / Touchscreen 3840x2160,Intel Core i7 8550U 1.8GHz,16GB,512GB SSD,Intel UHD Graphics 620,https://via.placeholder.com/200
Toshiba,Satellite Pro,Notebook,"15.6""",1366x768,Intel Core i5 7200U 2.5GHz,8GB,128GB SSD,Intel HD Graphics 620,https://via.placeholder.com/200
Xiaomi,Mi Notebook,Notebook,"15.6""",IPS Panel Full HD 1920x1080,Intel Core i5 8250U 1.6GHz,8GB,256GB SSD,Nvidia GeForce MX150,https://via.placeholder.com/200
Dell,Inspiron 7773,Notebook,"17.3""",Full HD / Touchscreen 1920x1080,Intel Core i7 8550U 1.8GHz,16GB,512GB SSD,Nvidia GeForce 150MX,https://via.placeholder.com/200
Dell,XPS 15,Notebook,"15.6""",4K Ultra HD / Touchscreen 3840x2160,Intel Core i7 7700HQ 2.8GHz,16GB,512GB SSD,Nvidia GeForce GTX 1050,https://via.placeholder.com/200
Lenovo,Legion Y520-15IKBN,Gaming,"15.6""",IPS Panel Full HD 1920x1080,Intel Core i5 7300HQ 2.5GHz,8GB,256GB SSD,Nvidia GeForce GTX 1050,https://via.placeholder.com/200
Acer,Swift 7,Ultrabook,"13.3""",IPS Panel Full HD 1920x1080,Intel Core i5 7Y54 1.2GHz,8GB,256GB SSD,Intel HD Graphics 615,https://via.placeholder.com/200
Dell,Inspiron 5770,Notebook,"17.3""",Full HD 1920x1080,Intel Core i7 8550U 1.8GHz,8GB,128GB SSD +  1TB HDD,AMD Radeon 530,https://via.placeholder.com/200
Lenovo,Thinkpad Yoga,2 in 1 Convertible,"14.0""",Touchscreen 2560x1440,Intel Core i7 7500U 2.7GHz,16GB,1TB SSD,Intel HD Graphics 620,https://via.placeholder.com/200
Vero,K147 (N3350/4GB/32GB/FHD/W10),Notebook,"14.0""",IPS Panel Full HD 1920x1080,Intel Celeron Dual Core N3350 1.1GHz,4GB,32GB Flash Storage,Intel HD Graphics 500,https://via.placeholder.com/200
Xiaomi,Mi Notebook,Ultrabook,"13.3""",IPS Panel Full HD 1920x1080,Intel Core i5 7200U 2.5GHz,8GB,256GB SSD,Nvidia GeForce MX150,https://via.placeholder.com/200
Lenovo,IdeaPad 320-17IKBR,Notebook,"17.3""",1600x900,Intel Core i5 8250U 1.6GHz,8GB,256GB SSD,Nvidia GeForce MX150,https://via.placeholder.com/200
Dell,Inspiron 5379,2 in 1 Convertible,"13.3""",IPS Panel Full HD / Touchscreen 1920x1080,Intel Core i7 8550U 1.8GHz,8GB,1TB HDD,Intel UHD Graphics 620,https://via.placeholder.com/200
HP,ProBook 470,Notebook,"17.3""",IPS Panel Full HD 1920x1080,Intel Core i5 8250U 1.6GHz,8GB,1TB HDD,Nvidia GeForce 930MX,https://via.placeholder.com/200
Razer,Blade Pro,Gaming,"17.3""",4K Ultra HD / Touchscreen 3840x2160,Intel Core i7 7820HK 2.9GHz,32GB,1TB SSD,Nvidia GeForce GTX 1080,https://via.placeholder.com/200
HP,ProBook 430,Notebook,"13.3""",Full HD 1920x1080,Intel Core i5 8250U 1.6GHz,8GB,512GB SSD,Intel UHD Graphics 620,https://via.placeholder.com/200
HP,Omen 17-W295,Gaming,"17.3""",IPS Panel Full HD 1920x1080,Intel Core i7 7700HQ 2.8GHz,16GB,256GB SSD +  1TB HDD,Nvidia GeForce GTX 1050,https://via.placeholder.com/200
HP,Probook 470,Notebook,"17.3""",Full HD 1920x1080,Intel Core i7 8550U 1.8GHz,8GB,256GB SSD,Nvidia GeForce 930MX ,https://via.placeholder.com/200
Dell,Inspiron 7577,Gaming,"15.6""",IPS Panel 4K Ultra HD 3840x2160,Intel Core i7 7700HQ 2.8GHz,16GB,512GB SSD +  1TB HDD,Nvidia GeForce GTX 1060,https://via.placeholder.com/200
Lenovo,V110-15ISK (i5-6200U/4GB/128GB/W10),Notebook,"15.6""",1366x768,Intel Core i5 6200U 2.3GHz,4GB,128GB SSD,Intel HD Graphics 520,https://via.placeholder.com/200
Acer,Aspire E5-576G,Notebook,"15.6""",Full HD 1920x1080,Intel Core i7 7500U 2.7GHz,8GB,1TB HDD,Nvidia GeForce 940MX,https://via.placeholder.com/200
Lenovo,Legion Y720-15IKB,Gaming,"15.6""",IPS Panel Full HD 1920x1080,Intel Core i7 7700HQ 2.8GHz,16GB,512GB SSD +  1TB HDD,Nvidia GeForce GTX 1060,https://via.placeholder.com/200
Dell,Precision 7520,Workstation,"15.6""",4K Ultra HD 3840x2160,Intel Xeon E3-1505M V6 3GHz,16GB,256GB SSD +  1TB HDD,Nvidia Quadro M1200,https://via.placeholder.com/200
Lenovo,Legion Y520-15IKBN,Gaming,"15.6""",Full HD 1920x1080,Intel Core i7 7700HQ 2.8GHz,16GB,512GB SSD,Nvidia GeForce GTX 1060,https://via.placeholder.com/200
Dell,Inspiron 3567,Notebook,"15.6""",Touchscreen 1366x768,Intel Core i3 7100U 2.4GHz,6GB,1TB HDD,Intel HD Graphics 620,https://via.placeholder.com/200
Dell,XPS 13,Ultrabook,"13.3""",IPS Panel 4K Ultra HD / Touchscreen 3840x2160,Intel Core i7 8550U 1.8GHz,8GB,256GB SSD,Intel UHD Graphics 620,https://via.placeholder.com/200
Dell,XPS 13,Ultrabook,"13.3""",Full HD 1920x1080,Intel Core i7 8550U 1.8GHz,8GB,256GB SSD,Intel UHD Graphics 620,https://via.placeholder.com/200
Lenovo,IdeaPad 320-15IKBN,Notebook,"15.6""",1366x768,Intel Core i5 7200U 2.5GHz,8GB,256GB SSD,Intel HD Graphics 620,https://via.placeholder.com/200
Acer,Aspire 7,Notebook,"15.6""",Full HD 1920x1080,Intel Core i7 7700HQ 2.8GHz,8GB,1TB HDD,Nvidia GeForce GTX 1050,https://via.placeholder.com/200
Asus,ROG GL703VD-GC028T,Gaming,"17.3""",Full HD 1920x1080,Intel Core i7 7700HQ 2.8GHz,16GB,256GB SSD +  1TB HDD,Nvidia GeForce GTX 1050,https://via.placeholder.com/200
HP,15-bs018nq (i3-6006U/4GB/500GB/FHD/No,Notebook,"15.6""",Full HD 1920x1080,Intel Core i3 6006U 2GHz,4GB,500GB HDD,Intel HD Graphics 520,https://via.placeholder.com/200
Lenovo,IdeaPad 320-15IKBN,Notebook,"15.6""",Full HD 1920x1080,Intel Core i5 7200U 2.5GHz,8GB,256GB SSD,Intel HD Graphics 620,https://via.placeholder.com/200
Huawei,MateBook X,Ultrabook,"13.0""",IPS Panel Full HD 2160x1440,Intel Core i7 7500U 2.7GHz,8GB,512GB SSD,Intel HD Graphics 620,https://via.placeholder.com/200
Dell,Inspiron 5370,Ultrabook,"13.3""",IPS Panel Full HD 1920x1080,Intel Core i7 8550U 1.8GHz,8GB,256GB SSD,AMD Radeon 530,https://via.placeholder.com/200
Lenovo,IdeaPad 320-17IKB,Notebook,"17.3""",1600x900,Intel Core i5 7200U 2.5GHz,8GB,1TB HDD,Nvidia GeForce GTX 940MX,https://via.placeholder.com/200
HP,Probook 440,Notebook,"14.0""",Full HD 1920x1080,Intel Core i7 8550U 1.8GHz,8GB,256GB SSD,Nvidia GeForce 930MX,https://via.placeholder.com/200
Dell,Latitude 5490,Ultrabook,"14.0""",Full HD 1920x1080,Intel Core i5 8250U 1.6GHz,8GB,256GB SSD,Intel UHD Graphics 620,https://via.placeholder.com/200
Dell,Inspiron 5379,2 in 1 Convertible,"13.3""",Full HD / Touchscreen 1920x1080,Intel Core i7 8550U 1.8GHz,16GB,512GB SSD,Intel UHD Graphics 620,https://via.placeholder.com/200
Dell,Inspiron 3576,Notebook,"15.6""",Full HD 1920x1080,Intel Core i5 8250U 1.6GHz,8GB,256GB SSD,AMD Radeon 520,https://via.placeholder.com/200
Lenovo,Yoga 520-14IKB,2 in 1 Convertible,"14.0""",IPS Panel Full HD 1920x1080,Intel Core i5 8250U 1.6GHz,8GB,256GB SSD,Intel UHD Graphics 620,https://via.placeholder.com/200
Toshiba,Portege Z30-C-16L,Ultrabook,"13.3""",Full HD 1920x1080,Intel Core i7 6500U 2.5GHz,8GB,256GB SSD,Intel HD Graphics 520,https://via.placeholder.com/200
HP,ProBook 450,Notebook,"15.6""",Full HD 1920x1080,Intel Core i5 8250U 1.6GHz,8GB,1TB HDD,Intel UHD Graphics 620,https://via.placeholder.com/200
Dell,Alienware 17,Gaming,"17.3""",IPS Panel Full HD 1920x1080,Intel Core i7 7700HQ 2.8GHz,16GB,256GB SSD +  1TB HDD,Nvidia GeForce GTX 1060,https://via.placeholder.com/200
Acer,Aspire E5-576G,Notebook,"15.6""",Full HD 1920x1080,Intel Core i7 7500U 2.7GHz,8GB,256GB SSD,Nvidia GeForce 940MX,https://via.placeholder.com/200
Dell,Inspiron 5567,Notebook,"15.6""",Full HD / Touchscreen 1920x1080,Intel Core i7 7500U 2.7GHz,16GB,1TB HDD,AMD Radeon R7 M445,https://via.placeholder.com/200
Asus,Vivobook X541UV-DM1217T,Notebook,"15.6""",Full HD 1920x1080,Intel Core i5 7200U 2.5GHz,8GB,256GB SSD,Nvidia GeForce 920MX ,https://via.placeholder.com/200
Asus,K756UX-T4340T (i5-7200U/8GB/500GB,Notebook,"17.3""",Full HD 1920x1080,Intel Core i5 7200U 2.5GHz,8GB,256GB SSD +  500GB HDD,Nvidia GeForce GTX 950M,https://via.placeholder.com/200
HP,ZBook 15u,Notebook,"15.6""",Full HD 1920x1080,Intel Core i7 7500U 2.7GHz,8GB,1TB HDD,AMD FirePro W4190M ,https://via.placeholder.com/200
Asus,Pro P2540UA-XO0198T,Notebook,"15.6""",1366x768,Intel Core i3 7100U 2.4GHz,4GB,1TB HDD,Intel HD Graphics 620,https://via.placeholder.com/200
HP,15-rb013nv (E2-9000e/4GB/500GB/W10),Notebook,"15.6""",1366x768,AMD E-Series 9000e 1.5GHz,4GB,500GB HDD,AMD Radeon R2,https://via.placeholder.com/200
Lenovo,Legion Y720-15IKB,Gaming,"15.6""",IPS Panel Full HD 1920x1080,Intel Core i7 7700HQ 2.8GHz,16GB,256GB SSD +  1TB HDD,Nvidia GeForce GTX 1060,https://via.placeholder.com/200
Dell,Vostro 5468,Notebook,"14.0""",Full HD 1920x1080,Intel Core i5 7200U 2.5GHz,8GB,256GB SSD,Intel HD Graphics 620,https://via.placeholder.com/200
Acer,Aspire R7,2 in 1 Convertible,"13.3""",IPS Panel Full HD / Touchscreen 1920x1080,Intel Core i5 6200U 2.3GHz,8GB,256GB SSD,Intel HD Graphics 520,https://via.placeholder.com/200
Dell,Inspiron 5567,Notebook,"15.6""",Full HD 1920x1080,Intel Core i7 7500U 2.7GHz,16GB,256GB SSD,AMD Radeon R7 M445,https://via.placeholder.com/200
Acer,Aspire A315-51,Notebook,"15.6""",1366x768,Intel Core i3 6006U 2GHz,4GB,1TB HDD,Intel HD Graphics 520,https://via.placeholder.com/200
Asus,X555QG-DM242T (A10-9620P/4GB/1TB,Notebook,"15.6""",Full HD 1920x1080,AMD A10-Series A10-9620P 2.5GHz,4GB,128GB SSD +  1TB HDD,AMD Radeon R5 M430,https://via.placeholder.com/200
Asus,ROG G703VI-E5062T,Gaming,"17.3""",Full HD 1920x1080,Intel Core i7 7820HK 2.9GHz,32GB,512GB SSD +  1TB HDD,Nvidia GeForce GTX 1080,https://via.placeholder.com/200
Acer,Nitro AN515-51,Gaming,"15.6""",IPS Panel Full HD 1920x1080,Intel Core i5 7300HQ 2.5GHz,8GB,256GB SSD,Nvidia GeForce GTX 1050,https://via.placeholder.com/200
Lenovo,IdeaPad 320-15ISK,Notebook,"15.6""",1366x768,Intel Core i3 6006U 2GHz,8GB,128GB SSD,Intel HD Graphics 520,https://via.placeholder.com/200
Asus,VivoBook Pro,Notebook,"17.3""",Full HD 1920x1080,Intel Core i7 8550U 1.8GHz,8GB,128GB SSD +  1TB HDD,Nvidia GeForce 150MX,https://via.placeholder.com/200
Asus,F756UX-T4201D (i7-7500U/8GB/128GB,Notebook,"17.3""",Full HD 1920x1080,Intel Core i7 7500U 2.7GHz,8GB,128GB SSD +  1TB HDD,Nvidia GeForce GTX 950M,https://via.placeholder.com/200
Dell,Inspiron 5577,Gaming,"15.6""",Full HD 1920x1080,Intel Core i5 7300HQ 2.5GHz,8GB,256GB SSD,Nvidia GeForce GTX 1050,https://via.placeholder.com/200
Lenovo,Yoga 910-13IKB,2 in 1 Convertible,"13.9""",IPS Panel Full HD / Touchscreen 1920x1080,Intel Core i7 7500U 2.7GHz,8GB,256GB SSD,Intel HD Graphics 620,https://via.placeholder.com/200
Dell,Inspiron 5570,Notebook,"15.6""",Full HD 1920x1080,Intel Core i7 8550U 1.8GHz,8GB,128GB SSD +  2TB HDD,AMD Radeon 530,https://via.placeholder.com/200
HP,15-bs015dx (i5-7200U/8GB/1TB/W10),Notebook,"15.6""",Touchscreen 1366x768,Intel Core i5 7200U 2.5GHz,8GB,1TB HDD,Intel HD Graphics 620,https://via.placeholder.com/200
Asus,Rog G701VIK-BA060T,Gaming,"17.3""",Full HD 1920x1080,Intel Core i7 7820HK 2.9GHz,16GB,256GB SSD,Nvidia GeForce GTX 1080,https://via.placeholder.com/200
HP,ProBook 430,Notebook,"13.3""",IPS Panel Full HD 1920x1080,Intel Core i5 8250U 1.6GHz,4GB,500GB HDD,Intel UHD Graphics 620,https://via.placeholder.com/200
Apple,MacBook Pro,Ultrabook,"13.3""",IPS Panel Retina Display 2560x1600,Intel Core i5 3.1GHz,8GB,512GB SSD,Intel Iris Plus Graphics 650,https://via.placeholder.com/200
Dell,Inspiron 5579,2 in 1 Convertible,"15.6""",IPS Panel Full HD / Touchscreen 1920x1080,Intel Core i7 8550U 1.8GHz,8GB,1TB HDD,Intel UHD Graphics 620,https://via.placeholder.com/200
Asus,ROG G752VSK-GC493T,Gaming,"17.3""",Full HD 1920x1080,Intel Core i7 7700HQ 2.8GHz,16GB,256GB SSD +  1TB HDD,Nvidia GeForce GTX 980M,https://via.placeholder.com/200
Asus,X505BP-BR019T (A9-9420/4GB/1TB/Radeon,Notebook,"15.6""",1366x768,AMD A9-Series 9420 3GHz,4GB,1TB HDD,AMD Radeon R5 M420,https://via.placeholder.com/200
Lenovo,Yoga 920-13IKB,2 in 1 Convertible,"13.9""",IPS Panel Full HD / Touchscreen 1920x1080,Intel Core i7 8550U 1.8GHz,8GB,512GB SSD,Intel UHD Graphics 620,https://via.placeholder.com/200
Acer,Aspire 5,Notebook,"17.3""",IPS Panel Full HD 1920x1080,Intel Core i3 7130U 2.7GHz,4GB,256GB SSD,Nvidia GeForce MX130,https://via.placeholder.com/200
Dell,Vostro 5370,Ultrabook,"13.3""",Full HD 1920x1080,Intel Core i5 8250U 1.6GHz,8GB,256GB SSD,Intel UHD Graphics 620,https://via.placeholder.com/200
HP,15-BW094nd (A6-9220/8GB/128GB/W10),Notebook,"15.6""",1366x768,AMD A6-Series A6-9220 2.5GHz,8GB,128GB SSD,AMD Radeon R4 Graphics,https://via.placeholder.com/200
HP,Envy 17-U275cl,Notebook,"17.3""",IPS Panel Full HD 1920x1080,Intel Core i7 8550U 1.8GHz,16GB,1TB HDD,Nvidia GeForce MX150,https://via.placeholder.com/200
MSI,GT73EVR 7RE,Gaming,"17.3""",Full HD 1920x1080,Intel Core i7 7700HQ 2.8GHz,16GB,512GB SSD +  1TB HDD,Nvidia GeForce GTX 1070,https://via.placeholder.com/200
Lenovo,Yoga 720-15IKB,2 in 1 Convertible,"15.6""",IPS Panel Full HD / Touchscreen 1920x1080,Intel Core i7 7700HQ 2.8GHz,8GB,512GB SSD,Nvidia GeForce GTX 1050M,https://via.placeholder.com/200
Dell,Inspiron 5770,Notebook,"17.3""",Full HD 1920x1080,Intel Core i7 8550U 1.8GHz,8GB,128GB SSD +  1TB HDD,AMD Radeon 530,https://via.placeholder.com/200
Lenovo,IdeaPad 320-15ISK,Notebook,"15.6""",Full HD 1920x1080,Intel Core i3 6006U 2GHz,4GB,256GB SSD,Intel HD Graphics 520,https://via.placeholder.com/200
HP,ProBook 450,Notebook,"15.6""",IPS Panel Full HD 1920x1080,Intel Core i5 8250U 1.6GHz,4GB,500GB HDD,Intel HD Graphics 620,https://via.placeholder.com/200
Dell,Vostro 3568,Notebook,"15.6""",Full HD 1920x1080,Intel Core i5 7200U 2.5GHz,4GB,1TB HDD,Intel HD Graphics 620,https://via.placeholder.com/200
Dell,Inspiron 3567,Notebook,"15.6""",Full HD 1920x1080,Intel Core i5 7200U 2.5GHz,8GB,1TB HDD,AMD Radeon R5 M430,https://via.placeholder.com/200
Dell,Inspiron 5579,2 in 1 Convertible,"15.6""",Full HD / Touchscreen 1920x1080,Intel Core i5 8250U 1.6GHz,8GB,256GB SSD,Intel UHD Graphics 620,https://via.placeholder.com/200
Asus,ZenBook Flip,2 in 1 Convertible,"13.3""",Full HD / Touchscreen 1920x1080,Intel Core i7 8550U 1.8GHz,8GB,512GB SSD +  512GB SSD,Intel UHD Graphics 620,https://via.placeholder.com/200
Lenovo,IdeaPad 320-15IKBN,Notebook,"15.6""",Full HD 1920x1080,Intel Core i5 7200U 2.5GHz,4GB,1TB HDD,Intel HD Graphics 620,https://via.placeholder.com/200
HP,Probook 470,Notebook,"17.3""",Full HD 1920x1080,Intel Core i7 8550U 1.8GHz,8GB,1TB HDD,Nvidia GeForce 930MX ,https://via.placeholder.com/200
Lenovo,V330-15IKB (i7-8550U/8GB/256GB/FHD/W10),Notebook,"15.6""",Full HD 1920x1080,Intel Core i7 8550U 1.8GHz,8GB,256GB SSD,Intel UHD Graphics 620,https://via.placeholder.com/200
Apple,MacBook Pro,Ultrabook,"13.3""",IPS Panel Retina Display 2560x1600,Intel Core i5 2.9GHz,8GB,512GB SSD,Intel Iris Graphics 550,https://via.placeholder.com/200
Asus,Rog Strix,Gaming,"17.3""",Full HD 1920x1080,AMD Ryzen 1700 3GHz,16GB,256GB SSD +  1TB HDD,AMD Radeon RX 580,https://via.placeholder.com/200
Dell,Inspiron 3576,Notebook,"15.6""",Full HD 1920x1080,Intel Core i7 8550U 1.8GHz,8GB,256GB SSD,AMD Radeon 520,https://via.placeholder.com/200
Lenovo,ThinkPad X1,2 in 1 Convertible,"14.0""",Touchscreen 2560x1440,Intel Core i7 6600U 2.6GHz,16GB,512GB SSD,Intel HD Graphics 520,https://via.placeholder.com/200
Toshiba,Satellite Pro,Notebook,"15.6""",1366x768,Intel Core i7 6500U 2.5GHz,8GB,500GB HDD,Nvidia GeForce 930M,https://via.placeholder.com/200
Dell,Inspiron 5567,Notebook,"15.6""",1366x768,Intel Core i7 7500U 2.7GHz,12GB,1TB HDD,Intel HD Graphics 620,https://via.placeholder.com/200
Dell,Inspiron 5770,Notebook,"17.3""",Full HD 1920x1080,Intel Core i7 8550U 1.8GHz,8GB,128GB SSD +  1TB HDD,AMD Radeon 530,https://via.placeholder.com/200
Acer,Aspire A515-51G,Notebook,"15.6""",IPS Panel Full HD 1920x1080,Intel Core i7 8550U 1.8GHz,8GB,1TB HDD,Nvidia GeForce MX130,https://via.placeholder.com/200
Lenovo,IdeaPad 320-17ISK,Notebook,"17.3""",1600x900,Intel Core i3 6006U 2GHz,4GB,1TB HDD,Intel HD Graphics 520,https://via.placeholder.com/200
Lenovo,IdeaPad 320-17IKBR,Notebook,"17.3""",Full HD 1920x1080,Intel Core i7 8550U 1.8GHz,8GB,2TB HDD,Nvidia GeForce MX150,https://via.placeholder.com/200
Lenovo,IdeaPad 320-17IKB,Notebook,"17.3""",1600x900,Intel Core i7 7500U 2.7GHz,6GB,128GB SSD +  1TB HDD,Nvidia GeForce 940MX,https://via.placeholder.com/200
Dell,Inspiron 3567,Notebook,"15.6""",Full HD 1920x1080,Intel Core i3 6006U 2.0GHz,4GB,1TB HDD,AMD Radeon R5 M430,https://via.placeholder.com/200
Lenovo,Legion Y520-15IKBN,Gaming,"15.6""",IPS Panel Full HD 1920x1080,Intel Core i5 7300HQ 2.5GHz,8GB,256GB SSD,Nvidia GeForce GTX 1050,https://via.placeholder.com/200
Lenovo,Ideapad 320-15IKBN,Notebook,"15.6""",Full HD 1920x1080,Intel Core i5 7200U 2.5GHz,6GB,256GB SSD,Intel HD Graphics 620,https://via.placeholder.com/200
Acer,Aspire A517-51G,Notebook,"15.6""",IPS Panel Full HD 1920x1080,Intel Core i7 8550U 1.8GHz,8GB,256GB SSD,Nvidia GeForce MX150,https://via.placeholder.com/200
Acer,SP315-51 (i7-7500U/12GB/1TB/FHD/W10),Notebook,"15.6""",IPS Panel Full HD / Touchscreen 1920x1080,Intel Core i7 7500U 2.7GHz,12GB,1TB HDD,Intel HD Graphics 620,https://via.placeholder.com/200
Lenovo,Thinkpad T570,Notebook,"15.6""",IPS Panel Full HD 1920x1080,Intel Core i7 7500U 2.7GHz,8GB,256GB SSD,Intel HD Graphics 630,https://via.placeholder.com/200
Asus,VivoBook S15,Ultrabook,"15.6""",Full HD 1920x1080,Intel Core i5 7200U 2.5GHz,8GB,256GB SSD,Nvidia GeForce 940MX,https://via.placeholder.com/200
Lenovo,Legion Y520-15IKBN,Gaming,"15.6""",IPS Panel Full HD 1920x1080,Intel Core i7 7700HQ 2.8GHz,16GB,256GB SSD +  1TB HDD,Nvidia GeForce GTX 1050 Ti,https://via.placeholder.com/200
Lenovo,IdeaPad 320-15IKB,Notebook,"15.6""",Full HD 1920x1080,Intel Core i7 7500U 2.7GHz,8GB,1TB HDD,Nvidia GeForce 940MX,https://via.placeholder.com/200
Acer,Chromebook C910-C2ST,Notebook,"15.6""",1366x768,Intel Celeron Dual Core 3205U 1.5GHz,2GB,16GB SSD,Intel HD Graphics,https://via.placeholder.com/200
Asus,FX753VD-GC071T (i7-7700HQ/8GB/1TB/GeForce,Gaming,"17.3""",Full HD 1920x1080,Intel Core i7 7700HQ 2.8GHz,8GB,1TB HDD,Nvidia GeForce GTX 1050,https://via.placeholder.com/200
HP,17-BS037cl (i3-6006U/8GB/1TB/W10),Notebook,"17.3""",1600x900,Intel Core i3 6006U 2GHz,8GB,1TB HDD,Intel HD Graphics 520,https://via.placeholder.com/200
Dell,XPS 15,Notebook,"15.6""",Full HD 1920x1080,Intel Core i7 7700HQ 2.8GHz,8GB,256GB SSD,Nvidia GeForce GTX 1050,https://via.placeholder.com/200
Lenovo,V330-15IKB (i5-8250U/8GB/256GB/FHD/W10),Notebook,"15.6""",Full HD 1920x1080,Intel Core i5 8250U 1.6GHz,8GB,256GB SSD,Intel UHD Graphics 620,https://via.placeholder.com/200
Lenovo,Legion Y720-15IKB,Gaming,"15.6""",IPS Panel Full HD 1920x1080,Intel Core i7 7700HQ 2.8GHz,8GB,1TB HDD,Nvidia GeForce GTX 1060,https://via.placeholder.com/200
Acer,Aspire A715-71G,Notebook,"15.6""",Full HD 1920x1080,Intel Core i7 7700HQ 2.8GHz,8GB,256GB SSD,Nvidia GeForce GTX 1050 Ti,https://via.placeholder.com/200
Dell,Precision 7720,Workstation,"17.3""",Full HD 1920x1080,Intel Core i7 7820HQ 2.9GHz,16GB,256GB SSD,Nvidia Quadro M1200,https://via.placeholder.com/200
Lenovo,IdeaPad 310-15ABR,Notebook,"15.6""",Full HD 1920x1080,AMD A10-Series 9600P 2.4GHz,6GB,1TB HDD,AMD Radeon R5 430,https://via.placeholder.com/200
Asus,ZenBook UX530UQ-PRO,Ultrabook,"15.6""",Full HD 1920x1080,Intel Core i7 7500U 2.7GHz,16GB,512GB SSD,Nvidia GeForce 940MX,https://via.placeholder.com/200
Asus,VivoBook S14,Notebook,"14.0""",1366x768,Intel Core i3 7100U 2.4GHz,4GB,128GB SSD,Intel HD Graphics 620,https://via.placeholder.com/200
Asus,Rog GL702VS-GC095T,Gaming,"17.3""",Full HD 1920x1080,Intel Core i7 7700HQ 2.8GHz,16GB,256GB SSD +  1TB HDD,Nvidia GeForce GTX 1070,https://via.placeholder.com/200
Lenovo,IdeaPad 320-17IKB,Notebook,"17.3""",1600x900,Intel Core i5 7200U 2.5GHz,6GB,1TB HDD,Nvidia GeForce GTX 940M,https://via.placeholder.com/200
Lenovo,IdeaPad 320-15IKBN,Notebook,"15.6""",1366x768,Intel Core i5 7200U 2.5GHz,8GB,2TB HDD,Nvidia GeForce 940MX,https://via.placeholder.com/200
Asus,GL553VE-FY082T (i7-7700HQ/8GB/1TB,Gaming,"15.6""",Full HD 1920x1080,Intel Core i7 7700HQ 2.8GHz,8GB,128GB SSD +  1TB HDD,Nvidia GeForce GTX 1050 Ti,https://via.placeholder.com/200
Lenovo,IdeaPad 320-15IAP,Notebook,"15.6""",1366x768,Intel Pentium Quad Core N4200 1.1GHz,4GB,1TB HDD,Intel HD Graphics 505,https://via.placeholder.com/200
HP,EliteBook x360,2 in 1 Convertible,"13.3""",Full HD / Touchscreen 1920x1080,Intel Core i7 7600U 2.8GHz,16GB,256GB SSD,Intel HD Graphics 620,https://via.placeholder.com/200
Toshiba,Satellite Pro,Notebook,"15.6""",IPS Panel Full HD 1920x1080,Intel Core i7 6500U 2.5GHz,8GB,256GB SSD,Nvidia GeForce 930M,https://via.placeholder.com/200
Lenovo,IdeaPad 320-15IKB,Notebook,"15.6""",Full HD 1920x1080,Intel Core i5 7200U 2.5GHz,8GB,128GB SSD +  1TB HDD,Nvidia GeForce 940MX,https://via.placeholder.com/200
HP,250 G6,Notebook,"15.6""",Full HD 1920x1080,Intel Core i3 6006U 2GHz,4GB,1TB HDD,Intel HD Graphics 520,https://via.placeholder.com/200
Lenovo,IdeaPad 720S-13IKB,Notebook,"13.3""",IPS Panel Full HD 1920x1080,Intel Core i5 7200U 2.5GHz,8GB,256GB SSD,Intel HD Graphics 620,https://via.placeholder.com/200
Dell,XPS 13,Ultrabook,"13.3""",IPS Panel 4K Ultra HD / Touchscreen 3840x2160,Intel Core i7 8550U 1.8GHz,16GB,1TB SSD,Intel UHD Graphics 620,https://via.placeholder.com/200
MSI,GE63VR 7RF,Gaming,"15.6""",IPS Panel Full HD 1920x1080,Intel Core i7 7700HQ 2.8GHz,16GB,256GB SSD +  1TB HDD,Nvidia GeForce GTX 1070,https://via.placeholder.com/200
Acer,ES1-523-84K7 (A8-7410/8GB/256GB/FHD/W10),Notebook,"15.6""",Full HD 1920x1080,AMD A8-Series 7410 2.2GHz,8GB,256GB SSD,AMD Radeon R5,https://via.placeholder.com/200
Asus,VivoBook Flip,2 in 1 Convertible,"11.6""",Touchscreen 1366x768,Intel Celeron Dual Core N3350 1.1GHz,2GB,32GB Flash Storage,Intel HD Graphics 500,https://via.placeholder.com/200
Dell,Inspiron 5570,Notebook,"15.6""",Full HD 1920x1080,Intel Core i5 8250U 1.6GHz,8GB,128GB SSD +  1TB HDD,AMD Radeon 530,https://via.placeholder.com/200
HP,Spectre x360,2 in 1 Convertible,"13.3""",IPS Panel 4K Ultra HD / Touchscreen 3840x2160,Intel Core i7 8550U 1.8GHz,16GB,1TB SSD,Intel UHD Graphics 620,https://via.placeholder.com/200
Lenovo,ThinkPad 13,Notebook,"13.3""",1366x768,Intel Celeron Dual Core 3855U 1.6GHz,4GB,16GB Flash Storage,Intel HD Graphics 510,https://via.placeholder.com/200
HP,ProBook 640,Notebook,"14.0""",Full HD 1920x1080,Intel Core i5 7200U 2.5GHz,8GB,256GB SSD,Intel HD Graphics 620,https://via.placeholder.com/200
Acer,TravelMate B,Notebook,"11.6""",1366x768,Intel Pentium Quad Core N3710 1.6GHz,4GB,128GB Flash Storage,Intel HD Graphics 405,https://via.placeholder.com/200
HP,Elitebook 840,Notebook,"14.0""",Full HD 1920x1080,Intel Core i7 7500U 2.7GHz,8GB,256GB SSD,Intel HD Graphics 620,https://via.placeholder.com/200
Lenovo,IdeaPad 320-17IKB,Notebook,"17.3""",1600x900,Intel Core i5 7200U 2.5GHz,4GB,1TB HDD,Nvidia GeForce 920MX,https://via.placeholder.com/200
Asus,ZenBook UX410UA-GV183T,Notebook,"14.0""",Full HD 1920x1080,Intel Core i7 7500U 2.7GHz,8GB,256GB SSD,Intel HD Graphics 620,https://via.placeholder.com/200
HP,ProBook 450,Notebook,"15.6""",IPS Panel Full HD 1366x768,Intel Core i7 8550U 1.8GHz,8GB,1TB HDD,Intel UHD Graphics 620,https://via.placeholder.com/200
Acer,Aspire 5,Notebook,"15.6""",1366x768,AMD A12-Series 9720P 2.7GHz,8GB,256GB SSD,AMD Radeon RX 540,https://via.placeholder.com/200
Lenovo,IdeaPad 120S-14IAP,Notebook,"14.0""",1366x768,Intel Celeron Dual Core N3350 1.1GHz,4GB,32GB Flash Storage,Intel HD Graphics 500,https://via.placeholder.com/200
Acer,Aspire E5-575,Notebook,"15.6""",1366x768,Intel Core i5 7200U 2.5GHz,6GB,1TB HDD,Intel HD Graphics 620,https://via.placeholder.com/200
Asus,VivoBook S15,Ultrabook,"15.6""",Full HD 1920x1080,Intel Core i7 7500U 2.7GHz,8GB,256GB SSD,Nvidia GeForce 940MX,https://via.placeholder.com/200
HP,Elitebook 820,Ultrabook,"12.5""",Full HD 1920x1080,Intel Core i7 7500U 2.7GHz,8GB,256GB SSD,Intel HD Graphics 620,https://via.placeholder.com/200
Dell,XPS 15,Notebook,"15.6""",4K Ultra HD / Touchscreen 3840x2160,Intel Core i7 7700HQ 2.8GHz,32GB,1TB SSD,Nvidia GeForce GTX 1050,https://via.placeholder.com/200
MSI,GL72M 7REX,Gaming,"17.3""",Full HD 1920x1080,Intel Core i7 7700HQ 2.8GHz,8GB,256GB SSD +  1TB HDD,Nvidia GeForce GTX 1050 Ti,https://via.placeholder.com/200
Toshiba,Satellite Pro,Notebook,"15.6""",IPS Panel Full HD 1920x1080,Intel Core i5 7200U 2.5GHz,8GB,256GB SSD,Intel HD Graphics 620,https://via.placeholder.com/200
Asus,UX510UX-CN269T (i7-7500U/8GB/256GB,Notebook,"14.0""",Full HD 1920x1080,Intel Core i7 7500U 2.7GHz,8GB,256GB SSD +  1TB HDD,Intel HD Graphics 620,https://via.placeholder.com/200
Lenovo,V310-15ISK (i3-6006U/4GB/1TB/FHD/W10),Notebook,"15.6""",Full HD 1920x1080,Intel Core i3 6006U 2GHz,4GB,1TB HDD,Intel HD Graphics 520,https://via.placeholder.com/200
Asus,FX553VD-FY647T (i7-7700HQ/8GB/256GB/GeForce,Gaming,"15.6""",Full HD 1920x1080,Intel Core i7 7700HQ 2.8GHz,8GB,256GB SSD,Nvidia GeForce GTX 1050,https://via.placeholder.com/200
HP,EliteBook 840,Notebook,"14.0""",Full HD 1920x1080,Intel Core i5 7300U 2.6GHz,8GB,256GB SSD,Intel HD Graphics 620,https://via.placeholder.com/200
Dell,Inspiron 7570,Ultrabook,"15.6""",IPS Panel Full HD 1920x1080,Intel Core i5 8250U 1.6GHz,8GB,128GB SSD +  1TB HDD,Nvidia GeForce 940MX,https://via.placeholder.com/200
HP,Elitebook 850,Notebook,"15.6""",Full HD 1920x1080,Intel Core i5 7200U 2.5GHz,8GB,256GB SSD,Intel HD Graphics 620,https://via.placeholder.com/200
Asus,X541NA (N3350/4GB/1TB/Linux),Notebook,"15.6""",1366x768,Intel Celeron Dual Core N3350 1.1GHz,4GB,1TB HDD,Intel HD Graphics 500,https://via.placeholder.com/200
Dell,Inspiron 7570,Notebook,"15.6""",Full HD 1920x1080,Intel Core i5 8250U 1.6GHz,8GB,256GB SSD,Nvidia GeForce 940MX,https://via.placeholder.com/200
Dell,Inspiron 3552,Notebook,"15.6""",1366x768,Intel Celeron Dual Core N3060 1.6GHz,4GB,500GB HDD,Intel HD Graphics,https://via.placeholder.com/200
Lenovo,IdeaPad 320-15ABR,Notebook,"15.6""",Full HD 1920x1080,AMD A12-Series 9720P 3.6GHz,12GB,2TB HDD,AMD Radeon 530,https://via.placeholder.com/200
HP,ProBook 450,Notebook,"15.6""",IPS Panel Full HD 1920x1080,Intel Core i3 7100U 2.4GHz,8GB,1TB HDD,Nvidia GeForce 930MX ,https://via.placeholder.com/200
Lenovo,Yoga 920-13IKB,2 in 1 Convertible,"13.9""",IPS Panel 4K Ultra HD / Touchscreen 3840x2160,Intel Core i7 8550U 1.8GHz,16GB,512GB SSD,Intel UHD Graphics 620,https://via.placeholder.com/200
Dell,XPS 13,Ultrabook,"13.3""",Full HD 1920x1080,Intel Core i7 8550U 1.8GHz,8GB,256GB SSD,Intel UHD Graphics 620,https://via.placeholder.com/200
Lenovo,Legion Y520-15IKBN,Gaming,"15.6""",IPS Panel Full HD 1920x1080,Intel Core i7 7700HQ 2.8GHz,16GB,256GB SSD +  2TB HDD,Nvidia GeForce GTX 1050 Ti,https://via.placeholder.com/200
HP,Stream 14-AX001nv,Notebook,"14.0""",1366x768,Intel Celeron Dual Core N3060 1.6GHz,2GB,32GB Flash Storage,Intel HD Graphics 400,https://via.placeholder.com/200
Dell,Latitude 5590,Ultrabook,"15.6""",Full HD 1920x1080,Intel Core i7 8650U 1.9GHz,16GB,512GB SSD +  256GB SSD,Intel UHD Graphics 620,https://via.placeholder.com/200
Asus,VivoBook Flip,2 in 1 Convertible,"11.6""",Touchscreen 1366x768,Intel Celeron Dual Core N3350 1.1GHz,4GB,32GB Flash Storage,Intel HD Graphics 500,https://via.placeholder.com/200
Dell,Inspiron 5570,Ultrabook,"15.6""",Full HD 1920x1080,Intel Core i5 8250U 1.6GHz,8GB,1TB HDD,AMD Radeon 530,https://via.placeholder.com/200
Dell,XPS 15,Notebook,"15.6""",4K Ultra HD / Touchscreen 3840x2160,Intel Core i7 7700HQ 2.8GHz,16GB,512GB SSD,Nvidia GeForce GTX 1050,https://via.placeholder.com/200
HP,Elitebook 850,Notebook,"15.6""",Full HD 1920x1080,Intel Core i7 7500U 2.7GHz,8GB,256GB SSD,Intel HD Graphics 620,https://via.placeholder.com/200
MSI,GP72MVR 7RFX,Gaming,"17.3""",Full HD 1920x1080,Intel Core i7 7700HQ 2.8GHz,8GB,128GB SSD +  1TB HDD,Nvidia GeForce GTX 1060,https://via.placeholder.com/200
HP,Zbook 15,Workstation,"15.6""",Full HD 1920x1080,Intel Core i7 7700HQ 2.8GHz,8GB,256GB SSD,Nvidia Quadro M1200,https://via.placeholder.com/200
Toshiba,Tecra A50-C-21G,Notebook,"15.6""",IPS Panel Full HD 1920x1080,Intel Core i7 6500U 2.5GHz,16GB,512GB SSD,Nvidia GeForce 930M,https://via.placeholder.com/200
Dell,Inspiron 5570,Notebook,"15.6""",Full HD 1920x1080,Intel Core i7 8550U 1.8GHz,8GB,128GB SSD +  2TB HDD,AMD Radeon 530,https://via.placeholder.com/200
Lenovo,IdeaPad 320-15IAP,Notebook,"15.6""",1366x768,Intel Celeron Dual Core N3350 1.1GHz,4GB,1TB HDD,Intel HD Graphics 500,https://via.placeholder.com/200
Dell,Inspiron 7577,Gaming,"15.6""",Full HD 1920x1080,Intel Core i5 7300HQ 2.5GHz,8GB,1TB HDD,Nvidia GeForce GTX 1050,https://via.placeholder.com/200
Dell,Inspiron 3567,Notebook,"15.6""",Touchscreen 1366x768,Intel Core i5 7200U 2.5GHz,8GB,2TB HDD,Intel HD Graphics 620,https://via.placeholder.com/200
Dell,Latitude 7480,Notebook,"14.0""",Full HD 1920x1080,Intel Core i5 7300U 2.6GHz,8GB,256GB SSD,Intel HD Graphics 620,https://via.placeholder.com/200
HP,250 G6,Notebook,"15.6""",1366x768,Intel Core i3 6006U 2GHz,4GB,500GB HDD,Intel HD Graphics 520,https://via.placeholder.com/200
Asus,Zenbook UX410UA-GV027T,Notebook,"14.0""",Full HD 1920x1080,Intel Core i5 7200U 2.5GHz,8GB,256GB SSD,Intel HD Graphics 620,https://via.placeholder.com/200
Lenovo,IdeaPad 320-17IKB,Notebook,"17.3""",1600x900,Intel Core i5 7200U 2.5GHz,6GB,128GB SSD +  1TB HDD,Nvidia GeForce GTX 940MX,https://via.placeholder.com/200
HP,250 G6,Notebook,"15.6""",Full HD 1920x1080,Intel Core i5 7200U 2.5GHz,8GB,1TB HDD,Intel HD Graphics 620,https://via.placeholder.com/200
Lenovo,IdeaPad 320-15ISK,Notebook,"15.6""",1366x768,Intel Core i3 6006U 2GHz,8GB,256GB SSD,Nvidia GeForce 920MX ,https://via.placeholder.com/200
HP,15-AY023na (N3710/8GB/2TB/W10),Notebook,"15.6""",1366x768,Intel Pentium Quad Core N3710 1.6GHz,8GB,2TB HDD,Intel HD Graphics 405,https://via.placeholder.com/200
Dell,Inspiron 5770,Notebook,"17.3""",Full HD 1920x1080,Intel Core i5 8250U 1.6GHz,8GB,128GB SSD +  1TB HDD,AMD Radeon 530,https://via.placeholder.com/200
Lenovo,Legion Y520-15IKBN,Gaming,"15.6""",IPS Panel Full HD 1920x1080,Intel Core i5 7300HQ 2.5GHz,8GB,128GB SSD +  1TB HDD,Nvidia GeForce GTX 1050,https://via.placeholder.com/200
Dell,Inspiron 5567,Notebook,"15.6""",Full HD 1920x1080,Intel Core i7 7500U 2.7GHz,8GB,256GB SSD,AMD Radeon R7 M445,https://via.placeholder.com/200
HP,Elitebook 1040,Ultrabook,"14.0""",IPS Panel Full HD 1920x1080,Intel Core i7 7500U 2.7GHz,8GB,256GB SSD,Intel HD Graphics 620,https://via.placeholder.com/200
Asus,ZenBook Flip,2 in 1 Convertible,"15.6""",Full HD / Touchscreen 1920x1080,Intel Core i7 7500U 2.7GHz,12GB,512GB SSD +  2TB HDD,Nvidia GeForce GT 940MX,https://via.placeholder.com/200
Acer,Aspire 3,Notebook,"15.6""",1366x768,AMD A9-Series 9420 3GHz,4GB,128GB SSD,AMD Radeon R5,https://via.placeholder.com/200
Asus,Rog Strix,Gaming,"17.3""",IPS Panel Full HD 1920x1080,AMD Ryzen 1700 3GHz,16GB,256GB SSD +  1TB HDD,AMD Radeon RX 580,https://via.placeholder.com/200
Lenovo,IdeaPad 110-17ACL,Notebook,"17.3""",1600x900,AMD A8-Series 7410 2.2GHz,4GB,128GB SSD,AMD Radeon R5,https://via.placeholder.com/200
Dell,Inspiron 5379,2 in 1 Convertible,"13.3""",Full HD / Touchscreen 1920x1080,Intel Core i7 8550U 1.8GHz,8GB,256GB SSD,Intel UHD Graphics 620,https://via.placeholder.com/200
HP,15-bw003nv (A9-Series-9420/4GB/256GB/FHD/W10),Notebook,"15.6""",Full HD 1920x1080,AMD A9-Series 9420 3GHz,4GB,256GB SSD,AMD Radeon R5,https://via.placeholder.com/200
Lenovo,Yoga 11e,Netbook,"11.6""",IPS Panel 1366x768,Intel Celeron Quad Core N3450 1.1GHz,4GB,128GB SSD,Intel HD Graphics 500,https://via.placeholder.com/200
Dell,Inspiron 3552,Notebook,"15.6""",1366x768,Intel Celeron Dual Core N3060 1.60GHz,4GB,500GB HDD,Intel HD Graphics 400,https://via.placeholder.com/200
Asus,VivoBook E403NA,Notebook,"14.0""",1366x768,Intel Celeron Dual Core N3350 1.1GHz,4GB,32GB Flash Storage,Intel HD Graphics 500,https://via.placeholder.com/200
Acer,Aspire 7,Notebook,"15.6""",Full HD 1920x1080,Intel Core i7 7700HQ 2.8GHz,8GB,1TB HDD,Nvidia GeForce GTX 1050,https://via.placeholder.com/200
HP,Omen 17-w212nv,Gaming,"17.3""",IPS Panel Full HD 1920x1080,Intel Core i7 7700HQ 2.8GHz,8GB,128GB SSD +  1TB HDD,Nvidia GeForce GTX 1050,https://via.placeholder.com/200
Lenovo,V310-15ISK (i3-6006U/4GB/128GB/FHD/No,Notebook,"15.6""",Full HD 1920x1080,Intel Core i3 6006U 2GHz,4GB,128GB SSD,Intel HD Graphics 520,https://via.placeholder.com/200
Asus,ROG Strix,Gaming,"15.6""",IPS Panel Full HD 1920x1080,Intel Core i7 7700HQ 2.8GHz,8GB,128GB SSD +  1TB HDD,Nvidia GeForce GTX 1060,https://via.placeholder.com/200
Lenovo,IdeaPad 720S-14IKB,Notebook,"14.0""",IPS Panel Full HD 1920x1080,Intel Core i5 7200U 2.5GHz,8GB,256GB SSD,Nvidia GeForce 940MX,https://via.placeholder.com/200
Asus,Zenbook Flip,Ultrabook,"13.3""",Full HD / Touchscreen 1920x1080,Intel Core i7 7500U 2.7GHz,16GB,512GB SSD,Intel HD Graphics 620,https://via.placeholder.com/200
Lenovo,Thinkpad X1,Ultrabook,"14.0""",IPS Panel 2560x1440,Intel Core i7 7500U 2.7GHz,8GB,512GB SSD,Intel HD Graphics 620,https://via.placeholder.com/200
Lenovo,Ideapad 510S-13IKB,Notebook,"13.3""",IPS Panel Full HD 1920x1080,Intel Core i3 7100U 2.4GHz,4GB,128GB SSD,Intel HD Graphics 620,https://via.placeholder.com/200
Dell,Precision 3510,Workstation,"15.6""",Full HD 1920x1080,Intel Core i5 6440HQ 2.6GHz,8GB,500GB HDD,AMD FirePro W5130M,https://via.placeholder.com/200
Dell,Precision 5520,Workstation,"15.6""",IPS Panel Full HD 1920x1080,Intel Core i7 6820HQ 2.7GHz,8GB,256GB SSD,Nvidia Quadro M1200,https://via.placeholder.com/200
Lenovo,ThinkPad X1,2 in 1 Convertible,"14.0""",Touchscreen 2560x1440,Intel Core i7 7500U 2.7GHz,16GB,512GB SSD,Intel HD Graphics 620,https://via.placeholder.com/200
Asus,Rog GL753VD-GC042T,Gaming,"17.3""",Full HD 1920x1080,Intel Core i7 7700HQ 2.8GHz,8GB,1TB HDD,Nvidia GeForce GTX 1050,https://via.placeholder.com/200
Asus,Rog GL753VE-GC070T,Gaming,"17.3""",Full HD 1920x1080,Intel Core i7 7700HQ 2.8GHz,16GB,256GB SSD +  1TB HDD,Nvidia GeForce GTX 1050 Ti,https://via.placeholder.com/200
Acer,Aspire 5,Notebook,"15.6""",IPS Panel 1366x768,Intel Core i5 8250U 1.6GHz,12GB,1TB HDD,Nvidia GeForce MX130,https://via.placeholder.com/200
MSI,Leopard GP72M,Gaming,"17.3""",Full HD 1920x1080,Intel Core i7 7700HQ 2.8GHz,8GB,256GB SSD,Nvidia GeForce GTX 1050 Ti,https://via.placeholder.com/200
Dell,Inspiron 5567,Notebook,"15.6""",Full HD 1920x1080,Intel Core i7 7500U 2.7GHz,8GB,256GB SSD,AMD Radeon R7 M445,https://via.placeholder.com/200
HP,15-BW004nv (A9-9420/4GB/256GB/Radeon,Ultrabook,"15.6""",Full HD 1920x1080,AMD A9-Series 9420 3GHz,4GB,256GB SSD,AMD Radeon 520,https://via.placeholder.com/200
Lenovo,ThinkPad E580,Notebook,"15.6""",IPS Panel Full HD 1920x1080,Intel Core i7 8550U 1.8GHz,8GB,256GB SSD,AMD Radeon RX 550,https://via.placeholder.com/200
Lenovo,ThinkPad L470,Notebook,"14.0""",IPS Panel Full HD 1920x1080,Intel Core i5 7200U 2.5GHz,8GB,256GB SSD,Intel HD Graphics 620,https://via.placeholder.com/200
Dell,Precision M5520,Workstation,"15.6""",4K Ultra HD / Touchscreen 3840x2160,Intel Core i7 7700HQ 2.8GHz,8GB,256GB SSD,Nvidia Quadro M1200,https://via.placeholder.com/200
Lenovo,Thinkpad X1,Ultrabook,"14.0""",IPS Panel 2560x1440,Intel Core i7 7500U 2.7GHz,16GB,1TB SSD,Intel HD Graphics 620,https://via.placeholder.com/200
Lenovo,IdeaPad 320-15IAP,Notebook,"15.6""",1366x768,Intel Celeron Dual Core N3350 1.1GHz,4GB,1TB HDD,Intel HD Graphics 500,https://via.placeholder.com/200
Asus,FX753VD-GC461T (i7-7700HQ/16GB/1TB,Gaming,"17.3""",Full HD 1920x1080,Intel Core i7 7700HQ 2.8GHz,16GB,256GB SSD +  1TB HDD,Nvidia GeForce GTX 1050,https://via.placeholder.com/200
Lenovo,ThinkPad E580,Notebook,"15.6""",IPS Panel Full HD 1920x1080,Intel Core i5 8250U 1.6GHz,8GB,256GB SSD +  1TB HDD,AMD Radeon RX 550,https://via.placeholder.com/200
Acer,Aspire 7,Notebook,"15.6""",Full HD 1920x1080,Intel Core i7 7700HQ 2.8GHz,8GB,256GB SSD,Nvidia GeForce GTX 1050,https://via.placeholder.com/200
MSI,GE73VR 7RF,Gaming,"17.3""",Full HD 1920x1080,Intel Core i7 7700HQ 2.8GHz,16GB,256GB SSD +  1TB HDD,Nvidia GeForce GTX 1070,https://via.placeholder.com/200
Asus,Zenbook 3,Ultrabook,"14.0""",Full HD 1920x1080,Intel Core i7 7500U 2.7GHz,8GB,512GB SSD,Intel HD Graphics 620,https://via.placeholder.com/200
Toshiba,Portege Z30-C-16P,Ultrabook,"13.3""",Full HD 1920x1080,Intel Core i7 6500U 2.5GHz,16GB,512GB SSD,Intel HD Graphics 520,https://via.placeholder.com/200
Dell,Latitude 7480,Ultrabook,"14.0""",Full HD 1920x1080,Intel Core i7 7600U 2.8GHz,8GB,512GB SSD,Intel HD Graphics,https://via.placeholder.com/200
Lenovo,IdeaPad 320-15ISK,Notebook,"15.6""",Full HD 1920x1080,Intel Core i3 6006U 2GHz,4GB,500GB HDD,Intel HD Graphics 520,https://via.placeholder.com/200
Lenovo,Lenovo IdeaPad,Notebook,"11.6""",1366x768,Intel Celeron Dual Core N3350 1.1GHz,2GB,32GB Flash Storage,Intel HD Graphics 500,https://via.placeholder.com/200
Lenovo,ThinkPad P51,Workstation,"15.6""",Full HD 1920x1080,Intel Core i7 7700HQ 2.8GHz,8GB,512GB SSD,Nvidia Quadro M1200,https://via.placeholder.com/200
Lenovo,Thinkpad T470p,Ultrabook,"14.0""",IPS Panel Full HD 2560x1440,Intel Core i7 7700HQ 2.8GHz,8GB,512GB SSD,Nvidia GeForce GT 940MX,https://via.placeholder.com/200
HP,15-BS028nv (i3-6006U/4GB/1TB/Radeon,Notebook,"15.6""",Full HD 1920x1080,Intel Core i3 6006U 2GHz,4GB,1TB HDD,AMD Radeon 520,https://via.placeholder.com/200
Acer,Aspire R7,2 in 1 Convertible,"13.3""",IPS Panel Full HD / Touchscreen 1920x1080,Intel Core i7 6500U 2.5GHz,8GB,256GB SSD,Intel HD Graphics 520,https://via.placeholder.com/200
Asus,ZenBook Flip,2 in 1 Convertible,"13.3""",IPS Panel Full HD / Touchscreen 1920x1080,Intel Core i5 7200U 2.5GHz,8GB,256GB SSD,Intel HD Graphics 620,https://via.placeholder.com/200
Dell,Inspiron 3567,Notebook,"15.6""",Full HD 1920x1080,Intel Core i5 7200U 2.5GHz,4GB,256GB SSD,AMD Radeon R5 M430,https://via.placeholder.com/200
Dell,Latitude 3380,Notebook,"13.3""",1366x768,Intel Core i3 6006U 2GHz,4GB,128GB SSD,Intel HD Graphics 520,https://via.placeholder.com/200
HP,EliteBook 1040,Ultrabook,"14.0""",Full HD 1920x1080,Intel Core i7 6500U 2.5GHz,8GB,256GB SSD,Intel HD Graphics 520,https://via.placeholder.com/200
Dell,Inspiron 3567,Notebook,"15.6""",1366x768,Intel Core i5 7200U 2.5GHz,8GB,1TB HDD,Intel HD Graphics 620,https://via.placeholder.com/200
Lenovo,ThinkPad E480,Ultrabook,"14.0""",IPS Panel Full HD 1920x1080,Intel Core i7 8550U 1.8GHz,8GB,256GB SSD,AMD Radeon RX 550,https://via.placeholder.com/200
Lenovo,Yoga 720-15IKB,2 in 1 Convertible,"15.6""",IPS Panel 4K Ultra HD / Touchscreen 3840x2160,Intel Core i7 7700HQ 2.8GHz,16GB,512GB SSD,Nvidia GeForce GTX 1050,https://via.placeholder.com/200
Chuwi,LapBook 12.3,Notebook,"12.3""",IPS Panel Retina Display 2736x1824,Intel Celeron Quad Core N3450 1.1GHz,6GB,64GB Flash Storage,Intel HD Graphics 500,https://via.placeholder.com/200
HP,ProBook 650,Notebook,"15.6""",Full HD 1920x1080,Intel Core i7 7820HQ 2.9GHz,8GB,256GB SSD,Intel HD Graphics 630,https://via.placeholder.com/200
Asus,X542UQ-DM117 (i3-7100U/8GB/1TB/GeForce,Notebook,"15.6""",Full HD 1920x1080,Intel Core i3 7100U 2.4GHz,8GB,1TB HDD,Nvidia GeForce 940MX,https://via.placeholder.com/200
Dell,Alienware 17,Gaming,"17.3""",IPS Panel 2560x1440,Intel Core i7 7820HK 2.9GHz,16GB,256GB SSD +  1TB HDD,Nvidia GeForce GTX 1070,https://via.placeholder.com/200
Dell,Inspiron 7577,Gaming,"15.6""",IPS Panel Full HD 1920x1080,Intel Core i7 7700HQ 2.8GHz,8GB,128GB SSD +  1TB HDD,Nvidia GeForce GTX 1050 Ti,https://via.placeholder.com/200
Dell,Inspiron 5570,Notebook,"15.6""",Full HD 1920x1080,Intel Core i7 8550U 1.8GHz,8GB,256GB SSD +  2TB HDD,AMD Radeon 530,https://via.placeholder.com/200
Dell,Latitude 5480,Ultrabook,"14.0""",Full HD 1920x1080,Intel Core i7 7600U 2.8GHz,8GB,256GB SSD,Intel HD Graphics 620,https://via.placeholder.com/200
HP,Omen 17-w207nv,Gaming,"17.3""",Full HD 1920x1080,Intel Core i7 7700HQ 2.8GHz,12GB,256GB SSD +  1TB HDD,Nvidia GeForce GTX 1070,https://via.placeholder.com/200
Mediacom,FlexBook Edge,2 in 1 Convertible,"11.6""",IPS Panel Full HD / Touchscreen 1920x1080,Intel Celeron Dual Core N3350 1.1GHz,4GB,32GB SSD,Intel HD Graphics 500,https://via.placeholder.com/200
Samsung,Chromebook 3,Netbook,"11.6""",1366x768,Intel Celeron Dual Core N3060 1.6GHz,4GB,16GB Flash Storage,Intel HD Graphics 400,https://via.placeholder.com/200
Lenovo,Thinkpad 13,Notebook,"13.3""",IPS Panel Full HD 1920x1080,Intel Core i7 7500U 2.7GHz,8GB,256GB SSD,Intel HD Graphics 620,https://via.placeholder.com/200
Lenovo,IdeaPad 320s-14IKB,Notebook,"14.0""",IPS Panel Full HD 1920x1080,Intel Core i3 7130U 2.7GHz,4GB,128GB SSD,Intel HD Graphics 620,https://via.placeholder.com/200
Lenovo,Thinkpad T570,Workstation,"15.6""",IPS Panel 4K Ultra HD 3840x2160,Intel Core i7 7600U 2.8GHz,16GB,512GB SSD,Nvidia GeForce 940MX,https://via.placeholder.com/200
Lenovo,Thinkpad P51,Notebook,"15.6""",Full HD 1920x1080,Intel Core i7 7820HQ 2.9GHz,16GB,512GB SSD,Nvidia Quadro M2200M,https://via.placeholder.com/200
Asus,Rog Strix,Gaming,"17.3""",Full HD 1920x1080,AMD Ryzen 1600 3.2GHz,8GB,256GB SSD +  1TB HDD,AMD Radeon RX 580,https://via.placeholder.com/200
HP,15-ra044nv (N3060/4GB/500GB/W10),Notebook,"15.6""",1366x768,Intel Celeron Dual Core N3060 1.6GHz,4GB,500GB HDD,Intel HD Graphics 400,https://via.placeholder.com/200
Google,Pixelbook (Core,Ultrabook,"12.3""",Touchscreen 2400x1600,Intel Core i7 7Y75 1.3GHz,16GB,512GB SSD,Intel HD Graphics 615,https://via.placeholder.com/200
Lenovo,ThinkPad T470s,Ultrabook,"14.0""",2560x1440,Intel Core i7 7500U 2.7GHz,24GB,512GB SSD,Intel HD Graphics 620,https://via.placeholder.com/200
Asus,VivoBook Max,Notebook,"15.6""",Full HD 1920x1080,Intel Core i5 7200U 2.5GHz,4GB,256GB SSD,Intel HD Graphics 620,https://via.placeholder.com/200
Lenovo,IdeaPad 320-15AST,Notebook,"17.3""",1600x900,AMD A6-Series 9220 2.5GHz,8GB,1TB HDD,AMD Radeon R4,https://via.placeholder.com/200
Dell,Inspiron 5570,Notebook,"15.6""",Full HD 1920x1080,Intel Core i5 8250U 1.6GHz,4GB,256GB SSD,AMD Radeon 530,https://via.placeholder.com/200
Lenovo,ThinkPad X270,Ultrabook,"12.5""",IPS Panel Full HD 1920x1080,Intel Core i5 7200U 2.5GHz,8GB,256GB SSD,Intel HD Graphics 620,https://via.placeholder.com/200
Lenovo,IdeaPad 320-15IAP,Notebook,"15.6""",Full HD 1920x1080,Intel Pentium Quad Core N4200 1.1GHz,4GB,128GB SSD,Intel HD Graphics 505,https://via.placeholder.com/200
HP,Omen 15-AX205na,Gaming,"15.6""",IPS Panel Full HD 1920x1080,Intel Core i7 7700HQ 2.8GHz,8GB,128GB SSD +  1TB HDD,Nvidia GeForce GTX 1050,https://via.placeholder.com/200
Dell,Latitude 5480,Notebook,"14.0""",Full HD 1920x1080,Intel Core i5 7440HQ 2.8GHz,8GB,256GB SSD,Nvidia GeForce 930MX,https://via.placeholder.com/200
Acer,Aspire ES1-572,Notebook,"15.6""",1366x768,Intel Core i5 7200U 2.5GHz,4GB,500GB HDD,Intel HD Graphics 620,https://via.placeholder.com/200
Dell,Precision 3520,Workstation,"15.6""",Full HD 1920x1080,Intel Xeon E3-1505M V6 3GHz,8GB,64GB Flash Storage +  1TB HDD,Nvidia Quadro M620,https://via.placeholder.com/200
MSI,GV62 7RD-1686NL,Gaming,"15.6""",Full HD 1920x1080,Intel Core i5 7300HQ 2.5GHz,8GB,256GB SSD,Nvidia GeForce GTX 1050,https://via.placeholder.com/200
Microsoft,Surface Laptop,Ultrabook,"13.5""",Touchscreen 2256x1504,Intel Core i7 7660U 2.5GHz,16GB,512GB SSD,Intel Iris Plus Graphics 640,https://via.placeholder.com/200
HP,15-bs024nv (i5-7200U/8GB/128GB/W10),Notebook,"15.6""",1366x768,Intel Core i5 7200U 2.5GHz,8GB,128GB SSD,Intel HD Graphics 620,https://via.placeholder.com/200
Dell,Precision 3520,Workstation,"15.6""",IPS Panel Full HD 1920x1080,Intel Core i7 6820HQ 2.7GHz,16GB,256GB SSD,Nvidia Quadro M620,https://via.placeholder.com/200
HP,ProBook 650,Workstation,"15.6""",IPS Panel Full HD 1920x1080,Intel Core i7 7820HQ 2.9GHz,8GB,512GB SSD,Intel HD Graphics 620,https://via.placeholder.com/200
Lenovo,ThinkPad T470,Notebook,"14.0""",Full HD 1920x1080,Intel Core i5 7200U 2.5GHz,8GB,256GB SSD,Intel HD Graphics 620,https://via.placeholder.com/200
Dell,Inspiron 5570,Notebook,"15.6""",Full HD 1920x1080,Intel Core i7 8550U 1.8GHz,8GB,128GB SSD +  1TB HDD,AMD Radeon 530,https://via.placeholder.com/200
Dell,Inspiron 3168,2 in 1 Convertible,"11.6""",Touchscreen 1366x768,Intel Pentium Quad Core N3710 1.6GHz,4GB,500GB HDD,Intel HD Graphics 405,https://via.placeholder.com/200
Dell,Alienware 17,Notebook,"17.3""",IPS Panel Full HD 1920x1080,Intel Core i7 7700HQ 2.7GHz,8GB,1TB HDD,Nvidia GeForce GTX 1060,https://via.placeholder.com/200
Microsoft,Surface Laptop,Ultrabook,"13.5""",Touchscreen 2256x1504,Intel Core M m3-7Y30 2.2GHz,4GB,128GB SSD,Intel HD Graphics 615,https://via.placeholder.com/200
Microsoft,Surface Laptop,Ultrabook,"13.5""",Touchscreen 2256x1504,Intel Core i7 7660U 2.5GHz,8GB,256GB SSD,Intel Iris Plus Graphics 640,https://via.placeholder.com/200
HP,17-BS092ND (i3-6006U/8GB/256GB/W10),Notebook,"17.3""",1600x900,Intel Core i3 6006U 2GHz,8GB,256GB SSD,Intel HD Graphics 520,https://via.placeholder.com/200
Acer,Aspire E5-576G,Notebook,"15.6""",Full HD 1920x1080,Intel Core i3 6006U 2GHz,4GB,1TB HDD,Nvidia GeForce 940MX,https://via.placeholder.com/200
Acer,TravelMate B,Netbook,"11.6""",1366x768,Intel Celeron Dual Core N3060 1.6GHz,4GB,128GB SSD,Intel HD Graphics 400,https://via.placeholder.com/200
Asus,Pro P2540UA-AB51,Notebook,"15.6""",Full HD 1920x1080,Intel Core i5 7200U 2.5GHz,8GB,1TB HDD,Intel HD Graphics 620,https://via.placeholder.com/200
Lenovo,IdeaPad 510s-14IKB,Notebook,"14.0""",IPS Panel Full HD 1920x1080,Intel Core i7 7500U 2.7GHz,8GB,512GB SSD,AMD Radeon R7 M460,https://via.placeholder.com/200
Lenovo,Thinkpad P51,Notebook,"15.6""",Full HD 1920x1080,Intel Core i7 7820HQ 2.9GHz,8GB,256GB SSD,Nvidia Quadro M2200M,https://via.placeholder.com/200
Asus,X541NA-PD1003Y (N4200/4GB/500GB/W10),Notebook,"15.6""",1366x768,Intel Pentium Quad Core N4200 1.1GHz,4GB,500GB HDD,Intel HD Graphics 500,https://via.placeholder.com/200
Acer,Aspire 5,Notebook,"15.6""",1366x768,Intel Core i3 6006U 2GHz,4GB,500GB HDD,Nvidia GeForce GTX 940MX,https://via.placeholder.com/200
Dell,Inspiron 5570,Notebook,"15.6""",Full HD 1920x1080,Intel Core i5 8250U 1.6GHz,8GB,2TB HDD,AMD Radeon 530,https://via.placeholder.com/200
HP,Omen 17-an006nv,Gaming,"17.3""",IPS Panel Full HD 1920x1080,Intel Core i7 7700HQ 2.8GHz,12GB,1TB HDD,Nvidia GeForce GTX 1060,https://via.placeholder.com/200
Lenovo,Thinkpad T460s,Ultrabook,"14.0""",IPS Panel Quad HD+ 2560x1440,Intel Core i7 6600U 2.6GHz,12GB,256GB SSD,Intel HD Graphics 520,https://via.placeholder.com/200
HP,Spectre x360,2 in 1 Convertible,"13.3""",IPS Panel 4K Ultra HD / Touchscreen 3840x2160,Intel Core i7 8550U 1.8GHz,8GB,512GB SSD,Intel UHD Graphics 620,https://via.placeholder.com/200
HP,ZBook 15u,Notebook,"15.6""",Full HD 1920x1080,Intel Core i5 7200U 2.5GHz,8GB,500GB HDD,AMD FirePro W4190M ,https://via.placeholder.com/200
Google,Pixelbook (Core,Ultrabook,"12.3""",Touchscreen 2400x1600,Intel Core i5 7Y57 1.2GHz,8GB,128GB SSD,Intel HD Graphics 615,https://via.placeholder.com/200
Dell,Latitude 7390,Ultrabook,"13.3""",Full HD / Touchscreen 1920x1080,Intel Core i5 8250U 1.6GHz,8GB,256GB SSD,Intel UHD Graphics 620,https://via.placeholder.com/200
Asus,ZenBook Pro,Notebook,"15.6""",IPS Panel 4K Ultra HD 3840x2160,Intel Core i7 6700HQ 2.6GHz,12GB,128GB SSD +  1TB HDD,Intel HD Graphics 530,https://via.placeholder.com/200
Dell,Latitude E5470,Notebook,"14.0""",1366x768,Intel Core i3 6100U 2.3GHz,8GB,128GB SSD,Intel HD Graphics 520,https://via.placeholder.com/200
Dell,Precision M5520,Workstation,"15.6""",Full HD 1920x1080,Intel Core i7 7700HQ 2.8GHz,8GB,256GB SSD,Nvidia Quadro M1200,https://via.placeholder.com/200
Lenovo,Thinkpad T470,Notebook,"14.0""",Full HD 1920x1080,Intel Core i5 7200U 2.5GHz,8GB,1GB SSD,Intel HD Graphics 620,https://via.placeholder.com/200
Dell,Inspiron 3576,Notebook,"15.6""",Full HD 1920x1080,Intel Core i5 8250U 1.6GHz,8GB,1TB HDD,AMD Radeon 520,https://via.placeholder.com/200
Toshiba,Portege X30-D-10J,Notebook,"13.3""",IPS Panel Full HD 1920x1080,Intel Core i5 7200U 2.5GHz,8GB,256GB SSD,Intel HD Graphics 620,https://via.placeholder.com/200
Dell,Inspiron 7570,Notebook,"15.6""",IPS Panel Full HD 1920x1080,Intel Core i7 8550U 1.8GHz,8GB,512GB SSD,Nvidia GeForce 940MX,https://via.placeholder.com/200
Dell,Vostro 3568,Notebook,"15.6""",1366x768,Intel Core i3 7100U 2.4GHz,4GB,1TB HDD,Intel HD Graphics 620,https://via.placeholder.com/200
HP,ProBook 430,Notebook,"13.3""",IPS Panel Full HD 1920x1080,Intel Core i5 8250U 1.6GHz,4GB,128GB SSD,Intel UHD Graphics 620,https://via.placeholder.com/200
Chuwi,"Lapbook 15,6",Notebook,"15.6""",Full HD 1920x1080,Intel Atom x5-Z8350 1.44GHz,4GB,64GB Flash Storage,Intel HD Graphics,https://via.placeholder.com/200
Lenovo,ThinkPad E570,Notebook,"15.6""",1366x768,Intel Core i3 6006U 2.0GHz,4GB,128GB SSD,Intel HD Graphics 520,https://via.placeholder.com/200
Lenovo,ThinkPad E480,Notebook,"14.0""",IPS Panel Full HD 1920x1080,Intel Core i5 8250U 1.6GHz,8GB,256GB SSD,Intel UHD Graphics 620,https://via.placeholder.com/200
Dell,Precision 3520,Workstation,"15.6""",IPS Panel Full HD 1920x1080,Intel Core i7 6820HQ 2.7GHz,16GB,512GB SSD,Nvidia Quadro M620,https://via.placeholder.com/200
Dell,XPS 15,Notebook,"15.6""",Full HD 1920x1080,Intel Core i7 7700HQ 2.8GHz,16GB,512GB SSD,Nvidia GeForce GTX 1050,https://via.placeholder.com/200
Lenovo,Thinkpad X270,Ultrabook,"12.5""",IPS Panel Full HD 1920x1080,Intel Core i7 7500U 2.7GHz,16GB,512GB SSD,Intel HD Graphics 620,https://via.placeholder.com/200
Asus,Zenbook UX390UA,Ultrabook,"12.5""",Full HD 1920x1080,Intel Core i7 7500U 2.7GHz,16GB,512GB SSD,Intel HD Graphics 620,https://via.placeholder.com/200
Lenovo,Thinkpad E570,Notebook,"15.6""",IPS Panel Full HD 1920x1080,Intel Core i5 7200U 2.5GHz,8GB,256GB SSD,Nvidia GeForce 940MX,https://via.placeholder.com/200
Toshiba,Portege X30-D-10L,Ultrabook,"13.3""",Full HD / Touchscreen 1920x1080,Intel Core i7 7500U 2.7GHz,32GB,512GB SSD,Intel HD Graphics 620,https://via.placeholder.com/200
Asus,VivoBook Pro,Gaming,"15.6""",Full HD 1920x1080,Intel Core i7 7700HQ 2.8GHz,8GB,128GB SSD +  1TB HDD,Nvidia GeForce GTX 1050,https://via.placeholder.com/200
Acer,Aspire 5,Notebook,"15.6""",1366x768,AMD A10-Series 9620P 2.5GHz,8GB,1TB HDD,AMD Radeon RX 540,https://via.placeholder.com/200
Asus,Rog G752VL-UH71T,Gaming,"17.3""",IPS Panel Full HD / Touchscreen 1920x1080,Intel Core i7 6700HQ 2.6GHz,24GB,256GB SSD +  1TB HDD,Nvidia GeForce GTX 965M,https://via.placeholder.com/200
Lenovo,Thinkpad X260,Ultrabook,"12.5""",IPS Panel 1366x768,Intel Core i5 6200U 2.3GHz,8GB,1GB SSD,Intel HD Graphics 520,https://via.placeholder.com/200
Lenovo,Ideapad 520-15IKBR,Notebook,"15.6""",Full HD 1920x1080,Intel Core i7 8550U 1.8GHz,8GB,256GB SSD,Intel UHD Graphics 620,https://via.placeholder.com/200
HP,EliteBook 840,Notebook,"14.0""",Full HD 1920x1080,Intel Core i7 7600U 2.8GHz,8GB,1TB SSD,Intel HD Graphics 620,https://via.placeholder.com/200
Lenovo,ThinkPad 13,Notebook,"13.3""",IPS Panel Full HD 1920x1080,Intel Core i3 7100U 2.4GHz,8GB,256GB SSD,Intel HD Graphics 620,https://via.placeholder.com/200
Lenovo,ThinkPad L570,Notebook,"15.6""",IPS Panel Full HD 1920x1080,Intel Core i5 7200U 2.5GHz,8GB,256GB SSD,Intel HD Graphics 620,https://via.placeholder.com/200
Asus,VivoBook E201NA,Netbook,"11.6""",1366x768,Intel Celeron Dual Core N3350 1.1GHz,4GB,64GB Flash Storage,Intel HD Graphics 500,https://via.placeholder.com/200
HP,15-BS026nv (i5-7200U/8GB/256GB/Radeon,Notebook,"15.6""",1366x768,Intel Core i5 7200U 2.5GHz,8GB,256GB SSD,AMD Radeon 520,https://via.placeholder.com/200
Lenovo,Yoga 920-13IKB,2 in 1 Convertible,"13.9""",IPS Panel Full HD / Touchscreen 1920x1080,Intel Core i5 8250U 1.6GHz,8GB,256GB SSD,Intel UHD Graphics 620,https://via.placeholder.com/200
Lenovo,IdeaPad 320-14IAP,Notebook,"14.0""",1366x768,Intel Celeron Dual Core N3350 1.1GHz,4GB,500GB HDD,Intel HD Graphics 500,https://via.placeholder.com/200
Lenovo,Chromebook N23,Netbook,"11.6""",1366x768,Intel Celeron Dual Core N3060 1.6GHz,4GB,16GB SSD,Intel HD Graphics 400,https://via.placeholder.com/200
Lenovo,ThinkPad 13,Notebook,"13.3""",Full HD 1920x1080,Intel Core i5 7200U 2.5GHz,8GB,256GB SSD,Intel HD Graphics 620,https://via.placeholder.com/200
Asus,ZenBook UX510UX-CN211T,Notebook,"15.6""",Full HD 1920x1080,Intel Core i7 7500U 2.7GHz,8GB,256GB SSD +  1TB HDD,Intel HD Graphics 620,https://via.placeholder.com/200
Acer,Aspire A515-51G-59QF,Notebook,"15.6""",IPS Panel Full HD 1920x1080,Intel Core i5 8250U 1.6GHz,4GB,1TB HDD,Nvidia GeForce MX150,https://via.placeholder.com/200
HP,Envy 13-AB002nv,Ultrabook,"13.3""",IPS Panel Full HD 1920x1080,Intel Core i7 7500U 2.7GHz,8GB,512GB SSD,Intel HD Graphics 620,https://via.placeholder.com/200
Lenovo,Legion Y520-15IKBN,Gaming,"15.6""",IPS Panel Full HD 1920x1080,Intel Core i7 7700HQ 2.8GHz,8GB,256GB SSD +  1TB HDD,Nvidia GeForce GTX 1060,https://via.placeholder.com/200
Dell,XPS 13,Ultrabook,"13.3""",IPS Panel Full HD / Touchscreen 1920x1080,Intel Core i5 7200U 2.5GHz,8GB,128GB SSD,Intel HD Graphics 620,https://via.placeholder.com/200
Acer,Aspire A515-51G,Notebook,"15.6""",Full HD 1920x1080,Intel Core i7 7500U 2.7GHz,4GB,500GB HDD,Nvidia GeForce 940MX,https://via.placeholder.com/200
Dell,Vostro 5568,Notebook,"15.6""",Full HD 1920x1080,Intel Core i5 7200U 2.5GHz,8GB,1TB HDD,Intel HD Graphics 620,https://via.placeholder.com/200
Dell,Inspiron 5570,Notebook,"15.6""",Full HD 1920x1080,Intel Core i7 8550U 1.8GHz,16GB,256GB SSD +  2TB HDD,AMD Radeon 530,https://via.placeholder.com/200
Xiaomi,Mi Notebook,Notebook,"15.6""",IPS Panel Full HD 1920x1080,Intel Core i7 8550U 1.8GHz,16GB,256GB SSD,Nvidia GeForce MX150,https://via.placeholder.com/200
Asus,VivoBook E12,Netbook,"11.6""",1366x768,Intel Celeron Dual Core N3350 1.1GHz,2GB,32GB Flash Storage,Intel HD Graphics 500,https://via.placeholder.com/200
HP,15-bs190od (i5-8250U/4GB/1TB/W10),Notebook,"15.6""",Touchscreen 1366x768,Intel Core i5 8250U 1.6GHz,4GB,1TB HDD,Intel UHD Graphics 620,https://via.placeholder.com/200
Asus,ROG Zephyrus,Gaming,"15.6""",Full HD 1920x1080,Intel Core i7 7700HQ 2.8GHz,24GB,512GB SSD,Nvidia GeForce GTX1080,https://via.placeholder.com/200
HP,Probook 450,Notebook,"15.6""",Full HD 1920x1080,Intel Core i5 7200U 2.5GHz,8GB,256GB SSD,Nvidia GeForce 930MX,https://via.placeholder.com/200
Asus,FX753VE-GC155T (i7-7700HQ/16GB/1TB,Gaming,"17.3""",Full HD 1920x1080,Intel Core i7 7700HQ 2.8GHz,16GB,256GB SSD +  1TB HDD,Nvidia GeForce GTX1050 Ti,https://via.placeholder.com/200
Lenovo,Legion Y720-15IKB,Gaming,"15.6""",IPS Panel Full HD 1920x1080,Intel Core i7 7700HQ 2.8GHz,8GB,256GB SSD +  1TB HDD,Nvidia GeForce GTX 1060,https://via.placeholder.com/200
HP,Spectre X360,Ultrabook,"13.3""",IPS Panel Full HD 1920x1080,Intel Core i7 7500U 2.7GHz,8GB,256GB SSD,Intel HD Graphics 620,https://via.placeholder.com/200
Dell,Latitude 5480,Notebook,"14.0""",Full HD 1920x1080,Intel Core i5 7300U 2.6GHz,8GB,256GB SSD,Intel HD Graphics 620,https://via.placeholder.com/200
HP,ProBook 440,Notebook,"15.6""",1366x768,Intel Core i3 6006U 2GHz,4GB,128GB SSD,Intel HD Graphics 520,https://via.placeholder.com/200
Dell,Inspiron 5770,Notebook,"17.3""",IPS Panel Full HD 1920x1080,Intel Core i5 8250U 1.6GHz,8GB,128GB SSD +  1TB HDD,AMD Radeon 530,https://via.placeholder.com/200
Lenovo,ThinkPad L470,Notebook,"14.0""",Full HD 1920x1080,Intel Core i5 6200U 2.3GHz,8GB,256GB SSD,Intel HD Graphics 520,https://via.placeholder.com/200
Lenovo,IdeaPad 320-15IKB,Notebook,"15.6""",Full HD 1920x1080,Intel Core i7 7500U 2.7GHz,4GB,1TB HDD,Nvidia GeForce 920MX,https://via.placeholder.com/200
Lenovo,IdeaPad 320-15ISK,Notebook,"15.6""",1366x768,Intel Core i3 6006U 2GHz,8GB,2TB HDD,Nvidia GeForce 920MX ,https://via.placeholder.com/200
Dell,Inspiron 3567,Notebook,"15.6""",Full HD 1920x1080,Intel Core i5 7200U 2.5GHz,4GB,500GB HDD,AMD Radeon R5 M430,https://via.placeholder.com/200
Dell,Latitude 5580,Notebook,"15.6""",Full HD 1920x1080,Intel Core i5 7440HQ 2.8GHz,8GB,256GB SSD,Intel HD Graphics 620,https://via.placeholder.com/200
Dell,Alienware 17,Gaming,"17.3""",IPS Panel Full HD 1920x1080,Intel Core i7 7700HQ 2.8GHz,16GB,128GB SSD +  1TB HDD,Nvidia GeForce GTX 1070,https://via.placeholder.com/200
Toshiba,Satellite Pro,Notebook,"15.6""",IPS Panel Full HD 1920x1080,Intel Core i5 7200U 2.5GHz,8GB,500GB HDD,Intel HD Graphics 620,https://via.placeholder.com/200
Asus,Zenbook UX510UW-FI095T,Notebook,"15.6""",IPS Panel 4K Ultra HD 3840x2160,Intel Core i7 7500U 2.7GHz,8GB,256GB SSD +  1TB HDD,Nvidia GeForce GTX 960M,https://via.placeholder.com/200
Mediacom,SmartBook Edge,Notebook,"13.3""",IPS Panel Full HD 1920x1080,Intel Celeron Quad Core N3450 1.1GHz,4GB,32GB SSD,Intel HD Graphics 500,https://via.placeholder.com/200
Asus,ROG Strix,Gaming,"15.6""",IPS Panel Full HD 1920x1080,Intel Core i5 7300HQ 2.5GHz,8GB,128GB SSD +  1TB HDD,Nvidia GeForce GTX 1060,https://via.placeholder.com/200
Dell,Latitude 5580,Notebook,"15.6""",Full HD 1920x1080,Intel Core i7 7600U 2.8GHz,8GB,256GB SSD,Nvidia GeForce 930MX,https://via.placeholder.com/200
Dell,Inspiron 5570,Notebook,"15.6""",Full HD 1920x1080,Intel Core i5 8250U 1.6GHz,8GB,256GB SSD,AMD Radeon 530,https://via.placeholder.com/200
HP,250 G6,Notebook,"15.6""",Full HD 1920x1080,Intel Pentium Quad Core N3710 1.6GHz,4GB,256GB SSD,Intel HD Graphics 405,https://via.placeholder.com/200
HP,Omen 15-ce006nv,Gaming,"17.3""",Full HD 1920x1080,Intel Core i7 7700HQ 2.8GHz,12GB,1TB HDD,Nvidia GeForce GTX 1060,https://via.placeholder.com/200
Lenovo,Thinkpad E470,Notebook,"14.0""",IPS Panel Full HD 1920x1080,Intel Core i7 7500U 2.7GHz,8GB,256GB SSD,Nvidia GeForce 940MX,https://via.placeholder.com/200
Dell,XPS 13,Ultrabook,"13.3""",Quad HD+ / Touchscreen 3200x1800,Intel Core i7 8550U 1.8GHz,8GB,256GB SSD,Intel UHD Graphics 620,https://via.placeholder.com/200
Dell,Vostro 5468,Notebook,"14.0""",Full HD 1920x1080,Intel Core i3 6006U 2GHz,4GB,128GB SSD,Intel HD Graphics 520,https://via.placeholder.com/200
HP,Envy 13-AB020nr,Ultrabook,"13.3""",IPS Panel Quad HD+ 3200x1800,Intel Core i7 7500U 2.7GHz,8GB,256GB SSD,Intel HD Graphics 620,https://via.placeholder.com/200
Acer,Aspire 7,Gaming,"15.6""",Full HD 1920x1080,Intel Core i5 7300HQ 2.5GHz,8GB,1TB HDD,Nvidia GeForce GTX 1050,https://via.placeholder.com/200
Asus,VivoBook X540YA-XX519T,Notebook,"15.6""",1366x768,AMD E-Series 7110 1.8GHz,4GB,500GB HDD,AMD Radeon R2 Graphics,https://via.placeholder.com/200
HP,ProBook 450,Notebook,"15.6""",Full HD 1920x1080,Intel Core i3 7100U 2.4GHz,4GB,128GB SSD,Intel HD Graphics 620,https://via.placeholder.com/200
Lenovo,ThinkPad E470,Notebook,"14.0""",Full HD 1920x1080,Intel Core i5 7200U 2.5GHz,4GB,500GB HDD,Intel HD Graphics 620,https://via.placeholder.com/200
Lenovo,V310-15ISK (i5-6200U/4GB/1TB/FHD/No,Notebook,"15.6""",Full HD 1920x1080,Intel Core i5 6200U 2.3GHz,4GB,1TB HDD,Intel HD Graphics 520,https://via.placeholder.com/200
HP,250 G6,Notebook,"15.6""",Full HD 1920x1080,Intel Core i3 6006U 2GHz,4GB,500GB HDD,Intel HD Graphics 520,https://via.placeholder.com/200
Lenovo,ThinkPad T570,Notebook,"15.6""",IPS Panel Full HD 1920x1080,Intel Core i7 7500U 2.7GHz,8GB,512GB SSD,Intel HD Graphics 620,https://via.placeholder.com/200
Lenovo,IdeaPad 320-15ISK,Notebook,"15.6""",Full HD 1920x1080,Intel Core i3 6006U 2GHz,4GB,128GB SSD,Intel HD Graphics 520,https://via.placeholder.com/200
Dell,Latitude 5580,Notebook,"15.6""",Full HD 1920x1080,Intel Core i5 7200U 2.5GHz,8GB,256GB SSD,Intel HD Graphics 620,https://via.placeholder.com/200
Dell,Alienware 17,Gaming,"17.3""",IPS Panel Full HD 1920x1080,Intel Core i7 7700HQ 2.8GHz,16GB,256GB SSD +  1TB HDD,Nvidia GeForce GTX 1070,https://via.placeholder.com/200
HP,17-X047na (i3-6006U/8GB/1TB/W10),Notebook,"17.3""",1600x900,Intel Core i3 6006U 2GHz,8GB,1TB HDD,Intel HD Graphics 520,https://via.placeholder.com/200
HP,ProBook 470,Notebook,"17.3""",Full HD 1920x1080,Intel Core i7 7500U 2.7GHz,8GB,1TB HDD,Nvidia GeForce 930MX,https://via.placeholder.com/200
Asus,A541NA-GO342 (N3350/4GB/500GB/Linux),Notebook,"15.6""",1366x768,Intel Celeron Dual Core N3350 1.1GHz,4GB,500GB HDD,Intel HD Graphics 500,https://via.placeholder.com/200
Mediacom,SmartBook 130,Notebook,"13.3""",IPS Panel Full HD 1920x1080,Intel Atom x5-Z8350 1.44GHz,4GB,32GB Flash Storage,Intel HD Graphics,https://via.placeholder.com/200
Lenovo,IdeaPad 320-17IKB,Notebook,"17.3""",1600x900,Intel Core i7 7500U 2.7GHz,6GB,128GB SSD +  1TB HDD,Nvidia GeForce 940MX,https://via.placeholder.com/200
HP,15-bw007nv (A10-9620P/6GB/128GB/Radeon,Notebook,"15.6""",IPS Panel Full HD 1920x1080,AMD A10-Series A10-9620P 2.5GHz,6GB,128GB SSD,AMD Radeon 530,https://via.placeholder.com/200
Dell,Vostro 3568,Notebook,"15.6""",1366x768,Intel Core i3 6006U 2GHz,4GB,1TB HDD,AMD Radeon R5 M420,https://via.placeholder.com/200
Acer,Spin SP111-31,2 in 1 Convertible,"11.6""",IPS Panel Full HD / Touchscreen 1920x1080,Intel Celeron Dual Core N3350 2.0GHz,4GB,32GB Flash Storage,Intel HD Graphics 500,https://via.placeholder.com/200
Lenovo,V330-15IKB (i3-7130U/4GB/128GB/FHD/W10),Notebook,"15.6""",Full HD 1920x1080,Intel Core i3 7130U 2.7GHz,4GB,128GB SSD,Intel HD Graphics 620,https://via.placeholder.com/200
HP,EliteBook 1030,Ultrabook,"13.3""",IPS Panel Quad HD+ / Touchscreen 3200x1800,Intel Core M 6Y75 1.2GHz,16GB,512GB SSD,Intel HD Graphics 515,https://via.placeholder.com/200
Lenovo,Thinkpad P71,Notebook,"17.3""",IPS Panel Full HD 1920x1080,Intel Core i7 7700HQ 2.8GHz,8GB,256GB SSD,Nvidia Quadro M620M,https://via.placeholder.com/200
Asus,FX553VD-DM627T (i5-7300HQ/8GB/1TB,Notebook,"15.6""",Full HD 1920x1080,Intel Core i5 7300HQ 2.5GHz,8GB,128GB SSD +  1TB HDD,Nvidia GeForce GTX 1050,https://via.placeholder.com/200
Dell,XPS 13,Ultrabook,"13.3""",IPS Panel 4K Ultra HD / Touchscreen 3840x2160,Intel Core i5 8250U 1.6GHz,8GB,128GB SSD,Intel UHD Graphics 620,https://via.placeholder.com/200
Dell,Latitude 5580,Notebook,"15.6""",1366x768,Intel Core i5 7300U 2.6GHz,4GB,500GB HDD,Intel HD Graphics 620,https://via.placeholder.com/200
Fujitsu,Lifebook A557,Notebook,"15.6""",1366x768,Intel Core i5 7200U 2.5GHz,8GB,1TB HDD,Intel HD Graphics 620,https://via.placeholder.com/200
Lenovo,IdeaPad 320-15IAP,Notebook,"15.6""",Full HD 1920x1080,Intel Pentium Quad Core N4200 1.1GHz,4GB,500GB HDD,Intel HD Graphics 505,https://via.placeholder.com/200
Lenovo,ThinkPad L470,Notebook,"14.0""",1366x768,Intel Core i5 7200U 2.5GHz,4GB,500GB HDD,Intel HD Graphics 620,https://via.placeholder.com/200
HP,ZBook 17,Workstation,"17.3""",1600x900,Intel Core i5 7440HQ 2.8GHz,8GB,500GB HDD,Nvidia Quadro M1200,https://via.placeholder.com/200
HP,14-am079na (N3710/8GB/2TB/W10),Notebook,"14.0""",1366x768,Intel Pentium Quad Core N3710 1.6GHz,8GB,2TB HDD,Intel HD Graphics 405,https://via.placeholder.com/200
HP,15-cd005nv (A9-9420/6GB/256GB/Radeon,Notebook,"15.6""",IPS Panel Full HD 1920x1080,AMD A9-Series A9-9420 3GHz,6GB,256GB SSD,AMD Radeon 530,https://via.placeholder.com/200
Lenovo,Thinkpad E570,Notebook,"15.6""",Full HD 1920x1080,Intel Core i5 7200U 2.5GHz,8GB,256GB SSD,Intel HD Graphics 620,https://via.placeholder.com/200
Lenovo,V330-15IKB (i5-8250U/4GB/500GB/FHD/W10),Notebook,"15.6""",Full HD 1920x1080,Intel Core i5 8250U 1.6GHz,4GB,500GB HDD,Intel HD Graphics 620,https://via.placeholder.com/200
Mediacom,SmartBook 141,Notebook,"14.0""",Full HD 1920x1080,Intel Atom x5-Z8350 1.44GHz,4GB,32GB SSD,Intel HD Graphics,https://via.placeholder.com/200
Toshiba,Tecra X40-D-10H,Ultrabook,"14.0""",Full HD / Touchscreen 1920x1080,Intel Core i7 7500U 2.7GHz,16GB,512GB SSD,Intel HD Graphics 620,https://via.placeholder.com/200
Lenovo,IdeaPad Y910-17ISK,Gaming,"17.3""",IPS Panel Full HD 1920x1080,Intel Core i7 6820HK 2.7GHz,32GB,256GB SSD +  1TB HDD,Nvidia GeForce GTX 1070,https://via.placeholder.com/200
MSI,GT73VR Titan,Gaming,"17.3""",Full HD 1920x1080,Intel Core i7 7820HK 2.9GHz,16GB,512GB SSD +  1TB HDD,Nvidia GeForce GTX 1070,https://via.placeholder.com/200
Dell,Inspiron 3567,Notebook,"15.6""",Full HD 1920x1080,Intel Core i7 7500U 2.7GHz,8GB,256GB SSD,AMD Radeon R5 M430,https://via.placeholder.com/200
Mediacom,SmartBook Edge,Notebook,"14.0""",IPS Panel Full HD 1920x1080,Intel Celeron Quad Core N3450 1.1GHz,4GB,32GB SSD,Intel HD Graphics 500,https://via.placeholder.com/200
Dell,Latitude 5580,Notebook,"15.6""",1366x768,Intel Core i5 7300U 2.6GHz,8GB,500GB HDD,Intel HD Graphics 620,https://via.placeholder.com/200
HP,ProBook 430,Notebook,"13.3""",Full HD 1920x1080,Intel Core i3 7100U 2.4GHz,4GB,128GB SSD,Intel HD Graphics 620,https://via.placeholder.com/200
Dell,Latitude 5580,Notebook,"15.6""",Full HD 1920x1080,Intel Core i7 7600U 2.8GHz,16GB,256GB SSD,Nvidia GeForce 930MX,https://via.placeholder.com/200
Dell,Chromebook 11,Netbook,"11.6""",1366x768,Intel Celeron Dual Core N3060 1.6GHz,4GB,16GB Flash Storage,Intel HD Graphics 400,https://via.placeholder.com/200
MSI,GT80S 6QE,Gaming,"17.3""",Full HD 1920x1080,Intel Core i7 6820HK 2.7GHz,16GB,128GB SSD +  1TB HDD,Nvidia GeForce GTX 980M,https://via.placeholder.com/200
HP,Omen 17-AN010nv,Gaming,"17.3""",IPS Panel Full HD 1920x1080,Intel Core i7 7700HQ 2.8GHz,16GB,256GB SSD +  1TB HDD,Nvidia GeForce GTX 1050,https://via.placeholder.com/200
Lenovo,Thinkpad T460s,Ultrabook,"14.0""",IPS Panel Full HD 1920x1080,Intel Core i7 6600U 2.6GHz,12GB,256GB SSD,Intel HD Graphics 520,https://via.placeholder.com/200
Lenovo,Ideapad 320-15IKBR,Notebook,"15.6""",Touchscreen 1366x768,Intel Core i7 8550U 1.8GHz,12GB,1TB HDD,Intel HD Graphics 620,https://via.placeholder.com/200
Asus,ROG Strix,Gaming,"17.3""",IPS Panel Full HD 1920x1080,Intel Core i5 7300HQ 2.5GHz,8GB,128GB SSD +  1TB HDD,Nvidia GeForce GTX 1060,https://via.placeholder.com/200
Asus,TP501UA-CJ131T (i5-7200U/8GB/1TB/W10),2 in 1 Convertible,"15.6""",Touchscreen 1366x768,Intel Core i5 7200U 2.5GHz,8GB,1TB HDD,Intel HD Graphics 520,https://via.placeholder.com/200
Lenovo,IdeaPad 320-15ABR,Notebook,"15.6""",Full HD 1920x1080,AMD A12-Series 9720P 3.6GHz,12GB,512GB SSD,AMD Radeon 530,https://via.placeholder.com/200
Dell,Inspiron 3179,2 in 1 Convertible,"11.6""",Touchscreen 1366x768,Intel Core M 7Y30 1.0GHz,4GB,128GB SSD,Intel HD Graphics 615,https://via.placeholder.com/200
Samsung,Notebook Odyssey,Notebook,"15.6""",Full HD 1920x1080,Intel Core i7 7700HQ 2.8GHz,16GB,128GB SSD +  1TB HDD,Nvidia GeForce GTX 1050,https://via.placeholder.com/200
Lenovo,V320-17ISK (i3-6006U/4GB/500GB/FHD/No,Notebook,"17.3""",Full HD 1920x1080,Intel Core i3 6006U 2GHz,4GB,500GB HDD,Intel HD Graphics 520,https://via.placeholder.com/200
Lenovo,IdeaPad 110-15ISK,Notebook,"15.6""",1366x768,Intel Core i3 6100U 2.3GHz,8GB,1TB HDD,Intel HD Graphics 520,https://via.placeholder.com/200
Lenovo,ThinkPad Yoga,2 in 1 Convertible,"13.3""",IPS Panel Full HD / Touchscreen 1920x1080,Intel Core i7 7500U 2.7GHz,8GB,512GB SSD,Intel HD Graphics 620,https://via.placeholder.com/200
Lenovo,Thinkpad T470p,Notebook,"14.0""",IPS Panel Full HD 1920x1080,Intel Core i5 7300HQ 2.5GHz,8GB,256GB SSD,Intel HD Graphics 630,https://via.placeholder.com/200
Dell,Latitude 5289,2 in 1 Convertible,"12.5""",Full HD / Touchscreen 1920x1080,Intel Core i5 7200U 2.5GHz,8GB,256GB SSD,Intel HD Graphics 620,https://via.placeholder.com/200
Dell,Precision 3520,Workstation,"15.6""",Full HD / Touchscreen 1920x1080,Intel Core i7 7700HQ 2.8GHz,8GB,256GB SSD,Nvidia Quadro M620,https://via.placeholder.com/200
HP,EliteBook 850,Notebook,"15.6""",Full HD 1920x1080,Intel Core i7 7500U 2.7GHz,8GB,256GB SSD,Intel HD Graphics 620,https://via.placeholder.com/200
HP,ProBook 450,Notebook,"15.6""",1366x768,Intel Core i3 7100U 2.4GHz,4GB,500GB HDD,Intel HD Graphics 620,https://via.placeholder.com/200
Acer,Aspire 1,Notebook,"14.0""",Full HD 1920x1080,Intel Celeron Quad Core N3450 1.1GHz,4GB,32GB Flash Storage,Intel HD Graphics 500,https://via.placeholder.com/200
MSI,Laptop MSI,Gaming,"17.3""",Full HD 1920x1080,Intel Core i7 6820HK 2.7GHz,16GB,128GB SSD +  1TB HDD,Nvidia GeForce GTX 970M,https://via.placeholder.com/200
Dell,Vostro 3568,Notebook,"15.6""",1366x768,Intel Core i3 6006U 2GHz,4GB,1TB HDD,AMD Radeon R5 M420,https://via.placeholder.com/200
MSI,GS63VR 7RF,Gaming,"15.6""",4K Ultra HD 3840x2160,Intel Core i7 7700HQ 2.8GHz,16GB,256GB SSD +  2TB HDD,Nvidia GeForce GTX 1060,https://via.placeholder.com/200
Toshiba,Tecra Z50-C-144,Notebook,"15.6""",IPS Panel Full HD 1920x1080,Intel Core i7 6500U 2.5GHz,8GB,256GB SSD,Intel HD Graphics 520,https://via.placeholder.com/200
Lenovo,IdeaPad 310-15IKB,Notebook,"15.6""",Full HD 1920x1080,Intel Core i5 7200U 2.5GHz,6GB,1TB HDD,Intel HD Graphics 620,https://via.placeholder.com/200
Lenovo,Yoga 720-15IKB,2 in 1 Convertible,"15.6""",IPS Panel Full HD / Touchscreen 1920x1080,Intel Core i7 7700HQ 2.8GHz,8GB,256GB SSD,Intel HD Graphics 630,https://via.placeholder.com/200
Acer,Swift SF114-31-P5HY,Notebook,"14.0""",1366x768,Intel Pentium Quad Core N3710 1.6GHz,4GB,128GB Flash Storage,Intel HD Graphics 405,https://via.placeholder.com/200
Lenovo,Thinkpad P51,Notebook,"15.6""",IPS Panel 4K Ultra HD 3840x2160,Intel Xeon E3-1535M v6 3.1GHz,32GB,1TB SSD,Nvidia Quadro M2200M,https://via.placeholder.com/200
Dell,Inspiron 7559,Gaming,"15.6""",Full HD 1920x1080,Intel Core i7 6700HQ 2.6GHz,16GB,1TB HDD,Nvidia GeForce GTX 960<U+039C>,https://via.placeholder.com/200
Dell,Vostro 3568,Notebook,"15.6""",1366x768,Intel Core i3 6006U 2.0GHz,4GB,1TB HDD,Intel HD Graphics 520,https://via.placeholder.com/200
Dell,Inspiron 3567,Notebook,"15.6""",1366x768,Intel Core i3 6006U 2.0GHz,4GB,1TB HDD,Intel HD Graphics 520,https://via.placeholder.com/200
Dell,Latitude 5580,Notebook,"15.6""",1366x768,Intel Core i5 7300U 2.6GHz,4GB,500GB HDD,Intel HD Graphics 620,https://via.placeholder.com/200
Asus,FX753VD-GC007T (i7-7700HQ/8GB/1TB,Gaming,"17.3""",Full HD 1920x1080,Intel Core i7 7700HQ 2.8GHz,8GB,128GB SSD +  1TB HDD,Nvidia GeForce GTX 1050,https://via.placeholder.com/200
Dell,Vostro 3568,Notebook,"15.6""",Full HD 1920x1080,Intel Core i5 7200U 2.5GHz,4GB,128GB SSD,AMD Radeon R5 M420,https://via.placeholder.com/200
HP,EliteBook 850,Ultrabook,"15.6""",Full HD 1920x1080,Intel Core i7 7500U 2.7GHz,8GB,512GB SSD,Intel HD Graphics 620,https://via.placeholder.com/200
MSI,GT62VR 7RE,Gaming,"15.6""",Full HD 1920x1080,Intel Core i7 7700HQ 2.8GHz,16GB,256GB SSD +  1TB HDD,Nvidia GeForce GTX 1070,https://via.placeholder.com/200
Acer,CB5-132T-C9KK (N3160/4GB/32GB/Chrome,2 in 1 Convertible,"11.6""",IPS Panel Touchscreen 1366x768,Intel Celeron Quad Core N3160 1.6GHz,4GB,32GB Flash Storage,Intel HD Graphics 400,https://via.placeholder.com/200
HP,ProBook 650,Notebook,"14.0""",1366x768,Intel Core i5 7300U 2.6GHz,8GB,256GB SSD,Intel HD Graphics 620,https://via.placeholder.com/200
Lenovo,ThinkPad T470,Notebook,"14.0""",Full HD 1920x1080,Intel Core i5 6200U 2.3GHz,8GB,256GB SSD,Intel HD Graphics 520,https://via.placeholder.com/200
Dell,Inspiron 5570,Notebook,"15.6""",Full HD 1920x1080,Intel Core i5 8250U 1.6GHz,4GB,1TB HDD,AMD Radeon 530,https://via.placeholder.com/200
Fujitsu,LifeBook A557,Notebook,"15.6""",1366x768,Intel Core i5 7200U 2.5GHz,8GB,256GB SSD,Intel HD Graphics 620,https://via.placeholder.com/200
HP,EliteBook 850,Notebook,"15.6""",1366x768,Intel Core i5 6200U 2.3GHz,4GB,500GB HDD,Intel HD Graphics 520,https://via.placeholder.com/200
Lenovo,IdeaPad 320-15IKB,Notebook,"15.6""",Full HD 1920x1080,Intel Core i7 7500U 2.7GHz,8GB,1TB HDD,Nvidia GeForce 920MX,https://via.placeholder.com/200
Mediacom,SmartBook 140,Notebook,"14.0""",Full HD 1920x1080,Intel Atom x5-Z8350 1.44GHz,2GB,32GB Flash Storage,Intel HD Graphics,https://via.placeholder.com/200
Lenovo,IdeaPad 320-15IKBN,Notebook,"15.6""",Full HD 1920x1080,Intel Core i5 7200U 2.5GHz,4GB,128GB SSD,Intel HD Graphics 620,https://via.placeholder.com/200
Asus,Q304UA-BHI5T11 (i5-7200U/6GB/1TB/FHD/W10),2 in 1 Convertible,"13.3""",Full HD / Touchscreen 1920x1080,Intel Core i5 7200U 2.5GHz,6GB,1TB HDD,Intel HD Graphics 620,https://via.placeholder.com/200
Dell,XPS 15,Notebook,"15.6""",Full HD 1920x1080,Intel Core i7 7700HQ 2.8GHz,8GB,256GB SSD,Nvidia GeForce GTX 1050,https://via.placeholder.com/200
Asus,ZenBook 3,Ultrabook,"14.0""",Full HD 1920x1080,Intel Core i7 7500U 2.7GHz,16GB,512GB SSD,Intel HD Graphics 620,https://via.placeholder.com/200
Dell,Inspiron 7567,Gaming,"15.6""",Full HD 1920x1080,Intel Core i7 7700HQ 2.8GHz,16GB,256GB SSD +  1TB HDD,Nvidia GeForce GTX 1050 Ti,https://via.placeholder.com/200
Lenovo,V330-15IKB (i5-8250U/4GB/256GB/FHD/W10),Notebook,"15.6""",Full HD 1920x1080,Intel Core i5 8250U 1.6GHz,4GB,256GB SSD,Intel UHD Graphics 620,https://via.placeholder.com/200
Lenovo,Ideapad 320-15ISK,Notebook,"15.6""",Full HD 1920x1080,Intel Core i3 6006U 2GHz,4GB,1TB HDD,Nvidia GeForce 920MX ,https://via.placeholder.com/200
Asus,X541NA-GO414T (N3350/8GB/1TB/W10),Notebook,"15.6""",1366x768,Intel Celeron Dual Core N3350 1.1GHz,8GB,1TB HDD,Intel HD Graphics 500,https://via.placeholder.com/200
Asus,VivoBook Pro,Notebook,"15.6""",Full HD 1920x1080,Intel Core i5 7300HQ 2.5GHz,8GB,1TB HDD,Nvidia GeForce GTX 1050,https://via.placeholder.com/200
Dell,XPS 13,Ultrabook,"13.3""",Quad HD+ / Touchscreen 3200x1800,Intel Core i5 8250U 1.6GHz,8GB,256GB SSD,Intel UHD Graphics 620,https://via.placeholder.com/200
Lenovo,IdeaPad 100S-14IBR,Notebook,"14.0""",1366x768,Intel Celeron Dual Core N3060 1.6GHz,2GB,32GB Flash Storage,Intel HD Graphics 400,https://via.placeholder.com/200
Lenovo,Thinkpad Yoga,2 in 1 Convertible,"13.3""",IPS Panel Full HD / Touchscreen 1920x1080,Intel Core i7 7500U 2.7GHz,8GB,256GB SSD,Intel HD Graphics 620,https://via.placeholder.com/200
Dell,XPS 15,Notebook,"15.6""",4K Ultra HD / Touchscreen 3840x2160,Intel Core i7 7700HQ 2.8GHz,16GB,1TB SSD,Nvidia GeForce GTX 1050,https://via.placeholder.com/200
Lenovo,Legion Y520-15IKBN,Gaming,"15.6""",IPS Panel Full HD 1920x1080,Intel Core i7 7700HQ 2.8GHz,8GB,128GB SSD +  1TB HDD,Nvidia GeForce GTX 1050M,https://via.placeholder.com/200
HP,17-AK091ND (A9-9420/8GB/1TB/W10),Notebook,"17.0""",1600x900,AMD A9-Series 9420 3GHz,8GB,1TB HDD,AMD Radeon R5,https://via.placeholder.com/200
Lenovo,ThinkPad X1,Ultrabook,"14.0""",IPS Panel Full HD 1920x1080,Intel Core i7 7500U 2.7GHz,16GB,512GB SSD,Intel HD Graphics 620,https://via.placeholder.com/200
Asus,ROG GL553VE-FY022,Gaming,"15.6""",IPS Panel Full HD 1920x1080,Intel Core i7 7700HQ 2.8GHz,8GB,1TB HDD,Nvidia GeForce GTX 1050 Ti,https://via.placeholder.com/200
Acer,Extensa EX2540,Notebook,"15.6""",1366x768,Intel Core i3 6006U 2GHz,4GB,500GB HDD,Intel HD Graphics 520,https://via.placeholder.com/200
Lenovo,IdeaPad 100S-14IBR,Notebook,"14.0""",1366x768,Intel Celeron Dual Core N3060 1.6GHz,4GB,32GB Flash Storage,Intel HD Graphics,https://via.placeholder.com/200
Acer,Swift 3,Ultrabook,"14.0""",IPS Panel Full HD 1920x1080,Intel Core i5 7200U 2.5GHz,8GB,256GB SSD,Intel Graphics 620,https://via.placeholder.com/200
Razer,Blade Pro,Gaming,"14.0""",Full HD 1920x1080,Intel Core i7 7700HQ 2.8GHz,16GB,256GB SSD,Nvidia GeForce GTX 1060,https://via.placeholder.com/200
Toshiba,Portege Z30-C-16J,Notebook,"13.3""",Full HD 1920x1080,Intel Core i5 6200U 2.3GHz,8GB,256GB SSD,Intel HD Graphics 520,https://via.placeholder.com/200
Lenovo,Thinkpad X270,Ultrabook,"12.5""",IPS Panel Full HD 1920x1080,Intel Core i7 7500U 2.7GHz,8GB,256GB SSD,Intel HD Graphics 620,https://via.placeholder.com/200
Asus,ROG G701VI,Gaming,"17.3""",IPS Panel Full HD 1920x1080,Intel Core i7 6820HK 2.7GHz,32GB,512GB SSD,Nvidia GeForce GTX 1080,https://via.placeholder.com/200
Acer,A715-71G-59DH (i5-7300HQ/8GB/1TB/GeForce,Gaming,"15.6""",Full HD 1920x1080,Intel Core i5 7300HQ 2.5GHz,8GB,1TB HDD,Nvidia GeForce GTX 1050,https://via.placeholder.com/200
Dell,XPS 13,Ultrabook,"13.3""",Full HD 1920x1080,Intel Core i5 8250U 1.6GHz,8GB,256GB SSD,Intel UHD Graphics 620,https://via.placeholder.com/200
MSI,GL62M 7REX,Gaming,"15.6""",Full HD 1920x1080,Intel Core i7 7700HQ 2.8GHz,8GB,128GB SSD +  1TB HDD,Nvidia GeForce GTX 1050 Ti,https://via.placeholder.com/200
HP,250 G6,Notebook,"15.6""",1366x768,Intel Core i3 6006U 2GHz,4GB,500GB HDD,Intel HD Graphics 520,https://via.placeholder.com/200
Toshiba,Tecra A50-D-11M,Notebook,"15.6""",IPS Panel Full HD 1920x1080,Intel Core i5 7200U 2.5GHz,8GB,500GB HDD,Intel HD Graphics 620,https://via.placeholder.com/200
Dell,Inspiron 5570,Notebook,"15.6""",Full HD 1920x1080,Intel Core i7 8550U 1.8GHz,8GB,256GB SSD,AMD Radeon 530,https://via.placeholder.com/200
Dell,Inspiron 5570,Notebook,"15.6""",Full HD 1920x1080,Intel Core i7 8550U 1.8GHz,16GB,256GB SSD +  2TB HDD,AMD Radeon 530,https://via.placeholder.com/200
Lenovo,IdeaPad Y700-15ISK,Gaming,"15.6""",IPS Panel Full HD 1920x1080,Intel Core i7 6700HQ 2.6GHz,8GB,128GB SSD +  1TB HDD,Nvidia GeForce GTX 960,https://via.placeholder.com/200
Dell,Alienware 17,Gaming,"17.3""",IPS Panel 4K Ultra HD 3840x2160,Intel Core i7 7700HQ 2.8GHz,32GB,512GB SSD +  1TB HDD,Nvidia GeForce GTX 1070,https://via.placeholder.com/200
Dell,Latitude E7470,Notebook,"14.0""",Full HD 1920x1080,Intel Core i5 6300U 2.4GHz,8GB,256GB SSD,Intel HD Graphics 520,https://via.placeholder.com/200
Lenovo,Ideapad 320-15IAP,Notebook,"15.6""",1366x768,Intel Celeron Dual Core N3350 1.1GHz,4GB,500GB HDD,Intel HD Graphics 500,https://via.placeholder.com/200
Lenovo,IdeaPad 320-15ISK,Notebook,"15.6""",Full HD 1920x1080,Intel Core i5 6200U 2.3GHz,4GB,500GB HDD,Intel HD Graphics 520,https://via.placeholder.com/200
HP,15-ay047nv (i3-6006U/6GB/1TB/Radeon,Notebook,"15.6""",1920x1080,Intel Core i3 6006U 2GHz,6GB,1TB HDD,AMD Radeon R5 M430,https://via.placeholder.com/200
MSI,GP72VR Leopard,Gaming,"17.3""",Full HD 1920x1080,Intel Core i7 7700HQ 2.8GHz,8GB,128GB SSD +  1TB HDD,Nvidia GeForce GTX 1060,https://via.placeholder.com/200
Toshiba,Satellite Pro,Notebook,"15.6""",1366x768,Intel Core i3 6100U 2.1GHz,4GB,128GB SSD,Intel HD Graphics 520,https://via.placeholder.com/200
Dell,Latitude 3580,Notebook,"15.6""",Full HD 1920x1080,Intel Core i5 7200U 2.5GHz,8GB,1TB HDD,Intel HD Graphics 620,https://via.placeholder.com/200
HP,15-bs012nv (i7-7500U/8GB/1TB/Radeon,Notebook,"15.6""",Full HD 1920x1080,Intel Core i7 7500U 2.7GHz,8GB,1TB HDD,AMD Radeon 530,https://via.placeholder.com/200
Toshiba,Tecra Z50-D-10E,Notebook,"15.6""",IPS Panel Full HD 1920x1080,Intel Core i5 7200U 2.5GHz,8GB,256GB SSD,Intel HD Graphics 620,https://via.placeholder.com/200
Acer,Aspire 3,Notebook,"15.6""",1366x768,Intel Core i3 6006U 2GHz,4GB,128GB SSD,Intel HD Graphics 520,https://via.placeholder.com/200
Microsoft,Surface Laptop,Ultrabook,"13.5""",Touchscreen 2256x1504,Intel Core i7 7600U 2.8GHz,8GB,256GB SSD,Intel Iris Plus Graphics 640,https://via.placeholder.com/200
Lenovo,V310-15ISK (i5-7200U/8GB/1TB,Notebook,"15.6""",Full HD 1920x1080,Intel Core i5 7200U 2.5GHz,8GB,128GB SSD +  1TB HDD,AMD Radeon R5 M430,https://via.placeholder.com/200
Lenovo,Yoga 720-13IKB,2 in 1 Convertible,"13.3""",IPS Panel Full HD / Touchscreen 1920x1080,Intel Core i5 7200U 2.5GHz,8GB,256GB SSD,Intel HD Graphics 620,https://via.placeholder.com/200
Lenovo,IdeaPad 320-15AST,Notebook,"15.6""",1366x768,AMD E-Series E2-9000 2.2GHz,4GB,128GB SSD,AMD Radeon R2 Graphics,https://via.placeholder.com/200
HP,Pavilion X360,2 in 1 Convertible,"14.0""",IPS Panel Full HD / Touchscreen 1920x1080,Intel Core i3 7100U 2.4GHz,4GB,128GB SSD,Nvidia GeForce 940MX,https://via.placeholder.com/200
MSI,GP62 7RDX,Gaming,"15.6""",Full HD 1920x1080,Intel Core i7 7700HQ 2.8GHz,16GB,256GB SSD +  1TB HDD,Nvidia GeForce GTX 1050,https://via.placeholder.com/200
Asus,Zenbook 3,Ultrabook,"14.0""",Full HD 1920x1080,Intel Core i5 7200U 2.5GHz,8GB,256GB SSD,Intel HD Graphics 620,https://via.placeholder.com/200
HP,Chromebook X360,2 in 1 Convertible,"11.6""",Touchscreen 1366x768,Intel Celeron Dual Core N3350 1.1GHz,8GB,64GB Flash Storage,Intel HD Graphics 500,https://via.placeholder.com/200
LG,Gram 15Z975,Ultrabook,"15.6""",IPS Panel Full HD 1920x1080,Intel Core i7 8550U 1.8GHz,8GB,512GB SSD,Intel HD Graphics 620,https://via.placeholder.com/200
Acer,Aspire VX5-591G,Gaming,"15.6""",Full HD 1920x1080,Intel Core i5 7300HQ 2.5GHz,16GB,256GB SSD,Nvidia GeForce GTX 1050 Ti,https://via.placeholder.com/200
MSI,GV62M 7RD,Gaming,"15.6""",Full HD 1920x1080,Intel Core i5 7300HQ 2.5GHz,8GB,256GB SSD,Nvidia GeForce GTX 1050,https://via.placeholder.com/200
Asus,L502NA-GO052T (N3350/4GB/128GB/W10),Notebook,"15.6""",1366x768,Intel Celeron Dual Core N3350 1.1GHz,4GB,128GB SSD,Intel HD Graphics 500,https://via.placeholder.com/200
Dell,Alienware 15,Gaming,"15.6""",Full HD 1920x1080,Intel Core i5 7300HQ 2.5GHz,16GB,128GB SSD +  1TB HDD,Nvidia GeForce GTX 1060,https://via.placeholder.com/200
HP,17-bs000nv I3,Notebook,"17.3""",IPS Panel Full HD 1920x1080,Intel Core i3 6006U 2GHz,4GB,256GB SSD,AMD Radeon R5 520,https://via.placeholder.com/200
Lenovo,Yoga 730,2 in 1 Convertible,"13.3""",IPS Panel Full HD / Touchscreen 1920x1080,Intel Core i7 8550U 1.8GHz,8GB,512GB SSD,Intel UHD Graphics 620,https://via.placeholder.com/200
Dell,Alienware 15,Gaming,"15.6""",Full HD 1920x1080,Intel Core i7 7820HK 2.9GHz,16GB,256GB SSD +  1TB HDD,Nvidia GeForce GTX 1070,https://via.placeholder.com/200
HP,250 G6,Notebook,"15.6""",1366x768,Intel Core i5 7200U 2.5GHz,4GB,500GB HDD,AMD Radeon 520,https://via.placeholder.com/200
Dell,Inspiron 3567,Notebook,"15.6""",1366x768,Intel Core i3 6006U 2GHz,4GB,1TB HDD,AMD Radeon R5 M430,https://via.placeholder.com/200
HP,17-Y002nv (A10-9600P/6GB/2TB/Radeon,Notebook,"17.3""",IPS Panel Full HD 1920x1080,AMD A10-Series 9600P 2.4GHz,6GB,2TB HDD,AMD Radeon R7 M440,https://via.placeholder.com/200
Lenovo,V110-15ISK (3855U/4GB/500GB/W10),Notebook,"15.6""",1366x768,Intel Celeron Dual Core 3855U 1.6GHz,4GB,500GB HDD,Intel HD Graphics 510,https://via.placeholder.com/200
Acer,Chromebook 14,Notebook,"14.0""",1366x768,Intel Celeron Dual Core 3855U 1.6GHz,4GB,32GB Flash Storage,Intel HD Graphics 510,https://via.placeholder.com/200
Lenovo,IdeaPad 520s-14IKB,Notebook,"14.0""",Full HD 1920x1080,Intel Core i5 7200U 2.5GHz,4GB,256GB SSD,Intel HD Graphics 620,https://via.placeholder.com/200
HP,ZBook 17,Workstation,"17.3""",Full HD 1920x1080,Intel Core i7 7700HQ 2.8GHz,8GB,500GB HDD,Nvidia Quadro M1200,https://via.placeholder.com/200
Lenovo,ThinkPad X1,2 in 1 Convertible,"14.0""",Touchscreen 2560x1440,Intel Core i7 7500U 2.7GHz,8GB,256GB SSD,Intel HD Graphics 620,https://via.placeholder.com/200
Toshiba,Satellite Pro,Notebook,"13.3""",IPS Panel Full HD 1920x1080,Intel Core i5 7200U 2.5GHz,8GB,256GB SSD,Intel HD Graphics 620,https://via.placeholder.com/200
Acer,TravelMate B117-M,Netbook,"11.6""",1366x768,Intel Celeron Dual Core N3050 1.6GHz,4GB,32GB Flash Storage,Intel HD Graphics,https://via.placeholder.com/200
Lenovo,Yoga 910-13IKB,2 in 1 Convertible,"14.0""",Full HD / Touchscreen 1920x1080,Intel Core i7 7500U 2.7GHz,16GB,512GB SSD,Intel HD Graphics 620,https://via.placeholder.com/200
Asus,Chromebook Flip,2 in 1 Convertible,"12.5""",Full HD / Touchscreen 1920x1080,Intel Core M M3-6Y30 0.9GHz,4GB,64GB Flash Storage,Intel HD Graphics 515,https://via.placeholder.com/200
Toshiba,Portege Z30T-C-133,Ultrabook,"13.3""",Full HD / Touchscreen 1920x1080,Intel Core i7 6500U 2.5GHz,16GB,512GB SSD,Intel HD Graphics 520,https://via.placeholder.com/200
HP,15-bs011nv (i7-7500U/4GB/500GB/Radeon,Notebook,"15.6""",IPS Panel Full HD 1920x1080,Intel Core i7 7500U 2.7GHz,4GB,500GB HDD,AMD Radeon 530,https://via.placeholder.com/200
Dell,Inspiron 5577,Gaming,"15.6""",Full HD 1920x1080,Intel Core i5 7300HQ 2.5GHz,8GB,1TB HDD,Nvidia GeForce GTX 1050,https://via.placeholder.com/200
Lenovo,IdeaPad 320-15AST,Notebook,"15.6""",Full HD 1920x1080,AMD A9-Series 9420 2.9GHz,4GB,256GB SSD,AMD Radeon 530,https://via.placeholder.com/200
Lenovo,IdeaPad 320-15ABR,Notebook,"15.6""",1366x768,AMD A12-Series 9720P 3.6GHz,8GB,1TB HDD,AMD Radeon R7,https://via.placeholder.com/200
Lenovo,V310-15IKB (i5-7200U/4GB/1TB/FHD/W10),Notebook,"15.6""",Full HD 1920x1080,Intel Core i5 7200U 2.5GHz,4GB,1TB HDD +  1TB HDD,Intel HD Graphics 620,https://via.placeholder.com/200
Lenovo,V310-15ISK (i3-6006U/4GB/500GB/No,Notebook,"15.6""",1366x768,Intel Core i3 6006U 2GHz,4GB,500GB HDD,Intel HD Graphics 520,https://via.placeholder.com/200
Dell,Vostro 5568,Notebook,"15.6""",Full HD 1920x1080,Intel Core i5 7200U 2.5GHz,8GB,256GB SSD,Intel HD Graphics 620,https://via.placeholder.com/200
Acer,Spin 5,2 in 1 Convertible,"13.3""",IPS Panel Full HD / Touchscreen 1920x1080,Intel Core i5 8250U 1.6GHz,8GB,256GB SSD,Intel UHD Graphics 620,https://via.placeholder.com/200
Lenovo,ThinkPad P51s,Workstation,"15.6""",Full HD 1920x1080,Intel Core i7 6500U 2.5GHz,16GB,512GB SSD,Nvidia Quadro M520M,https://via.placeholder.com/200
Lenovo,Thinkpad T460p,Notebook,"14.0""",Full HD 1920x1080,Intel Core i5 6300HQ 2.3GHz,8GB,256GB SSD,Intel HD Graphics 520,https://via.placeholder.com/200
HP,17-ak002nv (A10-9620P/6GB/2TB/Radeon,Notebook,"17.3""",IPS Panel Full HD 1920x1080,AMD A10-Series 9620P 2.5GHz,6GB,2TB HDD,AMD Radeon 530,https://via.placeholder.com/200
Lenovo,Legion Y520-15IKBN,Gaming,"15.6""",IPS Panel Full HD 1920x1080,Intel Core i7 7700HQ 2.8GHz,8GB,128GB SSD +  1TB HDD,Nvidia GeForce GTX 1050 Ti,https://via.placeholder.com/200
Dell,Latitude 5480,Notebook,"14.0""",Full HD 1920x1080,Intel Core i5 7440HQ 2.8GHz,8GB,256GB SSD,Nvidia GeForce 930MX,https://via.placeholder.com/200
Dell,Vostro 5568,Notebook,"15.6""",Full HD 1920x1080,Intel Core i5 7200U 2.5GHz,8GB,1TB HDD,Intel HD Graphics 620,https://via.placeholder.com/200
Asus,VivoBook E403NA,Notebook,"14.0""",Full HD 1920x1080,Intel Celeron Dual Core N3350 1.1GHz,4GB,32GB Flash Storage,Intel HD Graphics 500,https://via.placeholder.com/200
Dell,Latitude 5580,Notebook,"15.6""",Full HD 1920x1080,Intel Core i5 7300U 2.6GHz,16GB,512GB SSD,Intel HD Graphics 620,https://via.placeholder.com/200
Lenovo,Thinkpad E470,Notebook,"14.0""",IPS Panel Full HD 1920x1080,Intel Core i5 7200U 2.5GHz,8GB,256GB SSD,Nvidia GeForce 920MX,https://via.placeholder.com/200
Dell,Latitude 5580,Notebook,"15.6""",Full HD 1920x1080,Intel Core i5 7300U 2.6GHz,8GB,256GB SSD,Intel HD Graphics 620,https://via.placeholder.com/200
Lenovo,110-15ACL (A6-7310/4GB/500GB/W10),Notebook,"15.6""",1366x768,AMD A6-Series 7310 2GHz,4GB,500GB HDD,AMD Radeon R4,https://via.placeholder.com/200
Mediacom,Smartbook 142,Notebook,"14.0""",IPS Panel Full HD 1920x1200,Intel Atom Z8350 1.92GHz,4GB,32GB HDD,Intel HD Graphics 400,https://via.placeholder.com/200
HP,ProBook 470,Notebook,"17.3""",Full HD 1920x1080,Intel Core i7 7500U 2.7GHz,8GB,256GB SSD,Nvidia GeForce 930MX,https://via.placeholder.com/200
Lenovo,ThinkPad X1,Ultrabook,"14.0""",IPS Panel Quad HD+ 2560x1440,Intel Core i7 6500U 2.5GHz,8GB,512GB SSD,Intel HD Graphics 520,https://via.placeholder.com/200
HP,Pavilion X360,2 in 1 Convertible,"13.3""",IPS Panel Touchscreen 1366x768,Intel Core i5 7200U 2.5GHz,8GB,256GB SSD,Intel HD Graphics 620,https://via.placeholder.com/200
Lenovo,ThinkPad T470s,Ultrabook,"14.0""",IPS Panel Full HD 1920x1080,Intel Core i5 7200U 2.5GHz,8GB,256GB SSD,Intel HD Graphics 620,https://via.placeholder.com/200
Dell,Alienware 17,Gaming,"17.3""",4K Ultra HD 3840x2160,Intel Core i7 7700HQ 2.8GHz,32GB,1TB SSD +  1TB HDD,Nvidia GeForce GTX 1070,https://via.placeholder.com/200
MSI,GL72M 7REX,Gaming,"17.3""",Full HD 1920x1080,Intel Core i7 7700HQ 2.8GHz,8GB,128GB SSD +  1TB HDD,Nvidia GeForce GTX 1050 Ti,https://via.placeholder.com/200
Lenovo,V310-15IKB (i5-7200U/4GB/1TB/No,Notebook,"15.6""",1366x768,Intel Core i5 7200U 2.5GHz,4GB,1TB HDD,Intel HD Graphics 620,https://via.placeholder.com/200
Dell,Inspiron 5570,Notebook,"15.6""",Full HD 1920x1080,Intel Core i5 8250U 1.6GHz,8GB,128GB SSD +  1TB HDD,AMD Radeon 530,https://via.placeholder.com/200
Dell,Inspiron 5378,2 in 1 Convertible,"13.3""",Full HD / Touchscreen 1920x1080,Intel Core i3 7100U 2.4GHz,4GB,1TB HDD,Intel HD Graphics 620,https://via.placeholder.com/200
Dell,Inspiron 5567,Notebook,"15.6""",1366x768,Intel Core i5 7200U 2.5GHz,8GB,1TB HDD,AMD Radeon R7 M445,https://via.placeholder.com/200
HP,15-BW037na (A9-9420/4GB/1TB/Radeon,Notebook,"15.6""",Full HD 1920x1080,AMD A9-Series 9420 3GHz,4GB,1TB HDD,AMD Radeon 520,https://via.placeholder.com/200
Acer,Predator 17,Gaming,"17.3""",IPS Panel Full HD 1920x1080,Intel Core i7 6700HQ 2.6GHz,16GB,128GB SSD +  1TB HDD,Nvidia GeForce GTX 1060,https://via.placeholder.com/200
Dell,Inspiron 3567,Notebook,"15.6""",1366x768,Intel Core i5 7200U 2.5GHz,12GB,1TB HDD,Intel HD Graphics 620,https://via.placeholder.com/200
HP,15-BW091ND (A9-9420/6GB/1TB,Notebook,"15.6""",Full HD 1920x1080,AMD A9-Series A9-9420 3GHz,6GB,128GB SSD +  1TB HDD,AMD Radeon 520,https://via.placeholder.com/200
Acer,Extensa EX2540-58KR,Notebook,"15.6""",1366x768,Intel Core i5 7200U 2.5GHz,4GB,500GB HDD,Intel HD Graphics 620,https://via.placeholder.com/200
Lenovo,ThinkPad 13,Notebook,"13.3""",IPS Panel Full HD 1920x1080,Intel Core i5 7200U 2.5GHz,8GB,256GB SSD,Intel HD Graphics 620,https://via.placeholder.com/200
Lenovo,V310-15IKB (i7-7500U/4GB/1TB/FHD/W10),Notebook,"15.6""",Full HD 1920x1080,Intel Core i7 7500U 2.7GHz,4GB,1TB HDD,Intel HD Graphics 620,https://via.placeholder.com/200
HP,ZBook 15,Workstation,"15.6""",Full HD 1920x1080,Intel Core i7 7700HQ 2.8GHz,16GB,256GB SSD,Nvidia Quadro M2200,https://via.placeholder.com/200
Dell,Inspiron 5379,2 in 1 Convertible,"13.3""",Full HD / Touchscreen 1920x1080,Intel Core i5 8250U 1.6GHz,8GB,1TB HDD,Intel UHD Graphics 620,https://via.placeholder.com/200
MSI,GS63VR 7RF,Gaming,"15.6""",Full HD 1920x1080,Intel Core i7 7700HQ 2.8GHz,16GB,256GB SSD +  1TB HDD,Nvidia GeForce GTX 1060,https://via.placeholder.com/200
Acer,Aspire ES1-572,Notebook,"15.6""",1366x768,Intel Core i3 6006U 2GHz,4GB,500GB HDD,Intel HD Graphics 520,https://via.placeholder.com/200
Dell,Inspiron 7560,Notebook,"15.6""",Full HD 1920x1080,Intel Core i7 7500U 2.7GHz,8GB,128GB SSD +  1TB HDD,Nvidia GeForce 940MX,https://via.placeholder.com/200
Dell,Vostro 3568,Notebook,"15.6""",1366x768,Intel Core i3 6006U 2GHz,8GB,256GB SSD,Intel HD Graphics 520,https://via.placeholder.com/200
Toshiba,Tecra X40-D-10G,Notebook,"14.0""",IPS Panel Full HD / Touchscreen 1920x1080,Intel Core i5 7200U 2.5GHz,8GB,256GB SSD,Intel HD Graphics 620,https://via.placeholder.com/200
Lenovo,Flex 5,2 in 1 Convertible,"14.0""",Full HD / Touchscreen 1920x1080,Intel Core i5 7200U 2.5GHz,8GB,256GB SSD,Intel HD Graphics 620,https://via.placeholder.com/200
Lenovo,Thinkpad P51s,Workstation,"15.6""",IPS Panel 4K Ultra HD 3840x2160,Intel Core i7 7600U 2.8GHz,16GB,1TB SSD,Nvidia Quadro M520M,https://via.placeholder.com/200
Acer,Chromebook 14,Notebook,"14.0""",1366x768,Intel Celeron Dual Core N3060 1.6GHz,2GB,32GB Flash Storage,Intel HD Graphics 400,https://via.placeholder.com/200
Samsung,Notebook 9,Ultrabook,"13.3""",Full HD 1920x1080,Intel Core i7 7500U 2.7GHz,16GB,256GB SSD,Intel HD Graphics 620,https://via.placeholder.com/200
HP,250 G6,Notebook,"15.6""",Full HD 1920x1080,Intel Core i3 6006U 2GHz,8GB,256GB SSD,Intel HD Graphics 520,https://via.placeholder.com/200
Dell,Latitude 5480,Notebook,"14.0""",1366x768,Intel Core i5 7200U 2.5GHz,8GB,256GB SSD,Intel HD Graphics 620,https://via.placeholder.com/200
HP,Zbook 17,Workstation,"17.3""",IPS Panel Full HD 1920x1080,Intel Xeon E3-1535M v5 2.9GHz,16GB,256GB SSD,Nvidia Quadro M2000M,https://via.placeholder.com/200
Lenovo,N23 (N3060/4GB/128GB/W10),Netbook,"11.6""",Touchscreen 1366x768,Intel Celeron Dual Core N3060 1.6GHz,4GB,128GB SSD,Intel HD Graphics 400,https://via.placeholder.com/200
HP,EliteBook 850,Notebook,"15.6""",Full HD 1920x1080,Intel Core i5 6300U 2.4GHz,8GB,256GB SSD,Intel HD Graphics 520,https://via.placeholder.com/200
Asus,X550VX-XX015D (i5-6300HQ/4GB/1TB/GeForce,Notebook,"15.6""",1366x768,Intel Core i5 6300HQ 2.3GHz,4GB,1TB HDD,Nvidia GeForce GTX 950M,https://via.placeholder.com/200
Lenovo,Thinkpad T460,Ultrabook,"14.0""",Full HD 1920x1080,Intel Core i5 6200U 2.3GHz,4GB,1GB SSD,Intel HD Graphics 520,https://via.placeholder.com/200
Asus,Pro P2540UA-XO0192R,Notebook,"15.6""",1366x768,Intel Core i7 7500U 2.7GHz,4GB,256GB SSD,Intel HD Graphics 620,https://via.placeholder.com/200
Lenovo,Yoga 900-13ISK,2 in 1 Convertible,"13.3""",IPS Panel Quad HD+ / Touchscreen 3200x1800,Intel Core i5 6260U 1.8GHz,8GB,256GB SSD,Intel HD Graphics 540,https://via.placeholder.com/200
HP,15-cb003na (i5-7300HQ/8GB/1TB,Notebook,"15.6""",IPS Panel Full HD 1920x1080,Intel Core i5 7300HQ 2.5GHz,8GB,128GB SSD +  1TB HDD,Nvidia GeForce GTX 1050,https://via.placeholder.com/200
HP,ZBook 15,Workstation,"15.6""",Full HD 1920x1080,Intel Core i7 6700HQ 2.6GHz,8GB,256GB SSD,Nvidia Quadro M1000M,https://via.placeholder.com/200
Dell,Alienware 17,Gaming,"15.6""",IPS Panel 4K Ultra HD 3840x2160,Intel Core i7 7700HQ 2.8GHz,16GB,256GB SSD +  1TB HDD,Nvidia GeForce GTX 1070,https://via.placeholder.com/200
Acer,Aspire 3,Notebook,"15.6""",1366x768,Intel Core i5 7200U 2.5GHz,4GB,256GB SSD,Intel HD Graphics 620,https://via.placeholder.com/200
Lenovo,Legion Y520-15IKBN,Gaming,"15.6""",IPS Panel Full HD 1920x1080,Intel Core i7 7700HQ 2.8GHz,8GB,128GB SSD +  1TB HDD,Nvidia GeForce GTX 1050,https://via.placeholder.com/200
Dell,Latitude 7280,Ultrabook,"12.5""",Full HD 1920x1080,Intel Core i7 7600U 2.8GHz,16GB,256GB SSD,Intel HD Graphics 620,https://via.placeholder.com/200
Google,Pixelbook (Core,Ultrabook,"12.3""",Touchscreen 2400x1600,Intel Core i5 7Y57 1.2GHz,8GB,256GB SSD,Intel HD Graphics 615,https://via.placeholder.com/200
Asus,Zenbook UX330UA-AH5Q,Ultrabook,"13.3""",IPS Panel Quad HD+ 3200x1800,Intel Core i5 7200U 2.5GHz,8GB,256GB SSD,Intel HD Graphics 620,https://via.placeholder.com/200
Dell,Latitude 3380,Notebook,"13.3""",1366x768,Intel Core i3 6006U 2GHz,4GB,500GB HDD,Intel HD Graphics 520,https://via.placeholder.com/200
Acer,TravelMate P238-M,Notebook,"13.3""",1366x768,Intel Core i5 6200U 2.3GHz,4GB,128GB SSD,Intel HD Graphics 520,https://via.placeholder.com/200
Asus,X751NV-TY001 (N4200/4GB/1TB/GeForce,Notebook,"17.3""",1366x768,Intel Pentium Quad Core N4200 1.1GHz,4GB,1TB HDD,Nvidia GeForce 920MX,https://via.placeholder.com/200
Dell,Inspiron 7559,Gaming,"15.6""",IPS Panel Touchscreen / 4K Ultra HD 3840x2160,Intel Core i7 6700HQ 2.6GHz,16GB,128GB SSD +  1TB HDD,Nvidia GeForce GTX 960M,https://via.placeholder.com/200
Samsung,Notebook 9,Ultrabook,"13.3""",Full HD / Touchscreen 1920x1080,Intel Core i7 7500U 2.7GHz,8GB,256GB SSD,Intel HD Graphics 620,https://via.placeholder.com/200
Acer,Aspire A315-31,Notebook,"15.6""",1366x768,Intel Pentium Quad Core N4200 1.1GHz,4GB,1TB HDD,Intel HD Graphics 505,https://via.placeholder.com/200
Dell,Inspiron 5567,Notebook,"15.6""",Full HD 1920x1080,Intel Core i7 7500U 2.7GHz,16GB,256GB SSD,AMD Radeon R7 M445,https://via.placeholder.com/200
Samsung,Notebook 9,2 in 1 Convertible,"15.0""",Full HD / Touchscreen 1920x1080,Intel Core i7 7500U 2.7GHz,16GB,256GB SSD,AMD Radeon 540,https://via.placeholder.com/200
Toshiba,Tecra A40-C-1E5,Notebook,"14.0""",IPS Panel 1366x768,Intel Core i5 6200U 2.3GHz,4GB,128GB SSD,Intel HD Graphics 520,https://via.placeholder.com/200
Dell,Inspiron 7567,Gaming,"15.6""",Full HD 1920x1080,Intel Core i7 7700HQ 2.8GHz,8GB,1TB HDD,Nvidia GeForce GTX 1050,https://via.placeholder.com/200
HP,EliteBook 820,Ultrabook,"12.5""",1366x768,Intel Core i5 6200U 2.3GHz,4GB,256GB SSD,Intel HD Graphics 520,https://via.placeholder.com/200
Asus,Q524UQ-BHI7T15 (i7-7500U/12GB/2TB/GeForce,2 in 1 Convertible,"15.6""",Full HD / Touchscreen 1920x1080,Intel Core i7 7500U 2.7GHz,12GB,2TB HDD,Nvidia GeForce 940MX,https://via.placeholder.com/200
Lenovo,Thinkpad P50,Notebook,"15.6""",4K Ultra HD 3840x2160,Intel Core i7 6820HQ 2.7GHz,16GB,512GB SSD,Nvidia Quadro M2000M,https://via.placeholder.com/200
Acer,Swift 3,Notebook,"14.0""",IPS Panel Full HD 1920x1080,Intel Core i3 7100U 2.4GHz,4GB,128GB SSD,Intel HD Graphics 620,https://via.placeholder.com/200
Razer,Blade Pro,Gaming,"14.0""",Full HD 1920x1080,Intel Core i7 7700HQ 2.8GHz,16GB,512GB SSD,Nvidia GeForce GTX 1060,https://via.placeholder.com/200
Asus,Vivobook Max,Notebook,"15.6""",1920x1080,Intel Pentium Dual Core N4200 1.1GHz,8GB,128GB SSD,Intel HD Graphics 505,https://via.placeholder.com/200
Dell,Alienware 17,Gaming,"17.3""",IPS Panel Full HD 1920x1080,Intel Core i7 7700HQ 2.8GHz,32GB,1TB SSD +  1TB HDD,Nvidia GeForce GTX 1070M,https://via.placeholder.com/200
Asus,Rog G752VS-BA171T,Gaming,"17.3""",IPS Panel Full HD 1920x1080,Intel Core i7 6700HQ 2.6GHz,16GB,256GB SSD +  1TB HDD,Nvidia GeForce GTX 1070,https://via.placeholder.com/200
Toshiba,Tecra Z40-C-161,Ultrabook,"14.0""",IPS Panel Full HD 1920x1080,Intel Core i7 6600U 2.6GHz,16GB,512GB SSD,Nvidia GeForce 930M,https://via.placeholder.com/200
Lenovo,IdeaPad 110-15IBR,Notebook,"15.6""",1366x768,Intel Celeron Quad Core N3710 1.6GHz,8GB,1TB HDD,Intel HD Graphics 405,https://via.placeholder.com/200
Lenovo,ThinkPad T470s,Ultrabook,"14.0""",Full HD 1920x1080,Intel Core i7 7500U 2.7GHz,16GB,512GB SSD,Intel HD Graphics 620,https://via.placeholder.com/200
MSI,GS43VR 7RE,Gaming,"14.0""",IPS Panel Full HD 1920x1080,Intel Core i7 7700HQ 2.8GHz,16GB,256GB SSD +  1TB HDD,Nvidia GeForce GTX 1060,https://via.placeholder.com/200
MSI,GL62M (i5-7300HQ/8GB/1TB,Gaming,"15.6""",Full HD 1920x1080,Intel Core i5 7300HQ 2.5GHz,8GB,128GB SSD +  1TB HDD,Nvidia GeForce GTX 1050,https://via.placeholder.com/200
Lenovo,Legion Y520-15IKBN,Gaming,"15.6""",IPS Panel Full HD 1920x1080,Intel Core i7 7700HQ 2.8GHz,4GB,1TB HDD,Nvidia GeForce GTX 1050,https://via.placeholder.com/200
Acer,Predator G9-793,Gaming,"17.3""",IPS Panel Full HD 1920x1080,Intel Core i7 7700HQ 2.8GHz,16GB,256GB SSD +  1TB HDD,Nvidia GeForce GTX 1060,https://via.placeholder.com/200
Dell,Inspiron 7567,Gaming,"15.6""",Full HD 1920x1080,Intel Core i5 7300HQ 2.5GHz,8GB,256GB SSD,Nvidia GeForce GTX 1050,https://via.placeholder.com/200
Asus,FX502VM-DM560T (i7-7700HQ/8GB/1TB,Gaming,"15.6""",Full HD 1920x1080,Intel Core i7 7700HQ 2.8GHz,8GB,128GB SSD +  1TB HDD,Nvidia GeForce GTX1060,https://via.placeholder.com/200
Vero,K146 (N3350/4GB/32GB/W10),Notebook,"14.0""",1920x1080,Intel Celeron Dual Core N3350 1.1GHz,4GB,32GB Flash Storage,Intel HD Graphics 500,https://via.placeholder.com/200
Lenovo,ThinkPad Yoga,2 in 1 Convertible,"13.3""",IPS Panel Full HD / Touchscreen 1920x1080,Intel Core i7 7500U 2.7GHz,8GB,512GB SSD,Intel HD Graphics 620,https://via.placeholder.com/200
Lenovo,Yoga 510-15IKB,2 in 1 Convertible,"15.6""",Full HD / Touchscreen 1920x1080,Intel Core i5 7200U 2.5GHz,8GB,256GB SSD,AMD Radeon R7 M460,https://via.placeholder.com/200
Apple,"MacBook 12""",Ultrabook,"12.0""",IPS Panel Retina Display 2304x1440,Intel Core M 1.2GHz,8GB,512GB Flash Storage,Intel HD Graphics 5300,https://via.placeholder.com/200
Lenovo,ThinkPad X1,2 in 1 Convertible,"14.0""",IPS Panel Touchscreen 2560x1440,Intel Core i5 7200U 2.5GHz,8GB,256GB SSD,Intel HD Graphics 620,https://via.placeholder.com/200
Asus,R417NA-RS01 (N3350/4GB/32GB/W10),Notebook,"14.0""",1366x768,Intel Celeron Dual Core N3350 1.1GHz,4GB,32GB Flash Storage,Intel HD Graphics 500,https://via.placeholder.com/200
Dell,Latitude 3580,Notebook,"15.6""",1366x768,Intel Core i5 7200U 2.5GHz,8GB,128GB SSD,Intel HD Graphics 620,https://via.placeholder.com/200
Lenovo,Yoga 910-13IKB,2 in 1 Convertible,"13.9""",IPS Panel Full HD / Touchscreen 1920x1080,Intel Core i7 7500U 2.7GHz,8GB,256GB SSD,Intel HD Graphics 620,https://via.placeholder.com/200
Dell,Vostro 5568,Notebook,"15.6""",Full HD 1920x1080,Intel Core i3 6006U 2GHz,8GB,256GB SSD,AMD Radeon R5 M420X,https://via.placeholder.com/200
HP,ZBook 17,Workstation,"15.6""",Full HD 1920x1080,Intel Core i7 7700HQ 2.8GHz,8GB,256GB SSD,Nvidia Quadro M2200,https://via.placeholder.com/200
Asus,Pro P2540UA-XS51,Notebook,"15.6""",Full HD 1920x1080,Intel Core i5 7200U 2.5GHz,8GB,256GB SSD,Intel HD Graphics 620,https://via.placeholder.com/200
Dell,XPS 13,Ultrabook,"13.3""",Full HD 1920x1080,Intel Core i5 7200U 2.5GHz,8GB,256GB SSD,Intel HD Graphics 620,https://via.placeholder.com/200
Dell,XPS 15,Notebook,"15.6""",4K Ultra HD / Touchscreen 3840x2160,Intel Core i5 7300HQ 2.5GHz,8GB,256GB SSD,Nvidia GeForce GTX 1050,https://via.placeholder.com/200
Dell,Latitude 3180,Netbook,"11.6""",1366x768,Intel Pentium Quad Core N4200 1.1GHz,4GB,128GB SSD,Intel HD Graphics 505,https://via.placeholder.com/200
HP,EliteBook 820,Netbook,"12.5""",1366x768,Intel Core i5 7300U 2.6GHz,8GB,256GB SSD,Intel HD Graphics 620,https://via.placeholder.com/200
Toshiba,Satellite Pro,Notebook,"15.6""",1366x768,Intel Core i5 6200U 2.3GHz,4GB,500GB HDD,Intel HD Graphics 520,https://via.placeholder.com/200
HP,15-ba043na (A12-9700P/8GB/2TB/W10),Notebook,"15.6""",1366x768,AMD A12-Series 9700P 2.5GHz,8GB,2TB HDD,AMD Radeon R7 Graphics,https://via.placeholder.com/200
Dell,Inspiron 7567,Gaming,"15.6""",4K Ultra HD 3840x2160,Intel Core i7 7700HQ 2.8GHz,16GB,512GB SSD,Nvidia GeForce GTX 1050 Ti,https://via.placeholder.com/200
Lenovo,IdeaPad 310-15IKB,Notebook,"15.6""",Full HD 1920x1080,Intel Core i5 7200U 2.5GHz,4GB,1TB HDD,Nvidia GeForce 920M,https://via.placeholder.com/200
HP,Omen 17-an012dx,Gaming,"17.3""",IPS Panel Full HD 1920x1080,Intel Core i7 7700HQ 2.8GHz,12GB,1TB HDD,AMD Radeon RX 580,https://via.placeholder.com/200
MSI,GE72MVR 7RG,Gaming,"17.3""",Full HD 1920x1080,Intel Core i7 7700HQ 2.8GHz,16GB,512GB SSD +  1TB HDD,Nvidia GeForce GTX 1070,https://via.placeholder.com/200
Samsung,Notebook 9,Ultrabook,"13.3""",Full HD 1920x1080,Intel Core i5 7200U 2.5GHz,8GB,256GB SSD,Intel HD Graphics 620,https://via.placeholder.com/200
Dell,Vostro 5568,Notebook,"15.6""",Full HD 1920x1080,Intel Core i7 7500U 2.7GHz,8GB,1TB HDD,Nvidia GeForce GT 940MX,https://via.placeholder.com/200
Dell,Vostro 3568,Notebook,"15.6""",Full HD 1920x1080,Intel Core i5 7200U 2.5GHz,8GB,256GB SSD,AMD Radeon R5 M420,https://via.placeholder.com/200
Lenovo,Thinkpad T470s,Ultrabook,"14.0""",Full HD 1920x1080,Intel Core i7 7500U 2.7GHz,8GB,256GB SSD,Intel HD Graphics 620,https://via.placeholder.com/200
Razer,Blade Stealth,Ultrabook,"12.5""",IPS Panel 4K Ultra HD / Touchscreen 3840x2160,Intel Core i7 7500U 2.5GHz,16GB,512GB SSD,Intel HD Graphics 620,https://via.placeholder.com/200
HP,Chromebook 11,Netbook,"11.6""",1366x768,Intel Celeron Dual Core N3060 1.6GHz,4GB,16GB Flash Storage,Intel HD Graphics 400,https://via.placeholder.com/200
Dell,Alienware 17,Gaming,"17.3""",IPS Panel Full HD 1920x1080,Intel Core i7 7700HQ 2.8GHz,16GB,128GB SSD +  1TB HDD,Nvidia GeForce GTX 1060,https://via.placeholder.com/200
Dell,Latitude 3480,Notebook,"14.0""",1366x768,Intel Core i5 6200U 2.3GHz,4GB,500GB HDD,Intel HD Graphics 520,https://via.placeholder.com/200
Lenovo,V110-15ISK (i3-6006U/4GB/500GB/W10),Notebook,"15.6""",1366x768,Intel Core i3 6006U 2GHz,4GB,500GB HDD,Intel HD Graphics 520,https://via.placeholder.com/200
Toshiba,Tecra X40-D-10Z,Ultrabook,"14.0""",1366x768,Intel Core i5 7200U 2.5GHz,4GB,128GB SSD,Intel HD Graphics 620,https://via.placeholder.com/200
Lenovo,Thinkpad X1,Ultrabook,"14.0""",IPS Panel Full HD 1920x1080,Intel Core i7 7500U 2.7GHz,8GB,512GB SSD,Intel HD Graphics 620,https://via.placeholder.com/200
MSI,GL62M 7RD,Gaming,"15.6""",Full HD 1920x1080,Intel Core i5 7300HQ 2.5GHz,8GB,256GB SSD,Nvidia GeForce GTX 1050,https://via.placeholder.com/200
Lenovo,ThinkPad X1,Ultrabook,"14.0""",IPS Panel Full HD 1920x1080,Intel Core i5 7200U 2.5GHz,8GB,256GB Flash Storage,Intel HD Graphics 620,https://via.placeholder.com/200
Toshiba,Satellite Pro,Notebook,"14.0""",1366x768,Intel Pentium Dual Core 4405U 2.1GHz,4GB,128GB SSD,Intel HD Graphics 510,https://via.placeholder.com/200
Asus,ZenBook Flip,2 in 1 Convertible,"13.3""",Touchscreen / Full HD 1920x1080,Intel Core i5 7200U 2.5GHz,8GB,256GB SSD,Intel HD Graphics 620,https://via.placeholder.com/200
Dell,Latitude 3480,Notebook,"14.0""",1366x768,Intel Core i3 6006U 2GHz,4GB,500GB HDD,Intel HD Graphics 520,https://via.placeholder.com/200
Acer,Chromebook 11,Netbook,"11.6""",IPS Panel 1366x768,Intel Celeron Dual Core N3060 1.6GHz,4GB,32GB Flash Storage,Intel HD Graphics 400,https://via.placeholder.com/200
Acer,Swift 3,Notebook,"14.0""",IPS Panel Full HD 1920x1080,Intel Core i3 7100U 2.4GHz,8GB,128GB SSD,Intel HD Graphics 620,https://via.placeholder.com/200
Razer,Blade Pro,Gaming,"17.3""",4K Ultra HD / Touchscreen 3840x2160,Intel Core i7 7820HK 2.9GHz,32GB,512GB SSD,Nvidia GeForce GTX 1080,https://via.placeholder.com/200
Lenovo,Thinkpad X1,Ultrabook,"14.0""",IPS Panel Quad HD+ 2560x1440,Intel Core i7 6600U 2.6GHz,16GB,512GB SSD,Intel HD Graphics 520,https://via.placeholder.com/200
Asus,VivoBook Max,Notebook,"15.6""",Full HD 1920x1080,Intel Core i5 7200U 2.5GHz,4GB,1TB HDD,Nvidia GeForce 920,https://via.placeholder.com/200
Lenovo,Thinkpad T460,Notebook,"14.0""",Full HD 1920x1080,Intel Core i5 6200U 2.3GHz,8GB,256GB SSD,Intel HD Graphics 520,https://via.placeholder.com/200
Lenovo,ThinkPad T470s,Notebook,"14.0""",IPS Panel Full HD 1920x1080,Intel Core i5 7300U 2.6GHz,8GB,256GB SSD,Intel HD Graphics 620,https://via.placeholder.com/200
Dell,Alienware 15,Gaming,"15.6""",Full HD 1920x1080,Intel Core i7 7700HQ 2.8GHz,16GB,256GB SSD +  1TB HDD,Nvidia GeForce GTX 1070,https://via.placeholder.com/200
Asus,Rog GL702VS-BA023T,Gaming,"17.3""",Full HD 1920x1080,Intel Core i7 7700HQ 2.8GHz,16GB,256GB SSD +  1TB HDD,Nvidia GeForce GTX 1070,https://via.placeholder.com/200
Toshiba,Satellite Pro,Notebook,"15.6""",1366x768,Intel Core i3 7100U 2.4GHz,4GB,500GB HDD,Intel HD Graphics 620,https://via.placeholder.com/200
Lenovo,N42-20 Chromebook,Notebook,"14.0""",1366x768,Intel Celeron Quad Core N3160 1.6GHz,4GB,16GB Flash Storage,Intel HD Graphics 400,https://via.placeholder.com/200
Asus,R558UA-DM966T (i5-7200U/8GB/128GB/FHD/W10),Notebook,"15.6""",Full HD 1920x1080,Intel Core i5 7200U 2.5GHz,8GB,128GB HDD,Intel HD Graphics 620,https://via.placeholder.com/200
Asus,Rog GL702VM-GC017T,Gaming,"17.3""",Full HD 1920x1080,Intel Core i7 6700HQ 2.6GHz,16GB,512GB SSD +  1TB HDD,Nvidia GeForce GTX 1060,https://via.placeholder.com/200
Dell,Alienware 17,Gaming,"17.3""",IPS Panel Full HD 1920x1080,Intel Core i7 7700HQ 2.8GHz,32GB,512GB SSD +  1TB HDD,Nvidia GeForce GTX 1070,https://via.placeholder.com/200
HP,ProBook 470,Notebook,"17.3""",1600x900,Intel Core i5 7200U 2.5GHz,8GB,1TB HDD,Nvidia GeForce 930MX,https://via.placeholder.com/200
Dell,Vostro 3568,Notebook,"15.6""",1366x768,Intel Core i5 7200U 2.5GHz,8GB,128GB SSD,Intel HD Graphics 620,https://via.placeholder.com/200
HP,EliteBook 840,Ultrabook,"14.0""",Full HD 1920x1080,Intel Core i7 6500U 2.5GHz,8GB,512GB SSD,Intel HD Graphics 520,https://via.placeholder.com/200
Dell,Vostro 3568,Notebook,"15.6""",Full HD 1920x1080,Intel Core i7 7500U 2.7GHz,4GB,256GB SSD,AMD Radeon R5 M420,https://via.placeholder.com/200
HP,Chromebook X360,2 in 1 Convertible,"11.6""",Touchscreen 1366x768,Intel Celeron Dual Core N3350 1.1GHz,4GB,32GB Flash Storage,Intel HD Graphics 500,https://via.placeholder.com/200
Asus,ZenBook UX310UQ-GL026T,Ultrabook,"13.3""",IPS Panel Full HD 1920x1080,Intel Core i5 6200U 2.3GHz,8GB,512GB SSD,Nvidia GeForce 940M,https://via.placeholder.com/200
HP,EliteBook x360,2 in 1 Convertible,"13.3""",Full HD / Touchscreen 1920x1080,Intel Core i5 7200U 2.5GHz,8GB,256GB SSD,Intel HD Graphics 620,https://via.placeholder.com/200
HP,EliteBook 840,Ultrabook,"14.0""",Full HD 1920x1080,Intel Core i7 6500U 2.5GHz,8GB,512GB SSD,Intel HD Graphics 520,https://via.placeholder.com/200
HP,250 G6,Notebook,"15.6""",1366x768,Intel Celeron Dual Core N3060 1.6GHz,4GB,128GB SSD,Intel HD Graphics 400,https://via.placeholder.com/200
Asus,Rog GL502VM-DS74,Gaming,"15.6""",Full HD 1920x1080,Intel Core i7 7700HQ 2.8GHz,16GB,128GB SSD +  1TB HDD,Nvidia GeForce GTX 1060,https://via.placeholder.com/200
Dell,Inspiron 5767,Notebook,"17.3""",Full HD 1920x1080,Intel Core i7 7500U 2.7GHz,8GB,1TB HDD,AMD Radeon R7 M445,https://via.placeholder.com/200
Lenovo,ThinkPad T470p,Ultrabook,"14.0""",IPS Panel Full HD 1920x1080,Intel Core i7 7700HQ 2.8GHz,8GB,256GB SSD,Nvidia GeForce GT 940MX,https://via.placeholder.com/200
Asus,K556UR-DM621T (i7-7500U/8GB/256GB/GeForce,Notebook,"15.6""",IPS Panel Full HD 1920x1080,Intel Core i7 7500U 2.7GHz,8GB,256GB SSD,Nvidia GeForce GTX 930MX,https://via.placeholder.com/200
Dell,Latitude 5580,Notebook,"15.6""",Full HD 1920x1080,Intel Core i5 7200U 2.5GHz,8GB,128GB SSD,Intel HD Graphics 620,https://via.placeholder.com/200
Asus,X541NA (N4200/4GB/1TB/W10),Notebook,"15.6""",1366x768,Intel Pentium Quad Core N4200 1.1GHz,4GB,1TB HDD,Intel HD Graphics 505,https://via.placeholder.com/200
HP,EliteBook x360,2 in 1 Convertible,"13.3""",Full HD / Touchscreen 1920x1080,Intel Core i7 7600U 2.8GHz,8GB,256GB SSD,Intel HD Graphics 620,https://via.placeholder.com/200
Dell,Inspiron 5368,Notebook,"13.3""",Full HD / Touchscreen 1920x1080,Intel Core i5 6200U 2.3GHz,8GB,1TB HDD,Intel HD Graphics 520,https://via.placeholder.com/200
Lenovo,IdeaPad 110-15ISK,Notebook,"15.6""",Full HD 1920x1080,Intel Core i3 6006U 2.0GHz,4GB,1TB HDD,Intel HD Graphics 520,https://via.placeholder.com/200
Lenovo,ThinkPad E570,Notebook,"15.6""",IPS Panel Full HD 1920x1080,Intel Core i5 7200U 2.5GHz,8GB,1TB HDD,Intel HD Graphics 620,https://via.placeholder.com/200
HP,EliteBook 850,Notebook,"15.6""",Full HD 1920x1080,Intel Core i5 7300U 2.6GHz,8GB,256GB SSD,AMD Radeon R7 M465,https://via.placeholder.com/200
Toshiba,Portege X30-D-10X,Notebook,"13.3""",Full HD 1920x1080,Intel Core i5 7200U 2.5GHz,4GB,128GB SSD,Intel HD Graphics 620,https://via.placeholder.com/200
Lenovo,Legion Y520-15IKBN,Gaming,"15.6""",IPS Panel Full HD 1920x1080,Intel Core i5 7300HQ 2.5GHz,8GB,1TB HDD,Nvidia GeForce GTX 1050,https://via.placeholder.com/200
Dell,XPS 13,Ultrabook,"13.3""",Quad HD+ / Touchscreen 3200x1800,Intel Core i7 7660U 2.5GHz,16GB,512GB SSD,Intel Iris Plus Graphics 640,https://via.placeholder.com/200
HP,Probook 450,Notebook,"15.6""",Full HD 1920x1080,Intel Core i5 6200U 2.3GHz,4GB,500GB HDD,Intel HD Graphics 520,https://via.placeholder.com/200
Toshiba,Portégé Z30-C-188,Ultrabook,"13.3""",1366x768,Intel Core i5 6200U 2.3GHz,8GB,256GB SSD,Intel HD Graphics 520,https://via.placeholder.com/200
Lenovo,ThinkPad Yoga,2 in 1 Convertible,"13.3""",IPS Panel Full HD / Touchscreen 1920x1080,Intel Core i7 7500U 2.7GHz,8GB,256GB SSD,Intel HD Graphics 620,https://via.placeholder.com/200
Acer,TMX349-G2-M-50FS (i5-7200U/8GB/256GB/FHD/W10),Notebook,"14.0""",IPS Panel Full HD 1920x1080,Intel Core i5 7200U 2.5GHz,8GB,256GB SSD,Intel HD Graphics 620,https://via.placeholder.com/200
Dell,Precision 3520,Workstation,"15.6""",Full HD 1920x1080,Intel Core i7 7700HQ 2.8GHz,8GB,1TB HDD,Nvidia Quadro M620,https://via.placeholder.com/200
Lenovo,ThinkPad L570,Notebook,"15.6""",1366x768,Intel Core i5 7200U 2.5GHz,4GB,500GB HDD,Intel HD Graphics 620,https://via.placeholder.com/200
Lenovo,IdeaPad 110-15ISK,Notebook,"15.6""",Full HD 1920x1080,Intel Core i3 6006U 2GHz,4GB,1TB HDD,AMD Radeon R5 M430,https://via.placeholder.com/200
Toshiba,Tecra A50-D-11D,Notebook,"15.6""",IPS Panel Full HD 1920x1080,Intel Core i7 7500U 2.7GHz,8GB,256GB SSD,Intel HD Graphics 620,https://via.placeholder.com/200
Lenovo,Thinkpad 13,Notebook,"13.3""",IPS Panel Full HD 1920x1080,Intel Core i3 7100U 2.4GHz,4GB,1GB SSD,Intel HD Graphics 620,https://via.placeholder.com/200
Samsung,Notebook 9,Ultrabook,"15.0""",Full HD 1920x1080,Intel Core i7 7500U 2.7GHz,16GB,256GB SSD,Nvidia GeForce 940MX,https://via.placeholder.com/200
Dell,Latitude 7280,Ultrabook,"12.5""",Full HD 1920x1080,Intel Core i7 7600U 2.8GHz,8GB,256GB SSD,Intel HD Graphics 620,https://via.placeholder.com/200
Asus,X541NA-GO121 (N4200/4GB/1TB/Linux),Notebook,"15.6""",1366x768,Intel Pentium Quad Core N4200 1.1GHz,4GB,1TB HDD,Intel HD Graphics 505,https://via.placeholder.com/200
Xiaomi,Mi Notebook,Ultrabook,"13.3""",IPS Panel Full HD 1920x1080,Intel Core i5 6200U 2.3GHz,8GB,256GB SSD,Nvidia GeForce 940MX,https://via.placeholder.com/200
Dell,Vostro 5568,Notebook,"15.6""",Full HD 1920x1080,Intel Core i5 7200U 2.5GHz,4GB,128GB SSD +  1TB HDD,Nvidia GeForce 940MX,https://via.placeholder.com/200
HP,ProBook 450,Notebook,"15.6""",Full HD 1920x1080,Intel Core i5 7200U 2.5GHz,4GB,256GB SSD,Intel HD Graphics 620,https://via.placeholder.com/200
HP,EliteBook x360,2 in 1 Convertible,"13.3""",Full HD / Touchscreen 1920x1080,Intel Core i5 7200U 2.5GHz,4GB,256GB SSD,Intel HD Graphics 620,https://via.placeholder.com/200
HP,Pavilion x360,2 in 1 Convertible,"15.6""",Touchscreen 1366x768,Intel Core i5 7200U 2.5GHz,4GB,500GB HDD,Intel HD Graphics 620,https://via.placeholder.com/200
Asus,VivoBook L402NA,Notebook,"14.1""",1366x768,Intel Celeron Dual Core N3350 1.1GHz,4GB,32GB Flash Storage,Intel HD Graphics 500,https://via.placeholder.com/200
Lenovo,IdeaPad 510-15ISK,Notebook,"15.6""",IPS Panel Full HD 1920x1080,Intel Core i7 6500U 2.5GHz,8GB,1TB HDD,Nvidia GeForce 940MX,https://via.placeholder.com/200
Dell,Inspiron 3552,Notebook,"15.6""",1366x768,Intel Pentium Quad Core N3710 1.6GHz,4GB,500GB HDD,Intel HD Graphics,https://via.placeholder.com/200
HP,EliteBook x360,2 in 1 Convertible,"13.3""",Full HD / Touchscreen 1920x1080,Intel Core i5 7200U 2.5GHz,4GB,256GB SSD,Intel HD Graphics 620,https://via.placeholder.com/200
Dell,Vostro 3568,Notebook,"15.6""",1366x768,Intel Core i3 6006U 2.0GHz,4GB,1TB HDD,AMD Radeon R5 M420X,https://via.placeholder.com/200
Asus,Rog GL753VD-GC082T,Gaming,"17.3""",Full HD 1920x1080,Intel Core i5 7300HQ 2.5GHz,12GB,128GB SSD +  1TB HDD,Nvidia GeForce GTX 1050,https://via.placeholder.com/200
Acer,Chromebook C731-C78G,Netbook,"11.6""",IPS Panel 1366x768,Intel Celeron Dual Core N3060 1.6GHz,4GB,32GB Flash Storage,Intel HD Graphics 400,https://via.placeholder.com/200
Lenovo,IdeaPad 110-17ACL,Notebook,"17.3""",1600x900,AMD A4-Series 7210 2.2GHz,4GB,500GB HDD,AMD Radeon R3,https://via.placeholder.com/200
HP,Probook 640,Notebook,"14.0""",Full HD 1920x1080,Intel Core i5 7200U 2.5GHz,4GB,128GB SSD,Intel HD Graphics 620,https://via.placeholder.com/200
HP,Envy x360,2 in 1 Convertible,"13.3""",Quad HD+ / Touchscreen 3200x1800,Intel Core i7 7500U 2.7GHz,16GB,256GB SSD,Intel HD Graphics 620,https://via.placeholder.com/200
Samsung,Notebook 9,Ultrabook,"15.0""",Full HD 1920x1080,Intel Core i7 7500U 2.7GHz,8GB,256GB SSD,Intel HD Graphics 620,https://via.placeholder.com/200
Lenovo,ThinkPad T470s,Ultrabook,"14.0""",IPS Panel Full HD 1920x1080,Intel Core i5 7200U 2.5GHz,8GB,256GB SSD,Intel HD Graphics 620,https://via.placeholder.com/200
MSI,GS73VR Stealth,Gaming,"17.3""",IPS Panel 4K Ultra HD 3840x2160,Intel Core i7 6700HQ 2.6GHz,16GB,512GB SSD +  2TB HDD,Nvidia GeForce GTX 1060,https://via.placeholder.com/200
Toshiba,Portege X30-D-10V,Notebook,"13.3""",Full HD 1920x1080,Intel Core i5 7200U 2.5GHz,8GB,256GB SSD,Intel HD Graphics 620,https://via.placeholder.com/200
Dell,Inspiron 7567,Gaming,"15.6""",Full HD 1920x1080,Intel Core i7 7700HQ 2.8GHz,8GB,1TB HDD,Nvidia GeForce GTX 1050Ti,https://via.placeholder.com/200
HP,ProBook 450,Notebook,"15.6""",Full HD 1920x1080,Intel Core i7 7500U 2.7GHz,8GB,1TB HDD,Nvidia GeForce 930MX,https://via.placeholder.com/200
Dell,Vostro 3568,Notebook,"15.6""",1366x768,Intel Core i3 6006U 2.0GHz,4GB,1TB HDD,AMD Radeon R5 M420X,https://via.placeholder.com/200
Dell,Latitude 5580,Notebook,"15.6""",Full HD 1920x1080,Intel Core i5 7300U 2.6GHz,8GB,500GB HDD,Intel HD Graphics 620,https://via.placeholder.com/200
Dell,XPS 13,2 in 1 Convertible,"13.3""",Quad HD+ / Touchscreen 3200x1800,Intel Core i7 7Y75 1.3GHz,8GB,512GB SSD,Intel HD Graphics 615,https://via.placeholder.com/200
Asus,G701VO-IH74K (i7-6820HK/32GB/2x,Gaming,"17.3""",IPS Panel Full HD 1920x1080,Intel Core i7 6820HK 2.7GHz,32GB,256GB SSD +  256GB SSD,Nvidia GeForce GTX 980M,https://via.placeholder.com/200
Dell,XPS 13,2 in 1 Convertible,"13.3""",Full HD / Touchscreen 1920x1080,Intel Core i7 7Y75 1.3GHz,16GB,256GB SSD,Intel HD Graphics 615,https://via.placeholder.com/200
Lenovo,ThinkPad X1,Ultrabook,"14.0""",IPS Panel Full HD 1920x1080,Intel Core i7 7500U 2.7GHz,8GB,256GB Flash Storage,Intel HD Graphics 620,https://via.placeholder.com/200
Lenovo,ThinkPad T570,Notebook,"15.6""",IPS Panel Full HD 1920x1080,Intel Core i5 7200U 2.5GHz,8GB,512GB SSD,Intel HD Graphics 620,https://via.placeholder.com/200
LG,Gram 15Z970,Ultrabook,"15.6""",IPS Panel Full HD / Touchscreen 1920x1080,Intel Core i7 7500U 2.7GHz,16GB,512GB SSD,Intel HD Graphics 620,https://via.placeholder.com/200
HP,Elitebook 820,Netbook,"12.5""",Full HD 1920x1080,Intel Core i7 7500U 2.7GHz,8GB,512GB SSD,Intel HD Graphics 620,https://via.placeholder.com/200
Acer,Chromebook CB5-571-C1DZ,Notebook,"15.6""",IPS Panel Full HD 1920x1080,Intel Celeron Dual Core 3205U 1.5GHz,4GB,16GB Flash Storage,Intel HD Graphics,https://via.placeholder.com/200
Lenovo,IdeaPad Y700-15ISK,Notebook,"15.6""",IPS Panel Full HD 1920x1080,Intel Core i5 6300HQ 2.3GHz,8GB,128GB SSD +  1TB HDD,Nvidia GeForce GTX 960M,https://via.placeholder.com/200
LG,Gram 14Z970,Ultrabook,"14.0""",IPS Panel Full HD / Touchscreen 1920x1080,Intel Core i7 7500U 2.7GHz,8GB,512GB SSD,Intel HD Graphics 620,https://via.placeholder.com/200
Dell,Latitude 5480,Notebook,"14.0""",Full HD 1920x1080,Intel Core i5 7440HQ 2.8GHz,8GB,256GB SSD,Intel HD Graphics 620,https://via.placeholder.com/200
HP,Elitebook Folio,Ultrabook,"12.5""",4K Ultra HD / Touchscreen 3840x2160,Intel Core M 6Y75 1.2GHz,8GB,240GB SSD,Intel HD Graphics 515,https://via.placeholder.com/200
Lenovo,IdeaPad 510-15IKB,Notebook,"15.6""",Full HD 1920x1080,Intel Core i7 7500U 2.7GHz,6GB,256GB SSD,Nvidia GeForce 940MX,https://via.placeholder.com/200
HP,ProBook 450,Notebook,"15.6""",Full HD 1920x1080,Intel Core i7 7500U 2.7GHz,8GB,256GB SSD,Nvidia GeForce 930MX,https://via.placeholder.com/200
Acer,Aspire E5-575,Notebook,"15.6""",Full HD 1920x1080,Intel Core i3 7100U 2.4GHz,4GB,1TB HDD,Intel HD Graphics 620,https://via.placeholder.com/200
Lenovo,ThinkPad 13,Notebook,"13.3""",Full HD 1920x1080,Intel Core i5 7200U 2.5GHz,4GB,128GB SSD,Intel HD Graphics 620,https://via.placeholder.com/200
HP,Probook 430,Notebook,"13.3""",Full HD 1920x1080,Intel Core i5 7200U 2.5GHz,8GB,256GB SSD,Intel HD Graphics 620,https://via.placeholder.com/200
MSI,GE72VR 6RF,Gaming,"17.3""",Full HD 1920x1080,Intel Core i7 7700HQ 2.8GHz,16GB,256GB SSD +  1TB HDD,Nvidia GeForce GTX 1050 Ti,https://via.placeholder.com/200
Dell,Inspiron 7567,Gaming,"15.6""",Full HD 1920x1080,Intel Core i7 7700HQ 2.8GHz,16GB,128GB SSD +  1TB HDD,Nvidia GeForce GTX 1050 Ti,https://via.placeholder.com/200
MSI,GL62M 7RD,Gaming,"15.6""",Full HD 1920x1080,Intel Core i5 7300HQ 2.5GHz,8GB,128GB SSD +  1TB HDD,Nvidia GeForce GTX 1050,https://via.placeholder.com/200
Dell,Vostro 3568,Notebook,"15.6""",1366x768,Intel Core i5 7200U 2.5GHz,4GB,1TB HDD,AMD Radeon R5 M420,https://via.placeholder.com/200
HP,EliteBook 850,Ultrabook,"15.6""",Full HD 1920x1080,Intel Core i7 6500U 2.5GHz,8GB,256GB SSD,AMD Radeon R7 M365X,https://via.placeholder.com/200
HP,Envy 13-AB077cl,Ultrabook,"13.3""",Quad HD+ / Touchscreen 3200x1800,Intel Core i7 7500U 2.7GHz,8GB,256GB SSD,Intel HD Graphics 620,https://via.placeholder.com/200
Toshiba,Tecra Z50-C-140,Notebook,"15.6""",IPS Panel Full HD 1920x1080,Intel Core i7 6600U 2.6GHz,16GB,256GB SSD,Nvidia GeForce 930M,https://via.placeholder.com/200
Lenovo,ThinkPad Yoga,2 in 1 Convertible,"13.3""",IPS Panel Full HD / Touchscreen 1920x1080,Intel Core i5 7200U 2.5GHz,8GB,512GB SSD,Intel HD Graphics 620,https://via.placeholder.com/200
Dell,Latitude 3580,Notebook,"15.6""",1366x768,Intel Core i5 6200U 2.3GHz,4GB,500GB HDD,Intel HD Graphics 520,https://via.placeholder.com/200
Lenovo,Thinkpad X270,Ultrabook,"12.5""",IPS Panel Full HD 1920x1080,Intel Core i7 7500U 2.7GHz,8GB,256GB SSD,Intel HD Graphics 620,https://via.placeholder.com/200
HP,Probook 650,Notebook,"15.6""",Full HD 1920x1080,Intel Core i5 6200U 2.3GHz,8GB,256GB SSD,Intel HD Graphics 520,https://via.placeholder.com/200
Dell,Vostro 3568,Notebook,"15.6""",1366x768,Intel Core i5 7200U 2.5GHz,4GB,1TB HDD,Intel HD Graphics 620,https://via.placeholder.com/200
HP,ProBook 640,Notebook,"14.0""",1366x768,Intel Core i5 6200U 2.3GHz,4GB,500GB HDD,Intel HD Graphics 520,https://via.placeholder.com/200
Lenovo,IdeaPad 320-15IAP,Notebook,"15.6""",1366x768,Intel Pentium Quad Core N4200 1.1GHz,4GB,1TB HDD,Intel HD Graphics 505,https://via.placeholder.com/200
HP,EliteBook 820,Ultrabook,"12.5""",Full HD 1920x1080,Intel Core i5 6200U 2.3GHz,4GB,500GB HDD,Intel HD Graphics 520,https://via.placeholder.com/200
HP,250 G6,Notebook,"15.6""",1366x768,Intel Celeron Dual Core N3060 1.6GHz,4GB,1TB HDD,Intel HD Graphics 400,https://via.placeholder.com/200
Lenovo,Yoga 900-13ISK,2 in 1 Convertible,"13.3""",IPS Panel Quad HD+ / Touchscreen 3200x1800,Intel Core i7 6560U 2.2GHz,16GB,1TB SSD,Intel Iris Graphics 540,https://via.placeholder.com/200
Toshiba,Tecra Z40-C-12X,Notebook,"14.0""",IPS Panel Full HD 1920x1080,Intel Core i5 6200U 2.3GHz,4GB,128GB SSD,Intel HD Graphics 520,https://via.placeholder.com/200
HP,EliteBook 820,Netbook,"12.5""",Full HD 1920x1080,Intel Core i5 6200U 2.3GHz,8GB,256GB SSD,Intel HD Graphics 520,https://via.placeholder.com/200
Dell,Vostro 3568,Notebook,"15.6""",1366x768,Intel Core i3 6006U 2.0GHz,4GB,1TB HDD,Intel HD Graphics 520,https://via.placeholder.com/200
MSI,GP62M Leopard,Gaming,"15.6""",Full HD 1920x1080,Intel Core i7 7700HQ 2.8GHz,8GB,128GB SSD +  1TB HDD,Nvidia GeForce GTX 1050,https://via.placeholder.com/200
Dell,Latitude 7480,Ultrabook,"14.0""",Full HD 1920x1080,Intel Core i5 7200U 2.5GHz,8GB,256GB SSD,Intel HD Graphics 620,https://via.placeholder.com/200
Dell,Alienware 17,Gaming,"17.3""",2560x1440,Intel Core i7 6820HK 2.7GHz,16GB,512GB SSD +  1TB HDD,Nvidia GeForce GTX 1080,https://via.placeholder.com/200
HP,Omen 17-W006na,Gaming,"17.3""",IPS Panel Full HD 1920x1080,Intel Core i5 6300HQ 2.3GHz,8GB,128GB SSD +  1TB HDD,Nvidia GeForce GTX 965M,https://via.placeholder.com/200
Asus,X751SV-TY001T (N3710/4GB/1TB/GeForce,Notebook,"17.3""",1600x900,Intel Pentium Quad Core N3710 1.6GHz,4GB,1TB HDD,Nvidia GeForce 920MX,https://via.placeholder.com/200
Acer,TravelMate P259-G2,Notebook,"15.6""",1366x768,Intel Core i5 7200U 2.5GHz,4GB,500GB HDD,Intel HD Graphics 620,https://via.placeholder.com/200
Toshiba,Tecra A50-C-1ZV,Notebook,"15.6""",1366x768,Intel Core i5 6200U 2.3GHz,8GB,256GB SSD,Intel HD Graphics 520,https://via.placeholder.com/200
Lenovo,Yoga 700-11ISK,2 in 1 Convertible,"11.3""",IPS Panel Full HD / Touchscreen 1920x1080,Intel Core M m7-6Y75 1.2GHz,8GB,256GB SSD,Intel HD Graphics 515,https://via.placeholder.com/200
Lenovo,IdeaPad Y700-15ACZ,Gaming,"15.6""",IPS Panel Full HD 1920x1080,AMD FX 8800P 2.1GHz,16GB,512GB SSD +  1TB HDD,AMD Radeon R9 M385,https://via.placeholder.com/200
Dell,Latitude 7280,Ultrabook,"12.5""",Full HD / Touchscreen 1920x1080,Intel Core i5 7200U 2.5GHz,8GB,256GB SSD,Intel HD Graphics,https://via.placeholder.com/200
Lenovo,IdeaPad 310-15IKB,Notebook,"15.6""",Full HD 1920x1080,Intel Core i7 7500U 2.7GHz,8GB,1TB HDD,Nvidia GeForce 920MX,https://via.placeholder.com/200
Dell,Insprion 5767,Notebook,"17.3""",1600x900,Intel Core i3 6006U 2.0GHz,4GB,1TB HDD,AMD Radeon R7 M445,https://via.placeholder.com/200
Acer,Chromebook 14,Notebook,"14.0""",1366x768,Intel Celeron Dual Core N3060 1.6GHz,4GB,32GB Flash Storage,Intel HD Graphics 400,https://via.placeholder.com/200
HP,ZBook Studio,Workstation,"15.6""",IPS Panel Full HD 1920x1080,Intel Core i7 6820HQ 2.7GHz,8GB,8GB SSD,Nvidia Quadro M1000M,https://via.placeholder.com/200
Dell,Latitude 7480,Ultrabook,"14.0""",Full HD 1920x1080,Intel Core i7 7600U 2.8GHz,8GB,256GB SSD,Intel HD Graphics 620,https://via.placeholder.com/200
Toshiba,Portege Z30-C-1CW,Notebook,"13.3""",Full HD 1920x1080,Intel Core i5 6200U 2.3GHz,8GB,256GB SSD,Intel HD Graphics 520,https://via.placeholder.com/200
Asus,Chromebook Flip,2 in 1 Convertible,"12.5""",Full HD 1920x1080,Intel Core M M7-6Y75 1.2GHz,8GB,64GB Flash Storage,Intel HD Graphics 515,https://via.placeholder.com/200
Lenovo,Thinkpad T460,Ultrabook,"14.0""",IPS Panel Full HD 1920x1080,Intel Core i7 6600U 2.6GHz,8GB,256GB SSD,Intel HD Graphics 520,https://via.placeholder.com/200
Dell,Alienware 17,Gaming,"17.3""",IPS Panel 4K Ultra HD 3840x2160,Intel Core i7 7700HQ 2.8GHz,16GB,512GB SSD +  1TB HDD,Nvidia GeForce GTX 1070,https://via.placeholder.com/200
Dell,XPS 13,2 in 1 Convertible,"13.3""",Full HD / Touchscreen 1920x1080,Intel Core i5 7Y54 1.2GHz,8GB,256GB SSD,Intel HD Graphics 615,https://via.placeholder.com/200
HP,ProBook x360,2 in 1 Convertible,"11.6""",Touchscreen 1366x768,Intel Pentium Quad Core N4200 1.1GHz,4GB,256GB SSD,Intel HD Graphics 505,https://via.placeholder.com/200
Dell,XPS 13,Ultrabook,"13.3""",Quad HD+ 3200x1800,Intel Core i7 6500U 2.5GHz,8GB,256GB SSD,Intel HD Graphics 520,https://via.placeholder.com/200
Acer,Chromebook C738T-C2EJ,2 in 1 Convertible,"11.6""",IPS Panel Touchscreen 1366x768,Intel Celeron Dual Core N3060 1.6GHz,4GB,32GB Flash Storage,Intel HD Graphics 400,https://via.placeholder.com/200
Toshiba,Portege Z30-C-16Z,Notebook,"13.3""",Full HD 1920x1080,Intel Core i5 6300U 2.4GHz,8GB,256GB SSD,Intel HD Graphics 520,https://via.placeholder.com/200
Lenovo,ThinkPad X270,Ultrabook,"12.5""",IPS Panel Full HD 1920x1080,Intel Core i5 7300U 2.6GHz,8GB,256GB SSD,Intel HD Graphics 620,https://via.placeholder.com/200
Acer,Aspire F5-573G-510L,Notebook,"15.6""",Full HD 1920x1080,Intel Core i5 7200U 2.5GHz,12GB,128GB SSD +  1TB HDD,Nvidia GeForce GTX 950M,https://via.placeholder.com/200
Toshiba,Portege X20W-D-10V,Ultrabook,"12.5""",Full HD / Touchscreen 1920x1080,Intel Core i7 7500U 2.7GHz,8GB,512GB SSD,Intel HD Graphics 620,https://via.placeholder.com/200
HP,ProBook 450,Notebook,"15.6""",1366x768,Intel Core i5 7200U 2.50GHz,8GB,1TB HDD,Nvidia GeForce 930MX,https://via.placeholder.com/200
Dell,Inspiron 3567,Notebook,"15.6""",1366x768,Intel Core i3 6006U 2.0GHz,4GB,1TB HDD,AMD Radeon R5 M430,https://via.placeholder.com/200
Dell,Latitude 5580,Notebook,"15.6""",1366x768,Intel Core i5 7200U 2.5GHz,4GB,500GB HDD,Intel HD Graphics 620,https://via.placeholder.com/200
HP,ProBook 450,Notebook,"15.6""",Full HD 1920x1080,Intel Core i3 7100U 2.4GHz,4GB,500GB HDD,Intel HD Graphics 620,https://via.placeholder.com/200
Dell,Alienware 17,Gaming,"17.3""",IPS Panel Full HD 1920x1080,Intel Core i7 7700HQ 2.8GHz,32GB,256GB SSD +  1TB HDD,Nvidia GeForce GTX 1070,https://via.placeholder.com/200
Lenovo,IdeaPad 310-15IKB,Notebook,"15.6""",Full HD 1920x1080,Intel Core i5 7200U 2.5GHz,6GB,256GB SSD,Nvidia GeForce 920MX,https://via.placeholder.com/200
Dell,XPS 13,2 in 1 Convertible,"13.3""",Quad HD+ / Touchscreen 3200x1800,Intel Core i7 7Y75 1.3GHz,16GB,512GB SSD,Intel HD Graphics 615,https://via.placeholder.com/200
Dell,Latitude E7470,Ultrabook,"14.0""",Touchscreen 2560x1440,Intel Core i7 6600U 2.6GHz,8GB,256GB SSD,Intel HD Graphics 520,https://via.placeholder.com/200
Dell,Alienware 17,Gaming,"17.3""",Full HD 1920x1080,Intel Core i7 6700HQ 2.6GHz,32GB,256GB SSD +  1TB HDD,Nvidia GeForce GTX 1070,https://via.placeholder.com/200
Toshiba,Tecra A40-C-1DF,Notebook,"14.0""",Full HD 1920x1080,Intel Core i5 6200U 2.3GHz,8GB,256GB SSD,Intel HD Graphics 520,https://via.placeholder.com/200
Asus,Rog Strix,Gaming,"17.3""",Full HD 1920x1080,Intel Core i7 7700HQ 2.8GHz,16GB,256GB SSD +  1TB HDD,Nvidia GeForce GTX 1060,https://via.placeholder.com/200
HP,Probook 450,Notebook,"15.6""",IPS Panel Full HD 1920x1080,Intel Core i5 7200U 2.70GHz,8GB,128GB SSD +  1TB HDD,Nvidia GeForce 930MX,https://via.placeholder.com/200
Lenovo,ThinkPad T460,Notebook,"14.0""",1366x768,Intel Core i5 6200U 2.3GHz,4GB,508GB Hybrid,Intel HD Graphics 520,https://via.placeholder.com/200
Asus,Q534UX-BHI7T19 (i7-7500U/16GB/2TB,2 in 1 Convertible,"15.6""",4K Ultra HD / Touchscreen 3840x2160,Intel Core i7 7500U 2.7GHz,16GB,512GB SSD +  2TB HDD,Nvidia GeForce GTX 950M,https://via.placeholder.com/200
HP,15-bs053od (i7-7500U/6GB/1TB/W10),Notebook,"15.6""",1366x768,Intel Core i7 7500U 2.7GHz,6GB,1TB HDD,Intel HD Graphics 620,https://via.placeholder.com/200
Asus,Rog GL753VE-DS74,Gaming,"17.3""",Full HD 1920x1080,Intel Core i7 7700HQ 2.8GHz,16GB,256GB SSD +  1TB HDD,Nvidia GeForce GTX 1050 Ti,https://via.placeholder.com/200
Dell,Inspiron 7579,2 in 1 Convertible,"15.6""",IPS Panel Full HD / Touchscreen 1920x1080,Intel Core i7 7500U 2.7GHz,12GB,512GB SSD,Intel HD Graphics 620,https://via.placeholder.com/200
Toshiba,Portege Z30-C-1CV,Notebook,"13.3""",Full HD 1920x1080,Intel Core i5 6200U 2.3GHz,4GB,128GB SSD,Intel HD Graphics 520,https://via.placeholder.com/200
Lenovo,IdeaPad 320-15ABR,Notebook,"15.6""",Full HD 1920x1080,AMD A12-Series 9720P 3.6GHz,6GB,256GB SSD,AMD Radeon 530,https://via.placeholder.com/200
Fujitsu,LifeBook A556,Notebook,"15.6""",1366x768,Intel Core i5 6200U 2.3GHz,4GB,256GB SSD,Intel HD Graphics 520,https://via.placeholder.com/200
Toshiba,Tecra A40-C-1KF,Notebook,"14.0""",1366x768,Intel Core i5 6200U 2.3GHz,4GB,500GB HDD,Intel HD Graphics 520,https://via.placeholder.com/200
Dell,Inspiron 3567,Notebook,"15.6""",1366x768,Intel Core i5 7200U 2.5GHz,4GB,500GB HDD,AMD Radeon R5 M430,https://via.placeholder.com/200
HP,Probook 450,Notebook,"15.6""",Full HD 1920x1080,Intel Core i5 7200U 2.5GHz,8GB,1TB HDD,Intel HD Graphics 620,https://via.placeholder.com/200
Lenovo,Legion Y520-15IKBN,Gaming,"15.6""",IPS Panel Full HD 1920x1080,Intel Core i7 7700HQ 2.8GHz,8GB,128GB SSD +  1TB HDD,Nvidia GeForce GTX 1060,https://via.placeholder.com/200
Dell,Inspiron 5567,Notebook,"15.6""",1366x768,Intel Core i7 7500U 2.7GHz,8GB,1TB HDD,AMD Radeon R7 M445,https://via.placeholder.com/200
Dell,Latitude 5480,Notebook,"14.0""",Full HD 1920x1080,Intel Core i5 7200U 2.5GHz,8GB,128GB SSD,Intel HD Graphics 620 ,https://via.placeholder.com/200
HP,EliteBook Folio,Netbook,"12.5""",Full HD 1920x1080,Intel Core M 6Y75 1.2GHz,8GB,512GB SSD,Intel HD Graphics 515,https://via.placeholder.com/200
HP,15-bs005nv (i3-6006U/4GB/1TB,Notebook,"15.6""",Full HD 1920x1080,Intel Core i3 6006U 2GHz,4GB,128GB SSD +  1TB HDD,AMD Radeon 520,https://via.placeholder.com/200
Lenovo,V110-15IAP (N3350/4GB/128GB/No,Notebook,"15.6""",1366x768,Intel Celeron Dual Core N3350 1.1GHz,4GB,128GB SSD,Intel HD Graphics 500,https://via.placeholder.com/200
Lenovo,ThinkPad T560,Notebook,"15.6""",Full HD 1920x1080,Intel Core i5 6200U 2.3GHz,8GB,256GB SSD,Intel HD Graphics 520,https://via.placeholder.com/200
Dell,Inspiron 5378,2 in 1 Convertible,"13.3""",Full HD / Touchscreen 1920x1080,Intel Core i5 7200U 2.5GHz,8GB,256GB SSD,Intel HD Graphics 620,https://via.placeholder.com/200
Asus,ZenBook UX310UA-FB485T,Notebook,"13.3""",Quad HD+ 3200x1800,Intel Core i5 7200U 2.5GHz,8GB,256GB SSD,Intel HD Graphics 620,https://via.placeholder.com/200
HP,Spectre 13-V111dx,Ultrabook,"13.3""",IPS Panel Full HD / Touchscreen 1920x1080,Intel Core i7 7500U 2.7GHz,8GB,256GB SSD,Intel HD Graphics 620,https://via.placeholder.com/200
Acer,Aspire ES1-533,Notebook,"15.6""",1366x768,Intel Pentium Quad Core N4200 1.1GHz,4GB,500GB HDD,Intel HD Graphics 505,https://via.placeholder.com/200
Asus,Rog GL553VE-DS74,Gaming,"15.6""",Full HD 1920x1080,Intel Core i7 7700HQ 2.8GHz,16GB,256GB SSD +  1TB HDD,Nvidia GeForce GTX 1050 Ti,https://via.placeholder.com/200
HP,EliteBook 840,Ultrabook,"14.0""",Full HD 1920x1080,Intel Core i7 7500U 2.7GHz,8GB,512GB SSD,Intel HD Graphics 620,https://via.placeholder.com/200
Acer,Nitro 5,Gaming,"15.6""",IPS Panel Full HD 1920x1080,Intel Core i7 7700HQ 2.8GHz,8GB,128GB SSD +  1TB HDD,Nvidia GeForce GTX 1050,https://via.placeholder.com/200
HP,ENVY -,Notebook,"13.3""",IPS Panel Full HD 1920x1080,Intel Core i5 7200U 2.5GHz,8GB,256GB SSD,Intel HD Graphics 620,https://via.placeholder.com/200
Dell,Vostro 3568,Notebook,"15.6""",1366x768,Intel Core i3 7100U 2.4GHz,4GB,128GB SSD,Intel HD Graphics 620,https://via.placeholder.com/200
HP,Probook 440,Notebook,"14.0""",1366x768,Intel Core i5 7200U 2.5GHz,4GB,500GB HDD,Intel HD Graphics 620,https://via.placeholder.com/200
Toshiba,Portege Z30-C-16H,Notebook,"13.3""",Full HD 1920x1080,Intel Core i5 6200U 2.3GHz,4GB,128GB SSD,Intel HD Graphics 520,https://via.placeholder.com/200
HP,EliteBook 840,Notebook,"14.0""",1366x768,Intel Core i5 6300U 2.4GHz,4GB,256GB SSD,Intel HD Graphics 520,https://via.placeholder.com/200
HP,ProBook 640,Notebook,"14.0""",Full HD 1920x1080,Intel Core i5 7200U 2.5GHz,4GB,256GB SSD,Intel HD Graphics 620,https://via.placeholder.com/200
HP,EliteBook 1040,Ultrabook,"14.0""",Full HD 1920x1080,Intel Core i7 6600U 2.6GHz,8GB,256GB SSD,Intel HD Graphics 520,https://via.placeholder.com/200
HP,ProBook 440,Notebook,"14.0""",Full HD 1920x1080,Intel Core i5 7200U 2.5GHz,8GB,256GB SSD,Nvidia GeForce 930MX,https://via.placeholder.com/200
HP,Probook 440,Notebook,"14.0""",1366x768,Intel Core i3 7100U 2.4GHz,4GB,500GB HDD,Intel HD Graphics 620,https://via.placeholder.com/200
Dell,Inspiron 7567,Gaming,"15.6""",Full HD 1920x1080,Intel Core i5 7300HQ 2.5GHz,8GB,1TB Hybrid,Nvidia GeForce GTX 1050,https://via.placeholder.com/200
HP,EliteBook 820,Ultrabook,"12.5""",Full HD 1920x1080,Intel Core i5 7200U 2.5GHz,4GB,500GB HDD,Intel HD Graphics 620,https://via.placeholder.com/200
HP,Elitebook 840,Notebook,"14.0""",Full HD 1920x1080,Intel Core i5 7200U 2.5GHz,4GB,256GB SSD,Intel HD Graphics 620,https://via.placeholder.com/200
HP,EliteBook 840,Ultrabook,"14.0""",Full HD 1920x1080,Intel Core i7 6500U 2.5GHz,8GB,256GB SSD,Intel HD Graphics 520,https://via.placeholder.com/200
HP,Probook 430,Notebook,"13.3""",1366x768,Intel Core i3 7100U 2.4GHz,4GB,500GB HDD,Intel HD Graphics 620,https://via.placeholder.com/200
Toshiba,Portege A30-C-1CZ,Notebook,"13.3""",1366x768,Intel Core i5 6200U 2.3GHz,8GB,256GB SSD,Intel HD Graphics 520,https://via.placeholder.com/200
HP,ProBook 450,Notebook,"15.6""",1366x768,Intel Core i3 7100U 2.4GHz,4GB,256GB SSD,Intel HD Graphics 620,https://via.placeholder.com/200
Lenovo,ThinkPad P70,Notebook,"17.3""",IPS Panel 4K Ultra HD 3840x2160,Intel Core i7 6820HQ 2.7GHz,16GB,512GB SSD,Nvidia Quadro 3000M,https://via.placeholder.com/200
Toshiba,Tecra Z40-C-12Z,Notebook,"14.0""",IPS Panel Full HD 1920x1080,Intel Core i5 6200U 2.3GHz,8GB,256GB SSD,Intel HD Graphics 520,https://via.placeholder.com/200
HP,EliteBook 1040,Notebook,"14.0""",Full HD 1920x1080,Intel Core i7 6500U 2.5GHz,8GB,256GB SSD,Intel HD Graphics 520,https://via.placeholder.com/200
Dell,Inspiron 5568,2 in 1 Convertible,"15.6""",IPS Panel Full HD / Touchscreen 1920x1080,Intel Core i3 6100U 2.3GHz,4GB,1TB HDD,Intel HD Graphics 520,https://via.placeholder.com/200
Toshiba,Portégé Z30-C-16K,Ultrabook,"13.3""",Full HD 1920x1080,Intel Core i5 6200U 2.3GHz,8GB,256GB SSD,Intel HD Graphics 520,https://via.placeholder.com/200
HP,Spectre 13-V100nv,Notebook,"13.3""",IPS Panel Full HD 1920x1080,Intel Core i5 7200U 2.5GHz,8GB,256GB SSD,Intel HD Graphics 620,https://via.placeholder.com/200
HP,ProBook 440,Notebook,"14.0""",Full HD 1920x1080,Intel Core i7 7500U 2.7GHz,8GB,256GB SSD,Nvidia GeForce 930MX,https://via.placeholder.com/200
Dell,Latitude E5570,Notebook,"15.6""",Full HD 1920x1080,Intel Core i5 6300U 2.4GHz,8GB,500GB HDD,Intel HD Graphics 520,https://via.placeholder.com/200
HP,Elitebook 820,Ultrabook,"12.5""",1366x768,Intel Core i5 7200U 2.5GHz,4GB,256GB SSD,Intel HD Graphics 620,https://via.placeholder.com/200
HP,ProBook 650,Notebook,"14.0""",1366x768,Intel Core i5 7200U 2.5GHz,4GB,500GB HDD,Intel HD Graphics 620,https://via.placeholder.com/200
HP,ProBook 640,Notebook,"14.0""",1366x768,Intel Core i5 7200U 2.5GHz,4GB,500GB HDD,Intel HD Graphics 620,https://via.placeholder.com/200
Dell,XPS 13,Ultrabook,"13.3""",Quad HD+ / Touchscreen 3200x1800,Intel Core i5 7200U 2.5GHz,8GB,256GB SSD,Intel HD Graphics 620,https://via.placeholder.com/200
HP,Probook 470,Notebook,"17.3""",Full HD 1920x1080,Intel Core i5 7200U 2.5GHz,8GB,256GB SSD,Nvidia GeForce 930MX,https://via.placeholder.com/200
HP,ProBook 440,Notebook,"14.0""",1366x768,Intel Core i5 7200U 2.5GHz,4GB,256GB SSD,Intel HD Graphics 620,https://via.placeholder.com/200
Acer,Aspire 3,Notebook,"15.6""",1366x768,AMD A9-Series 9420 3GHz,6GB,1TB HDD,AMD Radeon R5,https://via.placeholder.com/200
MSI,GL72M 7RDX,Gaming,"17.3""",Full HD 1920x1080,Intel Core i7 7700HQ 2.8GHz,8GB,128GB SSD +  1TB HDD,Nvidia GeForce GTX 1050,https://via.placeholder.com/200
HP,Probook 640,Notebook,"14.0""",Full HD 1920x1080,Intel Core i5 6200U 2.3GHz,8GB,256GB SSD,Intel HD Graphics 520,https://via.placeholder.com/200
HP,EliteBook 850,Notebook,"15.6""",Full HD 1920x1080,Intel Core i7 6500U 2.5GHz,8GB,256GB SSD,Intel HD Graphics 520,https://via.placeholder.com/200
HP,EliteBook 820,Ultrabook,"12.5""",Full HD 1920x1080,Intel Core i7 6500U 2.5GHz,8GB,256GB SSD,Intel HD Graphics 520,https://via.placeholder.com/200
HP,ProBook 450,Notebook,"15.6""",1366x768,Intel Core i5 7200U 2.5GHz,4GB,500GB HDD,Intel HD Graphics 620,https://via.placeholder.com/200
Toshiba,Tecra Z40-C-136,Ultrabook,"14.0""",IPS Panel Full HD 1920x1080,Intel Core i7 6600U 2.6GHz,8GB,256GB SSD,Intel HD Graphics 520,https://via.placeholder.com/200
Dell,Latitude E5570,Notebook,"15.6""",Full HD 1920x1080,Intel Core i5 6300U 2.4GHz,8GB,256GB SSD,Intel HD Graphics 520,https://via.placeholder.com/200
HP,ProBook 440,Notebook,"14.0""",Full HD 1920x1080,Intel Core i5 7200U 2.5GHz,8GB,256GB SSD,Intel HD Graphics 620,https://via.placeholder.com/200
Lenovo,Yoga 500-15ISK,2 in 1 Convertible,"15.6""",IPS Panel Full HD / Touchscreen 1920x1080,Intel Core i7 6500U 2.5GHz,4GB,256GB SSD,Intel HD Graphics 520,https://via.placeholder.com/200
Vero,V142 (X5-Z8350/2GB/32GB/W10),Notebook,"14.0""",1366x768,Intel Atom X5-Z8350 1.44GHz,2GB,32GB Flash Storage,Intel HD Graphics 400,https://via.placeholder.com/200
Toshiba,Tecra A50-C-218,Notebook,"15.6""",IPS Panel Full HD 1920x1080,Intel Core i7 6500U 2.5GHz,16GB,256GB SSD,Nvidia GeForce 930M,https://via.placeholder.com/200
Lenovo,Thinkpad L560,Notebook,"15.6""",Full HD 1920x1080,Intel Core i5 6200U 2.3GHz,8GB,256GB SSD,Intel HD Graphics 520,https://via.placeholder.com/200
HP,EliteBook 840,Notebook,"14.0""",Full HD 1920x1080,Intel Core i5 6200U 2.3GHz,4GB,500GB HDD,Intel HD Graphics 520,https://via.placeholder.com/200
HP,EliteBook 850,Notebook,"15.6""",Full HD 1920x1080,Intel Core i5 6300U 2.4GHz,8GB,256GB SSD +  500GB HDD,Intel HD Graphics 520,https://via.placeholder.com/200
HP,EliteBook 1040,Notebook,"14.0""",Full HD 1920x1080,Intel Core i5 6200U 2.3GHz,8GB,256GB SSD,Intel HD Graphics 520,https://via.placeholder.com/200
MSI,GT72S Dominator,Gaming,"17.3""",IPS Panel Full HD 1920x1080,Intel Core i7 6820HK 2.7GHz,16GB,256GB SSD +  1TB HDD,Nvidia GeForce GTX 980M,https://via.placeholder.com/200
Lenovo,IdeaPad Y900-17ISK,Gaming,"17.3""",IPS Panel Full HD 1920x1080,Intel Core i7 6700HQ 2.6GHz,16GB,128GB SSD +  1TB HDD,Nvidia GeForce GTX 980M,https://via.placeholder.com/200
Asus,Chromebook C202SA,Netbook,"11.6""",1366x768,Intel Celeron Dual Core N3060 1.6GHz,4GB,16GB Flash Storage,Intel HD Graphics 400,https://via.placeholder.com/200
Lenovo,ThinkPad X1,Notebook,"14.0""",IPS Panel 2560x1440,Intel Core i7 6600U 2.6GHz,16GB,256GB SSD,Intel HD Graphics 520,https://via.placeholder.com/200
HP,Noteb Pav,Notebook,"15.6""",IPS Panel Full HD 1920x1080,Intel Core i7 7500U 2.7GHz,8GB,1TB HDD,Nvidia GeForce 940MX,https://via.placeholder.com/200
Dell,Inspiron 5578,2 in 1 Convertible,"15.6""",IPS Panel Full HD / Touchscreen 1920x1080,Intel Core i5 7200U 2.7GHz,8GB,256GB SSD,Intel HD Graphics 620,https://via.placeholder.com/200
HP,ProBook 450,Notebook,"15.6""",1366x768,Intel Core i5 7200U 2.5GHz,4GB,256GB SSD,Intel HD Graphics 620,https://via.placeholder.com/200
Dell,XPS 13,Ultrabook,"13.3""",Quad HD+ / Touchscreen 3200x1800,Intel Core i7 7500U 2.7GHz,16GB,1TB SSD,Intel HD Graphics 620,https://via.placeholder.com/200
HP,ProBook 650,Notebook,"15.6""",1366x768,Intel Core i3 6100U 2.3GHz,4GB,500GB HDD,Intel HD Graphics 520,https://via.placeholder.com/200
HP,250 G5,Notebook,"15.6""",1366x768,Intel Core i5 7200U 2.5GHz,4GB,500GB HDD,Intel HD Graphics 620,https://via.placeholder.com/200
Acer,Aspire ES1-523,Notebook,"15.6""",1366x768,AMD A8-Series 7410 2.2GHz,8GB,1TB HDD,AMD Radeon R5,https://via.placeholder.com/200
Dell,Inspiron 7378,2 in 1 Convertible,"13.3""",IPS Panel Full HD / Touchscreen 1920x1080,Intel Core i7 7500U 2.7GHz,12GB,256GB SSD,Intel HD Graphics 620,https://via.placeholder.com/200
MSI,GT62VR 6RD,Gaming,"15.6""",Full HD 1920x1080,Intel Core i7 6700HQ 2.6GHz,16GB,256GB SSD +  1TB HDD,Nvidia GeForce GTX 1060,https://via.placeholder.com/200
HP,ProBook 450,Notebook,"15.6""",Full HD 1920x1080,Intel Core i7 7500U 2.7GHz,8GB,256GB SSD,Intel HD Graphics 620,https://via.placeholder.com/200
Asus,Rog G752VL-GC088D,Gaming,"17.3""",IPS Panel Full HD 1920x1080,Intel Core i7 6700HQ 2.6GHz,16GB,1TB HDD,Nvidia GeForce GTX 965M,https://via.placeholder.com/200
Dell,Inspiron 3567,Notebook,"15.6""",Full HD 1920x1080,Intel Core i5 7200U 2.5GHz,4GB,1TB HDD,Intel HD Graphics,https://via.placeholder.com/200
Dell,Inspiron 5567,Notebook,"15.6""",Full HD 1920x1080,Intel Core i7 7500U 2.7GHz,16GB,2TB HDD,AMD Radeon R7 M445,https://via.placeholder.com/200
MSI,GS63VR 6RF,Gaming,"15.6""",Full HD 1920x1080,Intel Core i7 6700HQ 2.6GHz,16GB,256GB SSD +  1TB HDD,Nvidia GeForce GTX 1060,https://via.placeholder.com/200
Dell,XPS 13,Ultrabook,"13.3""",Full HD 1920x1080,Intel Core i7 7500U 2.7GHz,8GB,256GB SSD,Intel HD Graphics 620,https://via.placeholder.com/200
Asus,ROG G701VO,Gaming,"17.3""",IPS Panel Full HD 1920x1080,Intel Core i7 6820HK 2.7GHz,64GB,1TB SSD,Nvidia GeForce GTX 980 ,https://via.placeholder.com/200
Dell,Inspiron 5368,2 in 1 Convertible,"13.3""",Full HD / Touchscreen 1920x1080,Intel Core i7 6500U 2.5GHz,8GB,256GB SSD,Intel HD Graphics 520,https://via.placeholder.com/200
Dell,Alienware 15,Gaming,"15.6""",4K Ultra HD 3840x2160,Intel Core i7 6700HQ 2.6GHz,16GB,256GB SSD +  1TB HDD,Nvidia GeForce GTX 970M,https://via.placeholder.com/200
Apple,"MacBook 12""",Ultrabook,"12.0""",IPS Panel Retina Display 2304x1440,Intel Core M 1.1GHz,8GB,256GB Flash Storage,Intel HD Graphics 515,https://via.placeholder.com/200
Dell,Latitude 3570,Notebook,"15.6""",1366x768,Intel Core i3 6100U 2.3GHz,4GB,500GB HDD,Intel HD Graphics 520,https://via.placeholder.com/200
HP,ProBook 650,Notebook,"15.6""",1366x768,Intel Core i5 6200U 2.3GHz,4GB,500GB HDD,Intel HD Graphics 520,https://via.placeholder.com/200
HP,EliteBook 820,Ultrabook,"12.5""",Full HD 1920x1080,Intel Core i5 6200U 2.3GHz,8GB,256GB SSD,Intel HD Graphics 520,https://via.placeholder.com/200
HP,ProBook 430,Notebook,"13.3""",Full HD 1920x1080,Intel Core i7 7500U 2.7GHz,8GB,256GB SSD,Intel HD Graphics 620,https://via.placeholder.com/200
Lenovo,ThinkPad Yoga,Ultrabook,"12.5""",IPS Panel Full HD / Touchscreen 1920x1080,Intel Core i7 6500U 2.5GHz,8GB,256GB SSD,Intel HD Graphics 520,https://via.placeholder.com/200
Lenovo,IdeaPad 300-17ISK,Notebook,"17.3""",1600x900,Intel Core i5 6200U 2.3GHz,8GB,1TB HDD,AMD Radeon R5 M330,https://via.placeholder.com/200
Lenovo,Ideapad 700-15ISK,Notebook,"15.6""",IPS Panel Full HD 1920x1080,Intel Core i5 6300HQ 2.3GHz,4GB,1TB HDD,Nvidia GeForce GTX 950M,https://via.placeholder.com/200
MSI,GT72VR Dominator,Gaming,"17.3""",Full HD 1920x1080,Intel Core i7 7700HQ 2.8GHz,16GB,256GB SSD +  1TB HDD,Nvidia GeForce GTX 1070,https://via.placeholder.com/200
Lenovo,V110-15ISK (i5-6200U/4GB/500GB/W10),Notebook,"15.6""",1366x768,Intel Core i5 6200U 2.3GHz,4GB,500GB HDD,Intel HD Graphics 520,https://via.placeholder.com/200
HP,Probook 650,Notebook,"15.6""",Full HD 1920x1080,Intel Core i5 6200U 2.3GHz,4GB,500GB HDD,Intel HD Graphics 520,https://via.placeholder.com/200
Lenovo,Yoga 900S-12ISK,Ultrabook,"12.5""",IPS Panel Touchscreen 2560x1440,Intel Core M 6Y75 1.2GHz,8GB,512GB SSD,Intel HD Graphics 515,https://via.placeholder.com/200
Lenovo,IdeaPad Y900-17ISK,Gaming,"17.3""",IPS Panel Full HD 1920x1080,Intel Core i7 6820HK 2.7GHz,32GB,512GB SSD +  1TB Hybrid,Nvidia GeForce GTX 980M,https://via.placeholder.com/200
Lenovo,Yoga Book,2 in 1 Convertible,"10.1""",IPS Panel Touchscreen 1920x1200,Intel Atom x5-Z8550 1.44GHz,4GB,64GB Flash Storage,Intel HD Graphics 400,https://via.placeholder.com/200
HP,Spectre x360,Ultrabook,"13.3""",IPS Panel 4K Ultra HD 3840x2160,Intel Core i7 7500U 2.7GHz,16GB,512GB SSD,Intel HD Graphics 620,https://via.placeholder.com/200
Dell,Vostro 3568,Notebook,"15.6""",Full HD 1920x1080,Intel Core i5 7200U 2.5GHz,8GB,256GB SSD,Intel HD Graphics 620,https://via.placeholder.com/200
HP,EliteBook 840,Notebook,"14.0""",Full HD 1920x1080,Intel Core i5 6200U 2.3GHz,4GB,500GB HDD,Intel HD Graphics 520,https://via.placeholder.com/200
HP,ZBook 15u,Workstation,"15.6""",Full HD 1920x1080,Intel Core i7 6500U 2.5GHz,8GB,256GB SSD,AMD FirePro W4190M,https://via.placeholder.com/200
Lenovo,ThinkPad T460,Notebook,"14.0""",Full HD 1920x1080,Intel Core i5 6200U 2.3GHz,8GB,1GB SSD,Intel HD Graphics 520,https://via.placeholder.com/200
HP,Chromebook 13,Notebook,"13.3""",Quad HD+ 3200x1800,Intel Pentium Dual Core 4405Y 1.5GHz,4GB,32GB Flash Storage,Intel HD Graphics 515,https://via.placeholder.com/200
Acer,Aspire ES1-523,Notebook,"15.6""",1366x768,AMD A8-Series 7410 2.2GHz,4GB,500GB HDD,AMD Radeon R5,https://via.placeholder.com/200
Dell,Inspiron 3552,Notebook,"15.6""",1366x768,Intel Pentium Quad Core N3700 1.6GHz,4GB,500GB HDD,Intel HD Graphics,https://via.placeholder.com/200
HP,250 G6,Notebook,"15.6""",1366x768,Intel Core i3 6006U 2GHz,4GB,1TB HDD,Intel HD Graphics 520,https://via.placeholder.com/200
Asus,Rog GL702VM-GC354T,Gaming,"17.3""",IPS Panel Full HD 1920x1080,Intel Core i7 7700HQ 2.8GHz,8GB,256GB SSD +  1TB HDD,Nvidia GeForce GTX 1060,https://via.placeholder.com/200
Dell,Inspiron 5370,Ultrabook,"13.3""",IPS Panel Full HD 1920x1080,Intel Core i5 8250U 1.6GHz,4GB,256GB SSD,AMD Radeon 530,https://via.placeholder.com/200
HP,Elitebook 820,Netbook,"12.5""",1366x768,Intel Core i5 6200U 2.3GHz,4GB,128GB SSD,Intel HD Graphics 520,https://via.placeholder.com/200
Acer,Aspire F5-573G,Notebook,"15.6""",Full HD 1920x1080,Intel Core i5 7200U 2.5GHz,8GB,256GB SSD +  1TB HDD,Nvidia GeForce GTX 950M,https://via.placeholder.com/200
Dell,Inspiron 5567,Notebook,"15.6""",Full HD 1920x1080,Intel Core i5 7200U 2.5GHz,8GB,1TB HDD,AMD Radeon R7 M445,https://via.placeholder.com/200
MSI,GS70 Stealth,Gaming,"17.3""",Full HD 1920x1080,Intel Core i7 6700HQ 2.6GHz,8GB,256GB SSD,Nvidia GeForce GTX 965M,https://via.placeholder.com/200
HP,250 G5,Notebook,"15.6""",1366x768,Intel Pentium Quad Core N3710 1.6GHz,4GB,1TB HDD,Intel HD Graphics 405,https://via.placeholder.com/200
Asus,G752VY-GC162T (i7-6700HQ/16GB/1TB,Gaming,"17.3""",IPS Panel Full HD 1920x1080,Intel Core i7 6700HQ 2.6GHz,16GB,128GB SSD +  1TB HDD,Nvidia GeForce GTX 980M,https://via.placeholder.com/200
Dell,Latitude E5270,Ultrabook,"12.5""",1366x768,Intel Core i3 6100U 2.3GHz,4GB,500GB HDD,Intel HD Graphics 520,https://via.placeholder.com/200
Dell,Latitude E5270,Ultrabook,"12.5""",1366x768,Intel Core i3 6100U 2.3GHz,4GB,128GB SSD,Intel HD Graphics 520,https://via.placeholder.com/200
Acer,Chromebook 15,Notebook,"15.6""",1366x768,Intel Celeron Dual Core 3205U 1.5GHz,4GB,16GB SSD,Intel HD Graphics,https://via.placeholder.com/200
HP,ZBook 17,Workstation,"17.3""",IPS Panel Full HD 1920x1080,Intel Core i7 6700HQ 2.6GHz,8GB,1TB HDD,AMD FirePro W6150M,https://via.placeholder.com/200
Lenovo,Legion Y520-15IKBN,Gaming,"15.6""",Full HD 1920x1080,Intel Core i7 7700HQ 2.8GHz,16GB,512GB SSD,Nvidia GeForce GTX 1050 Ti,https://via.placeholder.com/200
Dell,Latitude E5270,Ultrabook,"12.5""",1366x768,Intel Core i5 6200U 2.3GHz,8GB,256GB SSD,Intel HD Graphics 520,https://via.placeholder.com/200
MSI,GE72 Apache,Gaming,"17.3""",Full HD 1920x1080,Intel Core i7 6700HQ 2.6GHz,8GB,128GB SSD +  1TB HDD,Nvidia GeForce GTX 960M,https://via.placeholder.com/200
Lenovo,Yoga 500-15ISK,2 in 1 Convertible,"15.6""",IPS Panel Full HD / Touchscreen 1920x1080,Intel Core i5 6200U 2.3GHz,4GB,256GB SSD,Intel HD Graphics 520,https://via.placeholder.com/200
HP,15-bw011nv (A6-9220/4GB/1TB/FHD/W10),Notebook,"15.6""",Full HD 1920x1080,AMD A6-Series 9220 2.5GHz,4GB,1TB HDD,AMD Radeon R4,https://via.placeholder.com/200
Asus,Rog GL552VW-CN470T,Gaming,"15.6""",IPS Panel Full HD 1920x1080,Intel Core i7 6700HQ 2.6GHz,16GB,128GB SSD +  1TB HDD,Nvidia GeForce GTX 960M,https://via.placeholder.com/200
HP,EliteBook 1030,Notebook,"13.3""",Quad HD+ / Touchscreen 3200x1800,Intel Core M 6Y54 1.1GHz,8GB,256GB SSD,Intel HD Graphics 515,https://via.placeholder.com/200
Dell,Vostro 3559,Notebook,"15.6""",1366x768,Intel Core i5 6200U 2.3GHz,4GB,500GB HDD,AMD Radeon R5 M315,https://via.placeholder.com/200
Lenovo,V110-15ISK (i3-6006U/4GB/128GB/W10),Notebook,"15.6""",1366x768,Intel Core i3 6006U 2.0GHz,4GB,128GB SSD,Intel HD Graphics 520,https://via.placeholder.com/200
HP,Spectre Pro,Ultrabook,"13.3""",Full HD 1920x1080,Intel Core i7 6500U 2.5GHz,8GB,512GB SSD,Intel HD Graphics 520,https://via.placeholder.com/200
Lenovo,Yoga Book,2 in 1 Convertible,"10.1""",IPS Panel Touchscreen 1920x1200,Intel Atom x5-Z8550 1.44GHz,4GB,64GB Flash Storage,Intel HD Graphics 400,https://via.placeholder.com/200
Dell,XPS 13,Ultrabook,"13.3""",Full HD 1920x1080,Intel Core i7 7560U 2.4GHz,8GB,256GB SSD,Intel Iris Plus Graphics 640,https://via.placeholder.com/200
Lenovo,IdeaPad Y900-17ISK,Gaming,"17.3""",IPS Panel Full HD 1920x1080,Intel Core i7 6820HK 2.7GHz,16GB,256GB SSD +  1TB Hybrid,Nvidia GeForce GTX 980M,https://via.placeholder.com/200
Razer,Blade Stealth,Ultrabook,"12.5""",Touchscreen / 4K Ultra HD 3840x2160,Intel Core i7 6500U 2.5GHz,8GB,256GB SSD,Intel HD Graphics 520,https://via.placeholder.com/200
Toshiba,Portege X30-D-10K,Ultrabook,"13.3""",Full HD 1920x1080,Intel Core i7 7500U 2.7GHz,16GB,512GB SSD,Intel HD Graphics 620,https://via.placeholder.com/200
Asus,Rog GL752VW-T4308T,Gaming,"17.3""",Full HD 1920x1080,Intel Core i7 6700HQ 2.6GHz,8GB,128GB SSD +  1TB HDD,Nvidia GeForce GTX 960M,https://via.placeholder.com/200
Vero,V131 (X5-Z8350/4GB/32GB/FHD/W10),Notebook,"13.3""",Full HD 1920x1080,Intel Atom X5-Z8350 1.44GHz,4GB,32GB Flash Storage,Intel HD Graphics 400,https://via.placeholder.com/200
HP,Spectre Pro,Notebook,"13.3""",Full HD 1920x1080,Intel Core i5 6200U 2.3GHz,8GB,256GB SSD,Intel HD Graphics 520,https://via.placeholder.com/200
HP,EliteBook 1040,Notebook,"14.0""",Full HD 1920x1080,Intel Core i5 6200U 2.3GHz,8GB,256GB SSD,Intel HD Graphics 520,https://via.placeholder.com/200
Dell,Latitude E5570,Notebook,"15.6""",1366x768,Intel Core i5 6200U 2.3GHz,4GB,500GB HDD,Intel HD Graphics 520,https://via.placeholder.com/200
Asus,VivoBook Max,Notebook,"15.6""",1366x768,Intel Core i3 7100U 2.4GHz,4GB,1TB HDD,Intel HD Graphics 620,https://via.placeholder.com/200
Lenovo,ThinkPad Yoga,2 in 1 Convertible,"14.0""",IPS Panel Full HD / Touchscreen 1920x1080,Intel Core i7 6500U 2.5GHz,8GB,256GB SSD,Intel HD Graphics 520,https://via.placeholder.com/200
Lenovo,Yoga Book,2 in 1 Convertible,"10.1""",IPS Panel Touchscreen 1920x1200,Intel Atom x5-Z8550 1.44GHz,4GB,64GB Flash Storage,Intel HD Graphics 400,https://via.placeholder.com/200
HP,EliteBook 820,Ultrabook,"12.5""",1366x768,Intel Core i5 6300U 2.4GHz,8GB,256GB SSD,Intel HD Graphics 520,https://via.placeholder.com/200
Lenovo,Legion Y520-15IKBN,Gaming,"15.6""",IPS Panel Full HD 1920x1080,Intel Core i5 7300HQ 2.5GHz,8GB,128GB SSD +  1TB HDD,Nvidia GeForce GTX 1060,https://via.placeholder.com/200
HP,Omen -,Gaming,"17.3""",IPS Panel Full HD 1920x1080,Intel Core i5 6300HQ 2.3GHz,8GB,128GB SSD +  1TB HDD,Nvidia GeForce GTX 1060,https://via.placeholder.com/200
HP,15-bs078cl (i7-7500U/8GB/2TB/W10),Notebook,"15.6""",1366x768,Intel Core i7 7500U 2.7GHz,8GB,2TB HDD,Intel HD Graphics 620,https://via.placeholder.com/200
Lenovo,ThinkPad P40,2 in 1 Convertible,"14.0""",IPS Panel Full HD / Touchscreen 1920x1080,Intel Core i7 6600U 2.6GHz,8GB,512GB SSD,Nvidia Quadro M500M,https://via.placeholder.com/200
Asus,L403NA-GA013TS (N3350/4GB/32GB/W10),Notebook,"14.0""",1366x768,Intel Celeron Dual Core N3350 1.1GHz,4GB,32GB Flash Storage,Intel HD Graphics 500,https://via.placeholder.com/200
HP,250 G6,Ultrabook,"15.6""",Full HD 1920x1080,Intel Core i7 7500U 2.7GHz,8GB,256GB SSD,Intel HD Graphics 620,https://via.placeholder.com/200
Acer,Aspire E5-576G,Notebook,"15.6""",Full HD 1920x1080,Intel Core i5 7200U 2.5GHz,4GB,1TB HDD,Nvidia GeForce 940MX,https://via.placeholder.com/200
Lenovo,IdeaPad 500-15ISK,Notebook,"15.6""",Full HD 1920x1080,Intel Core i7 6500U 2.5GHz,16GB,1TB Hybrid,AMD Radeon R7 M360,https://via.placeholder.com/200
HP,ZBook 17,Workstation,"17.3""",IPS Panel Full HD 1920x1080,Intel Core i7 6700HQ 2.6GHz,8GB,256GB SSD,Nvidia Quadro M3000M,https://via.placeholder.com/200
Dell,Inspiron 5567,Notebook,"15.6""",1366x768,Intel Core i5 7200U 2.5GHz,8GB,1TB HDD,AMD Radeon R7 M445,https://via.placeholder.com/200
MSI,GT72S Dominator,Gaming,"17.3""",Full HD 1920x1080,Intel Core i7 6820HQ 2.7GHz,16GB,256GB SSD +  1TB HDD,Nvidia GeForce GTX 980M,https://via.placeholder.com/200
HP,EliteBook 850,Ultrabook,"15.6""",Full HD 1920x1080,Intel Core i7 6500U 2.5GHz,8GB,256GB SSD,Intel HD Graphics 520,https://via.placeholder.com/200
Lenovo,ThinkPad X1,2 in 1 Convertible,"14.0""",IPS Panel Touchscreen 2560x1440,Intel Core i7 6600U 2.6GHz,16GB,512GB SSD,Intel HD Graphics 520,https://via.placeholder.com/200
MSI,GP62M 7RDX,Gaming,"15.6""",Full HD 1920x1080,Intel Core i7 7700HQ 2.8GHz,8GB,128GB SSD +  1TB HDD,Nvidia GeForce GTX 1050,https://via.placeholder.com/200
HP,Spectre Pro,2 in 1 Convertible,"13.3""",Full HD / Touchscreen 1920x1080,Intel Core i5 6300U 2.4GHz,8GB,256GB SSD,Intel HD Graphics 520,https://via.placeholder.com/200
HP,ZBook 15,Workstation,"15.6""",IPS Panel Full HD 1920x1080,Intel Core i7 6700HQ 2.6GHz,8GB,256GB SSD,Nvidia Quadro M1000M,https://via.placeholder.com/200
HP,Spectre Pro,2 in 1 Convertible,"13.3""",Touchscreen 2560x1440,Intel Core i7 6600U 2.6GHz,8GB,256GB SSD,Intel HD Graphics 520,https://via.placeholder.com/200
HP,ZBook Studio,Workstation,"15.6""",Full HD 1920x1080,Intel Core i7 6700HQ 2.6GHz,8GB,256GB SSD,Nvidia Quadro M1000M,https://via.placeholder.com/200
HP,EliteBook 820,Ultrabook,"12.5""",Full HD 1920x1080,Intel Core i7 6500U 2.50GHz,8GB,256GB SSD,Intel HD Graphics 520,https://via.placeholder.com/200
Dell,Vostro 5568,Notebook,"15.6""",Full HD 1920x1080,Intel Core i7 7500U 2.7GHz,8GB,256GB SSD,Nvidia GeForce 940MX,https://via.placeholder.com/200
HP,EliteBook 850,Notebook,"15.6""",Full HD 1920x1080,Intel Core i5 6200U 2.3GHz,8GB,256GB SSD,Intel HD Graphics 520,https://via.placeholder.com/200
Lenovo,ThinkPad X1,2 in 1 Convertible,"14.0""",IPS Panel Touchscreen 2560x1440,Intel Core i7 6500U 2.5GHz,8GB,256GB SSD,Intel HD Graphics 520,https://via.placeholder.com/200
Lenovo,V110-15ISK (i3-6006U/4GB/1TB/No,Notebook,"15.6""",1366x768,Intel Core i3 6006U 2.0GHz,4GB,1TB HDD,Intel HD Graphics 520,https://via.placeholder.com/200
HP,15-BA015wm (E2-7110/4GB/500GB/W10),Notebook,"15.6""",1366x768,AMD E-Series 7110 1.8GHz,4GB,500GB HDD,AMD Radeon R2 Graphics,https://via.placeholder.com/200
Lenovo,B51-80 (i5-6200U/8GB/1TB/Radeon,Notebook,"15.6""",Full HD 1920x1080,Intel Core i5 6200U 2.3GHz,8GB,1TB HDD,AMD Radeon R5 M330,https://via.placeholder.com/200
Dell,Inspiron 7567,Gaming,"15.6""",Full HD 1920x1080,Intel Core i7 7700HQ 2.8GHz,8GB,1TB HDD,Nvidia GeForce GTX 1050Ti,https://via.placeholder.com/200
Dell,XPS 15,Notebook,"15.6""",IPS Panel Touchscreen / 4K Ultra HD 3840x2160,Intel Core i5 6300HQ 2.3GHz,8GB,256GB SSD,Nvidia GeForce 960M,https://via.placeholder.com/200
HP,15-bw002nv (A6-9220/4GB/256GB/Radeon,Notebook,"15.6""",Full HD 1920x1080,AMD A6-Series A6-9220 2.5GHz,4GB,256GB SSD,AMD Radeon 520,https://via.placeholder.com/200
MSI,GP72M 7REX,Gaming,"17.3""",Full HD 1920x1080,Intel Core i7 7700HQ 2.8GHz,16GB,256GB SSD +  1TB HDD,Nvidia GeForce GTX 1050 Ti,https://via.placeholder.com/200
Lenovo,ThinkPad T460s,Ultrabook,"14.0""",Full HD 1920x1080,Intel Core i7 6600U 2.6GHz,12GB,512GB SSD,Intel HD Graphics 520,https://via.placeholder.com/200
Lenovo,B51-80 (i5-6200U/8GB/1008GB/Radeon,Notebook,"15.6""",Full HD 1920x1080,Intel Core i5 6200U 2.3GHz,8GB,1TB Hybrid,AMD Radeon R5 M330,https://via.placeholder.com/200
HP,Spectre Pro,2 in 1 Convertible,"13.3""",Touchscreen 2560x1440,Intel Core i7 6600U 2.6GHz,8GB,512GB SSD,Intel HD Graphics 520,https://via.placeholder.com/200
Lenovo,ThinkPad T460,Ultrabook,"14.0""",Full HD 1920x1080,Intel Core i7 6600U 2.6GHz,8GB,256GB SSD,Intel HD Graphics 520,https://via.placeholder.com/200
MSI,GS40 Phantom,Gaming,"14.0""",Full HD 1920x1080,Intel Core i7 6700HQ 2.6GHz,16GB,256GB SSD +  1TB HDD,Nvidia GeForce GTX 970M,https://via.placeholder.com/200
HP,Pavilion 15-cb003nv,Gaming,"15.6""",IPS Panel Full HD 1920x1080,Intel Core i7 7700HQ 2.8GHz,8GB,1TB HDD,Nvidia GeForce GTX 1050,https://via.placeholder.com/200
Lenovo,IdeaPad 310-15ISK,Notebook,"15.6""",1366x768,Intel Core i3 6006U 2.0GHz,8GB,1TB HDD,Intel HD Graphics 520,https://via.placeholder.com/200
HP,250 G4,Notebook,"15.6""",1366x768,Intel Core i5 6200U 2.3GHz,4GB,500GB HDD,Intel HD Graphics 520,https://via.placeholder.com/200
Dell,Inspiron 7567,Gaming,"15.6""",4K Ultra HD 3840x2160,Intel Core i7 7700HQ 2.8GHz,8GB,128GB SSD +  1TB HDD,Nvidia GeForce GTX 1050 Ti,https://via.placeholder.com/200
Lenovo,ThinkPad T570,Notebook,"15.6""",IPS Panel Full HD 1920x1080,Intel Core i5 7200U 2.5GHz,8GB,256GB SSD,Intel HD Graphics 620,https://via.placeholder.com/200
Lenovo,320-15ISK (i3-6006U/4GB/1TB/GeForce,Notebook,"15.6""",Full HD 1920x1080,Intel Core i3 6006U 2GHz,4GB,1TB HDD,Nvidia GeForce 920MX ,https://via.placeholder.com/200
HP,Stream 14-AX000nv,Notebook,"14.0""",1366x768,Intel Celeron Dual Core N3060 1.6GHz,2GB,32GB Flash Storage,Intel HD Graphics 400,https://via.placeholder.com/200
MSI,PL60 7RD,Gaming,"15.6""",IPS Panel Full HD 1920x1080,Intel Core i7 7500U 2.7GHz,8GB,1TB HDD,Nvidia GeForce GTX 1050,https://via.placeholder.com/200
HP,250 G5,Notebook,"15.6""",Full HD 1920x1080,Intel Core i7 6500U 2.5GHz,8GB,256GB SSD,Intel HD Graphics 520,https://via.placeholder.com/200
HP,ProBook 450,Notebook,"15.6""",Full HD 1920x1080,Intel Core i7 8550U 1.8GHz,16GB,512GB SSD,Intel UHD Graphics 620,https://via.placeholder.com/200
Asus,X553SA-XX021T (N3050/4GB/500GB/W10),Notebook,"15.6""",1366x768,Intel Celeron Dual Core N3050 1.6GHz,4GB,500GB HDD,Intel HD Graphics,https://via.placeholder.com/200
Lenovo,V110-15ISK (i5-6200U/4GB/500GB/No,Notebook,"15.6""",1366x768,Intel Core i5 6200U 2.3GHz,4GB,500GB HDD,Intel HD Graphics 520,https://via.placeholder.com/200
Lenovo,IdeaPad 510-15IKB,Notebook,"15.6""",Full HD 1920x1080,Intel Core i7 7500U 2.7GHz,8GB,1TB HDD,Nvidia GeForce 940MX,https://via.placeholder.com/200
Asus,UX410UA-GV097T (i3-7100U/4GB/256GB/FHD/W10),Notebook,"14.0""",Full HD 1920x1080,Intel Core i3 7100U 2.4GHz,4GB,256GB SSD,Intel HD Graphics 620,https://via.placeholder.com/200
Lenovo,B51-80 (i7-6500U/4GB/1008GB/FHD/W7),Notebook,"15.6""",Full HD 1920x1080,Intel Core i7 6500U 2.5GHz,4GB,1TB Hybrid,Intel HD Graphics 520,https://via.placeholder.com/200
Lenovo,IdeaPad Y700-15ISK,Gaming,"15.6""",IPS Panel Full HD 1920x1080,Intel Core i7 6700HQ 2.6GHz,16GB,512GB SSD,Nvidia GeForce GTX 960,https://via.placeholder.com/200
MSI,GS60 Ghost,Gaming,"15.6""",Full HD 1920x1080,Intel Core i7 6700HQ 2.6GHz,16GB,128GB SSD +  1TB HDD,Nvidia GeForce GTX 970M,https://via.placeholder.com/200
HP,ProBook 450,Notebook,"15.6""",1366x768,Intel Core i3 6100U 2.3GHz,4GB,500GB HDD,Intel HD Graphics 520,https://via.placeholder.com/200
Lenovo,ThinkPad X1,2 in 1 Convertible,"14.0""",IPS Panel Touchscreen 2560x1440,Intel Core i5 6200U 2.3GHz,8GB,256GB SSD,Intel HD Graphics 520,https://via.placeholder.com/200
Lenovo,IdeaPad 310-15IKB,Ultrabook,"15.6""",Full HD 1920x1080,Intel Core i7 7500U 2.7GHz,6GB,256GB SSD,Nvidia GeForce 920M,https://via.placeholder.com/200
Dell,Vostro 5568,Notebook,"15.6""",Full HD 1920x1080,Intel Core i7 7500U 2.7GHz,8GB,256GB SSD,Nvidia GeForce GT 940MX,https://via.placeholder.com/200
Acer,Aspire 3,Notebook,"15.6""",1366x768,Intel Celeron Dual Core N3350 2GHz,4GB,500GB HDD,Intel HD Graphics 500,https://via.placeholder.com/200
HP,Pavilion 15-BC000nv,Notebook,"15.6""",IPS Panel Full HD 1920x1080,Intel Core i7 6700HQ 2.6GHz,6GB,1TB HDD,Nvidia GeForce GTX 960M,https://via.placeholder.com/200
Asus,Rog GL552VW-DM201T,Gaming,"15.6""",IPS Panel Full HD 1920x1080,Intel Core i7 6700HQ 2.6GHz,8GB,256GB SSD +  1TB HDD,Nvidia GeForce GTX 960M,https://via.placeholder.com/200
Dell,Inspiron 5578,2 in 1 Convertible,"15.6""",Full HD / Touchscreen 1920x1080,Intel Core i7 7500U 2.7GHz,16GB,512GB SSD,Intel HD Graphics 620,https://via.placeholder.com/200
Acer,Aspire E5-576G,Notebook,"15.6""",Full HD 1920x1080,Intel Core i5 7200U 2.5GHz,4GB,256GB SSD,Nvidia GeForce 940MX,https://via.placeholder.com/200
Dell,XPS 13,Ultrabook,"13.3""",Quad HD+ / Touchscreen 3200x1800,Intel Core i5 6300U 2.4GHz,8GB,256GB SSD,Intel HD Graphics 520,https://via.placeholder.com/200
Acer,Predator G9-793,Gaming,"17.3""",IPS Panel Full HD 1920x1080,Intel Core i7 7700HQ 2.8GHz,16GB,256GB SSD +  1TB HDD,Nvidia GeForce GTX 1070,https://via.placeholder.com/200
Lenovo,Legion Y520-15IKBN,Gaming,"15.6""",IPS Panel Full HD 1920x1080,Intel Core i5 7300HQ 2.5GHz,8GB,1TB HDD,Nvidia GeForce GTX 1050,https://via.placeholder.com/200
Samsung,Chromebook Plus,2 in 1 Convertible,"12.3""",IPS Panel Touchscreen 2400x1600,Samsung Cortex A72&A53 2.0GHz,4GB,32GB Flash Storage,ARM Mali T860 MP4,https://via.placeholder.com/200
HP,250 G6,Notebook,"15.6""",1366x768,Intel Core i5 7200U 2.5GHz,4GB,500GB HDD,Intel HD Graphics 620,https://via.placeholder.com/200
Apple,"MacBook 12""",Ultrabook,"12.0""",IPS Panel Retina Display 2304x1440,Intel Core M 1.1GHz,8GB,256GB Flash Storage,Intel HD Graphics 5300,https://via.placeholder.com/200
Dell,Inspiron 7378,2 in 1 Convertible,"13.3""",IPS Panel Full HD / Touchscreen 1920x1080,Intel Core i5 7200U 2.5GHz,8GB,256GB SSD,Intel HD Graphics 620,https://via.placeholder.com/200
HP,Pavilion Power,Notebook,"15.6""",IPS Panel Full HD 1920x1080,Intel Core i7 7700HQ 2.8GHz,12GB,128GB SSD +  1TB HDD,Nvidia GeForce GTX 1050,https://via.placeholder.com/200
Lenovo,V110-15ISK (i3-6006U/4GB/1TB/Radeon,Notebook,"15.6""",1366x768,Intel Core i3 6006U 2GHz,4GB,1TB HDD,AMD Radeon R5 M430,https://via.placeholder.com/200
Asus,Rog G752VY-GC229T,Gaming,"17.3""",IPS Panel Full HD 1920x1080,Intel Core i7 6700HQ 2.6GHz,16GB,512GB SSD +  1TB HDD,Nvidia GeForce GTX 980M,https://via.placeholder.com/200
Acer,Aspire 3,Notebook,"15.6""",1366x768,Intel Celeron Dual Core N3350 2GHz,4GB,1TB HDD,Intel HD Graphics 500,https://via.placeholder.com/200
MSI,GS73VR 7RF,Gaming,"17.3""",Full HD 1920x1080,Intel Core i7 7700HQ 2.8GHz,16GB,256GB SSD +  1TB HDD,Nvidia GeForce GTX 1060,https://via.placeholder.com/200
Dell,Inspiron 5567,Notebook,"15.6""",1366x768,Intel Core i3 6006U 2.0GHz,4GB,128GB SSD,AMD Radeon R7 M440,https://via.placeholder.com/200
Lenovo,IdeaPad 310-15ISK,Notebook,"15.6""",1366x768,Intel Core i7 6500U 2.5GHz,8GB,500GB HDD,Nvidia GeForce 920MX,https://via.placeholder.com/200
Dell,Inspiron 5579,2 in 1 Convertible,"15.6""",Full HD / Touchscreen 1920x1080,Intel Core i7 8550U 1.8GHz,16GB,512GB SSD,Intel UHD Graphics 620,https://via.placeholder.com/200
Dell,XPS 13,Ultrabook,"13.3""",Quad HD+ / Touchscreen 3200x1800,Intel Core i7 7500U 2.7GHz,16GB,512GB SSD,Intel HD Graphics 620,https://via.placeholder.com/200
Asus,FX502VM-DM105T (i7-6700HQ/8GB/1TB/GeForce,Gaming,"15.6""",Full HD 1920x1080,Intel Core i7 6700HQ 2.6GHz,8GB,1TB HDD,Nvidia GeForce GTX 1060,https://via.placeholder.com/200
Dell,Inspiron 5567,Notebook,"15.6""",Full HD 1920x1080,Intel Core i5 7200U 2.5GHz,8GB,256GB SSD,AMD Radeon R7 M445,https://via.placeholder.com/200
HP,15-bs025nv (i5-7200U/8GB/256GB/W10),Notebook,"15.6""",1366x768,Intel Core i5 7200U 2.5GHz,8GB,256GB SSD,Intel HD Graphics 620,https://via.placeholder.com/200
Lenovo,IdeaPad 320-15AST,Notebook,"15.6""",1366x768,AMD E-Series 9000 2.2GHz,4GB,500GB HDD,AMD Radeon R2 Graphics,https://via.placeholder.com/200
Acer,Aspire E5-774G,Notebook,"17.3""",1600x900,Intel Core i3 6006U 2.0GHz,8GB,1TB HDD,Nvidia GeForce 940MX,https://via.placeholder.com/200
Asus,Rog Strix,Gaming,"15.6""",Full HD 1920x1080,Intel Core i7 7700HQ 2.8GHz,16GB,256GB SSD +  1TB HDD,Nvidia GeForce GTX 1070,https://via.placeholder.com/200
Apple,"MacBook 12""",Ultrabook,"12.0""",IPS Panel Retina Display 2304x1440,Intel Core M 1.2GHz,8GB,512GB Flash Storage,Intel HD Graphics 515,https://via.placeholder.com/200
Asus,FX502VM-AS73 (i7-7700HQ/16GB/1TB,Notebook,"15.6""",Full HD 1920x1080,Intel Core i7 7700HQ 2.8GHz,16GB,128GB SSD +  1TB HDD,Nvidia GeForce GTX 1060,https://via.placeholder.com/200
MSI,GS73VR Stealth,Gaming,"17.3""",IPS Panel Full HD 1920x1080,Intel Core i7 6700HQ 2.6GHz,16GB,256GB SSD +  1TB HDD,Nvidia GeForce GTX 1060,https://via.placeholder.com/200
Dell,Inspiron 7579,2 in 1 Convertible,"15.6""",IPS Panel Full HD / Touchscreen 1920x1080,Intel Core i5 7200U 2.5GHz,8GB,256GB SSD,Intel HD Graphics 620,https://via.placeholder.com/200
Asus,ROG Strix,Gaming,"17.3""",Full HD 1920x1080,Intel Core i7 7700HQ 2.8GHz,16GB,256GB SSD +  1TB HDD,Nvidia GeForce GTX 1060,https://via.placeholder.com/200
Acer,C740-C9QX (3205U/2GB/32GB/Chrome,Netbook,"11.6""",1366x768,Intel Celeron Dual Core 3205U 1.5GHz,2GB,32GB SSD,Intel HD Graphics,https://via.placeholder.com/200
Acer,E5 774G,Notebook,"17.3""",1600x900,Intel Core i3 6006U 2GHz,4GB,1TB HDD,Nvidia GeForce 940MX,https://via.placeholder.com/200
Lenovo,IdeaPad 320-17IKB,Notebook,"17.3""",1600x900,Intel Core i5 7200U 2.5GHz,8GB,1TB HDD,Intel HD Graphics 620,https://via.placeholder.com/200
Lenovo,IdeaPad Y700-15ISK,Gaming,"15.6""",IPS Panel Full HD 1920x1080,Intel Core i7 6700HQ 2.6GHz,8GB,128GB SSD +  1TB HDD,Nvidia GeForce GTX 960<U+039C>,https://via.placeholder.com/200
Acer,SP714-51 (i7-7Y75/8GB/256GB/FHD/W10),2 in 1 Convertible,"14.0""",IPS Panel Full HD / Touchscreen 1920x1080,Intel Core i7 7Y75 1.3GHz,8GB,256GB SSD,Intel HD Graphics 615,https://via.placeholder.com/200
Lenovo,Thinkpad T560,Notebook,"15.6""",IPS Panel Full HD 1920x1080,Intel Core i7 6600U 2.6GHz,8GB,256GB SSD,Intel HD Graphics 520,https://via.placeholder.com/200
MSI,GP62MVR 6RF,Gaming,"15.6""",Full HD 1920x1080,Intel Core i7 6700HQ 2.6GHz,8GB,128GB SSD +  1TB HDD,Nvidia GeForce GTX 1060,https://via.placeholder.com/200
HP,15-bw009nv (A12-9720P/6GB/1TB/Radeon,Notebook,"15.6""",Full HD 1920x1080,AMD A12-Series 9720P 2.7GHz,6GB,1TB HDD,AMD Radeon 530,https://via.placeholder.com/200
Dell,Latitude E7270,Ultrabook,"12.5""",Full HD / Touchscreen 1920x1080,Intel Core i5 6300U 2.4GHz,8GB,256GB SSD,Intel HD Graphics 520,https://via.placeholder.com/200
Dell,Inspiron 5578,2 in 1 Convertible,"15.0""",Full HD / Touchscreen 1920x1080,Intel Core i3 7100U 2.4GHz,4GB,500GB HDD,Intel HD Graphics 620,https://via.placeholder.com/200
Asus,X540SA-RBPDN09 (N3710/4GB/1TB/W10),Notebook,"15.6""",1366x768,Intel Pentium Quad Core N3710 1.6GHz,4GB,1TB HDD,Intel HD Graphics 405,https://via.placeholder.com/200
Dell,XPS 13,Ultrabook,"13.3""",Quad HD+ / Touchscreen 3200x1800,Intel Core i7 7500U 2.7GHz,8GB,256GB SSD,Intel HD Graphics 620,https://via.placeholder.com/200
Dell,Vostro 3568,Notebook,"15.6""",1366x768,Intel Core i5 7200U 2.5GHz,4GB,1TB HDD,Intel HD Graphics 520,https://via.placeholder.com/200
Lenovo,IdeaPad Y700-15ISK,Gaming,"15.6""",IPS Panel Full HD / Touchscreen 1920x1080,Intel Core i7 6700HQ 2.6GHz,16GB,128GB SSD +  1TB HDD,Nvidia GeForce GTX 960M,https://via.placeholder.com/200
MSI,GL62M 7RDX,Gaming,"15.6""",Full HD 1920x1080,Intel Core i7 7700HQ 2.8GHz,8GB,128GB SSD +  1TB HDD,Nvidia GeForce GTX 1050,https://via.placeholder.com/200
Lenovo,ThinkPad Yoga,Netbook,"12.5""",IPS Panel Full HD / Touchscreen 1920x1080,Intel Core i7 6500U 2.50GHz,16GB,512GB SSD,Intel HD Graphics 520,https://via.placeholder.com/200
Razer,Blade Pro,Gaming,"14.0""",Full HD 1920x1080,Intel Core i7 7700HQ 2.8GHz,16GB,1TB SSD,Nvidia GeForce GTX 1060,https://via.placeholder.com/200
Dell,Inspiron 3567,Notebook,"15.6""",Touchscreen 1366x768,Intel Core i3 7100U 2.4GHz,8GB,1TB HDD,Intel HD Graphics 620,https://via.placeholder.com/200
MSI,GE72VR Apache,Gaming,"17.3""",Full HD 1920x1080,Intel Core i7 7700HQ 2.8GHz,16GB,256GB SSD +  1TB HDD,Nvidia GeForce GTX 1060,https://via.placeholder.com/200
Apple,MacBook Air,Ultrabook,"11.6""",1366x768,Intel Core i5 1.6GHz,4GB,256GB Flash Storage,Intel HD Graphics 6000,https://via.placeholder.com/200
HP,15-bs023nv (i3-6006U/4GB/1TB/FHD/W10),Notebook,"15.6""",Full HD 1920x1080,Intel Core i3 6006U 2GHz,4GB,1TB HDD,Intel HD Graphics 520,https://via.placeholder.com/200
HP,EliteBook 840,Ultrabook,"14.0""",2560x1440,Intel Core i7 6500U 2.5GHz,8GB,256GB SSD,Intel HD Graphics 520,https://via.placeholder.com/200
Dell,Vostro 3559,Notebook,"15.6""",1366x768,Intel Core i5 6200U 2.3GHz,4GB,500GB HDD,Intel HD Graphics 520,https://via.placeholder.com/200
MSI,GL62 6QF,Gaming,"15.6""",Full HD 1920x1080,Intel Core i7 6700HQ 2.6GHz,8GB,128GB SSD +  1TB HDD,Nvidia GeForce GTX 960M,https://via.placeholder.com/200
Lenovo,ThinkPad 13,Notebook,"13.3""",IPS Panel Full HD 1920x1080,Intel Core i7 7500U 2.7GHz,16GB,512GB SSD,Intel HD Graphics 620,https://via.placeholder.com/200
Lenovo,IdeaPad 320-15ABR,Notebook,"15.6""",Full HD 1920x1080,AMD A12-Series 9720P 3.6GHz,6GB,256GB SSD,AMD Radeon 530,https://via.placeholder.com/200
Asus,ZenBook UX310UA-WB71,Ultrabook,"13.3""",Full HD 1920x1080,Intel Core i7 6500U 2.5GHz,8GB,256GB SSD,Intel HD Graphics 520,https://via.placeholder.com/200
Acer,Aspire ES1-572,Notebook,"15.6""",1366x768,Intel Core i3 6006U 2.0GHz,4GB,500GB HDD,Intel HD Graphics 520,https://via.placeholder.com/200
Dell,Inspiron 7779,2 in 1 Convertible,"17.3""",Full HD / Touchscreen 1920x1080,Intel Core i7 7500U 2.7GHz,16GB,512GB SSD,Nvidia GeForce 940MX,https://via.placeholder.com/200
HP,EliteBook 840,Notebook,"14.0""",Full HD 1920x1080,Intel Core i5 6200U 2.3GHz,4GB,256GB SSD,Intel HD Graphics 520,https://via.placeholder.com/200
Asus,Rog GL553VE-FY052T,Gaming,"15.6""",IPS Panel Full HD 1920x1080,Intel Core i7 7700HQ 2.8GHz,16GB,256GB SSD +  1TB HDD,Nvidia GeForce GTX 1050 Ti,https://via.placeholder.com/200
Dell,Latitude 5480,Notebook,"14.0""",1366x768,Intel Core i5 7200U 2.5GHz,4GB,500GB HDD,Intel HD Graphics 620,https://via.placeholder.com/200
Asus,Rog GL502VS,Gaming,"15.6""",IPS Panel Full HD 1920x1080,Intel Core i7 6700HQ 2.6GHz,16GB,256GB SSD +  1TB HDD,Nvidia GeForce GTX 1070,https://via.placeholder.com/200
Lenovo,V510-15IKB (i5-7200U/8GB/256GB/FHD/No,Notebook,"15.6""",IPS Panel Full HD 1920x1080,Intel Core i5 7200U 2.5GHz,8GB,256GB SSD,Intel HD Graphics 620,https://via.placeholder.com/200
Dell,XPS 13,2 in 1 Convertible,"13.3""",Quad HD+ / Touchscreen 3200x1800,Intel Core i5 7Y54 1.2GHz,8GB,256GB SSD,Intel HD Graphics 615,https://via.placeholder.com/200
Dell,Inspiron 3552,Notebook,"15.6""",1366x768,Intel Pentium Quad Core N3710 1.6GHz,4GB,500GB HDD,Intel HD Graphics,https://via.placeholder.com/200
HP,255 G6,Notebook,"15.6""",1366x768,AMD A6-Series 9220 2.5GHz,4GB,500GB HDD,AMD Radeon R4 Graphics,https://via.placeholder.com/200
Lenovo,IdeaPad 310-15ISK,Notebook,"15.6""",Full HD 1920x1080,Intel Core i3 6100U 2.3GHz,6GB,128GB SSD,Nvidia GeForce 920MX,https://via.placeholder.com/200
Lenovo,ThinkPad L460,Notebook,"14.0""",IPS Panel Full HD 1920x1080,Intel Core i5 6200U 2.3GHz,8GB,256GB SSD,Intel HD Graphics 520,https://via.placeholder.com/200
Dell,Inspiron 3552,Notebook,"15.6""",1366x768,Intel Pentium Quad Core N3700 1.6GHz,4GB,500GB HDD,Intel HD Graphics,https://via.placeholder.com/200
Asus,X541NA-GO020T (N3350/4GB/1TB/W10),Notebook,"15.6""",1366x768,Intel Celeron Dual Core N3350 1.1GHz,4GB,1TB HDD,Intel HD Graphics 500,https://via.placeholder.com/200
Asus,Rog G752VT-GC073T,Gaming,"17.3""",IPS Panel Full HD 1920x1080,Intel Core i7 6700HQ 2.6GHz,16GB,128GB SSD +  1TB HDD,Nvidia GeForce GTX 970M,https://via.placeholder.com/200
Dell,Vostro 3568,Notebook,"15.6""",1366x768,Intel Core i3 6006U 2GHz,4GB,500GB HDD,Intel HD Graphics 520,https://via.placeholder.com/200
Lenovo,B51-80 (i7-6500U/8GB/1008GB/Radeon,Notebook,"15.6""",Full HD 1920x1080,Intel Core i7 6500U 2.5GHz,8GB,1TB Hybrid,AMD Radeon R5 M330,https://via.placeholder.com/200
MSI,GE62 Apache,Gaming,"15.6""",Full HD 1920x1080,Intel Core i7 6700HQ 2.6GHz,8GB,128GB SSD +  1TB HDD,Nvidia GeForce GTX 960M,https://via.placeholder.com/200
Lenovo,Yoga 500-14IBD,2 in 1 Convertible,"14.0""",Full HD / Touchscreen 1920x1080,Intel Core i5 6200U 2.3GHz,4GB,128GB SSD,Intel HD Graphics 520,https://via.placeholder.com/200
Asus,ZenBook UX305CA-UBM1,Ultrabook,"13.3""",IPS Panel Full HD 1920x1080,Intel Core M 6Y30 0.9GHz,8GB,512GB SSD,Intel HD Graphics 515,https://via.placeholder.com/200
Dell,Inspiron 3567,Notebook,"15.6""",1366x768,Intel Core i3 7100U 2.4GHz,6GB,1TB HDD,Intel HD Graphics 620,https://via.placeholder.com/200
Acer,Aspire ES1-531,Notebook,"15.6""",1366x768,Intel Celeron Dual Core N3060 1.6GHz,4GB,500GB HDD,Intel HD Graphics 400,https://via.placeholder.com/200
Dell,Inspiron 3552,Notebook,"15.6""",1366x768,Intel Celeron Dual Core N3050 1.6GHz,2GB,500GB HDD,Intel HD Graphics,https://via.placeholder.com/200
Lenovo,IdeaPad Y700-15ISK,Notebook,"15.6""",IPS Panel Full HD 1920x1080,Intel Core i7 6700HQ 2.6GHz,8GB,1TB HDD,Nvidia GeForce GTX 960M,https://via.placeholder.com/200
HP,Pavilion 15-AW003nv,Notebook,"15.6""",Full HD 1920x1080,AMD A9-Series 9410 2.9GHz,6GB,1TB Hybrid,AMD Radeon R7 M440,https://via.placeholder.com/200
Dell,Inspiron 3567,Notebook,"15.6""",1366x768,Intel Core i7 7500U 2.7GHz,8GB,1TB HDD,AMD Radeon R5 M430,https://via.placeholder.com/200
HP,Stream 11-Y000na,Netbook,"11.6""",1366x768,Intel Celeron Dual Core N3060 1.6GHz,2GB,32GB Flash Storage,Intel HD Graphics 400,https://via.placeholder.com/200
Asus,X556UJ-XO044T (i7-6500U/4GB/500GB/GeForce,Notebook,"15.6""",1366x768,Intel Core i7 6500U 2.5GHz,4GB,500GB HDD,Nvidia GeForce 920M,https://via.placeholder.com/200
Lenovo,Yoga 500-14ISK,2 in 1 Convertible,"14.0""",IPS Panel Full HD / Touchscreen 1920x1080,Intel Core i7 6500U 2.5GHz,4GB,128GB SSD,Intel HD Graphics 520,https://via.placeholder.com/200
Lenovo,Yoga 900-13ISK,2 in 1 Convertible,"13.3""",IPS Panel Quad HD+ / Touchscreen 3200x1800,Intel Core i7 6500U 2.5GHz,16GB,512GB SSD,Intel HD Graphics 520,https://via.placeholder.com/200
Lenovo,IdeaPad 100S-14IBR,Notebook,"14.0""",1366x768,Intel Celeron Dual Core N3050 1.6GHz,2GB,64GB Flash Storage,Intel HD Graphics,https://via.placeholder.com/200
HP,15-AC110nv (i7-6500U/6GB/1TB/Radeon,Notebook,"15.6""",1366x768,Intel Core i7 6500U 2.5GHz,6GB,1TB HDD,AMD Radeon R5 M330,https://via.placeholder.com/200
Asus,X553SA-XX031T (N3050/4GB/500GB/W10),Notebook,"15.6""",1366x768,Intel Celeron Dual Core N3050 1.6GHz,4GB,500GB HDD,Intel HD Graphics,https://via.placeholder.com/200
Asus,ZenBook UX305CA-UBM1,Ultrabook,"13.3""",IPS Panel Full HD 1920x1080,Intel Core M 6Y30 0.9GHz,8GB,512GB SSD,Intel HD Graphics 515,https://via.placeholder.com/200
Dell,Inspiron 3567,Notebook,"15.6""",1366x768,Intel Core i3 7100U 2.4GHz,6GB,1TB HDD,Intel HD Graphics 620,https://via.placeholder.com/200
Acer,Aspire ES1-531,Notebook,"15.6""",1366x768,Intel Celeron Dual Core N3060 1.6GHz,4GB,500GB HDD,Intel HD Graphics 400,https://via.placeholder.com/200
Dell,Inspiron 3552,Notebook,"15.6""",1366x768,Intel Celeron Dual Core N3050 1.6GHz,2GB,500GB HDD,Intel HD Graphics,https://via.placeholder.com/200
Lenovo,IdeaPad Y700-15ISK,Notebook,"15.6""",IPS Panel Full HD 1920x1080,Intel Core i7 6700HQ 2.6GHz,8GB,1TB HDD,Nvidia GeForce GTX 960M,https://via.placeholder.com/200
HP,Pavilion 15-AW003nv,Notebook,"15.6""",Full HD 1920x1080,AMD A9-Series 9410 2.9GHz,6GB,1TB Hybrid,AMD Radeon R7 M440,https://via.placeholder.com/200
Dell,Inspiron 3567,Notebook,"15.6""",1366x768,Intel Core i7 7500U 2.7GHz,8GB,1TB HDD,AMD Radeon R5 M430,https://via.placeholder.com/200
HP,Stream 11-Y000na,Netbook,"11.6""",1366x768,Intel Celeron Dual Core N3060 1.6GHz,2GB,32GB Flash Storage,Intel HD Graphics 400,https://via.placeholder.com/200
Asus,X556UJ-XO044T (i7-6500U/4GB/500GB/GeForce,Notebook,"15.6""",1366x768,Intel Core i7 6500U 2.5GHz,4GB,500GB HDD,Nvidia GeForce 920M,https://via.placeholder.com/200
Lenovo,Yoga 500-14ISK,2 in 1 Convertible,"14.0""",IPS Panel Full HD / Touchscreen 1920x1080,Intel Core i7 6500U 2.5GHz,4GB,128GB SSD,Intel HD Graphics 520,https://via.placeholder.com/200
Lenovo,Yoga 900-13ISK,2 in 1 Convertible,"13.3""",IPS Panel Quad HD+ / Touchscreen 3200x1800,Intel Core i7 6500U 2.5GHz,16GB,512GB SSD,Intel HD Graphics 520,https://via.placeholder.com/200
Lenovo,IdeaPad 100S-14IBR,Notebook,"14.0""",1366x768,Intel Celeron Dual Core N3050 1.6GHz,2GB,64GB Flash Storage,Intel HD Graphics,https://via.placeholder.com/200
HP,15-AC110nv (i7-6500U/6GB/1TB/Radeon,Notebook,"15.6""",1366x768,Intel Core i7 6500U 2.5GHz,6GB,1TB HDD,AMD Radeon R5 M330,https://via.placeholder.com/200
Asus,X553SA-XX031T (N3050/4GB/500GB/W10),Notebook,"15.6""",1366x768,Intel Celeron Dual Core N3050 1.6GHz,4GB,500GB HDD,Intel HD Graphics,https://via.placeholder.com/200
Asus,ZenBook UX305CA-UBM1,Ultrabook,"13.3""",IPS Panel Full HD 1920x1080,Intel Core M 6Y30 0.9GHz,8GB,512GB SSD,Intel HD Graphics 515,https://via.placeholder.com/200
Dell,Inspiron 3567,Notebook,"15.6""",1366x768,Intel Core i3 7100U 2.4GHz,6GB,1TB HDD,Intel HD Graphics 620,https://via.placeholder.com/200
Acer,Aspire ES1-531,Notebook,"15.6""",1366x768,Intel Celeron Dual Core N3060 1.6GHz,4GB,500GB HDD,Intel HD Graphics 400,https://via.placeholder.com/200
Dell,Inspiron 3552,Notebook,"15.6""",1366x768,Intel Celeron Dual Core N3050 1.6GHz,2GB,500GB HDD,Intel HD Graphics,https://via.placeholder.com/200
Lenovo,IdeaPad Y700-15ISK,Notebook,"15.6""",IPS Panel Full HD 1920x1080,Intel Core i7 6700HQ 2.6GHz,8GB,1TB HDD,Nvidia GeForce GTX 960M,https://via.placeholder.com/200
HP,Pavilion 15-AW003nv,Notebook,"15.6""",Full HD 1920x1080,AMD A9-Series 9410 2.9GHz,6GB,1TB Hybrid,AMD Radeon R7 M440,https://via.placeholder.com/200
Dell,Inspiron 3567,Notebook,"15.6""",1366x768,Intel Core i7 7500U 2.7GHz,8GB,1TB HDD,AMD Radeon R5 M430,https://via.placeholder.com/200
HP,Stream 11-Y000na,Netbook,"11.6""",1366x768,Intel Celeron Dual Core N3060 1.6GHz,2GB,32GB Flash Storage,Intel HD Graphics 400,https://via.placeholder.com/200
Asus,X556UJ-XO044T (i7-6500U/4GB/500GB/GeForce,Notebook,"15.6""",1366x768,Intel Core i7 6500U 2.5GHz,4GB,500GB HDD,Nvidia GeForce 920M,https://via.placeholder.com/200
Lenovo,Yoga 500-14ISK,2 in 1 Convertible,"14.0""",IPS Panel Full HD / Touchscreen 1920x1080,Intel Core i7 6500U 2.5GHz,4GB,128GB SSD,Intel HD Graphics 520,https://via.placeholder.com/200
Lenovo,Yoga 900-13ISK,2 in 1 Convertible,"13.3""",IPS Panel Quad HD+ / Touchscreen 3200x1800,Intel Core i7 6500U 2.5GHz,16GB,512GB SSD,Intel HD Graphics 520,https://via.placeholder.com/200
Lenovo,IdeaPad 100S-14IBR,Notebook,"14.0""",1366x768,Intel Celeron Dual Core N3050 1.6GHz,2GB,64GB Flash Storage,Intel HD Graphics,https://via.placeholder.com/200
HP,15-AC110nv (i7-6500U/6GB/1TB/Radeon,Notebook,"15.6""",1366x768,Intel Core i7 6500U 2.5GHz,6GB,1TB HDD,AMD Radeon R5 M330,https://via.placeholder.com/200
Asus,X553SA-XX031T (N3050/4GB/500GB/W10),Notebook,"15.6""",1366x768,Intel Celeron Dual Core N3050 1.6GHz,4GB,500GB HDD,Intel HD Graphics,https://via.placeholder.com/200
