name,brand,image
Samsung Galaxy Tab A9 Plus Tablet (5G+ 8GB RAM + 128GB),samsung,https://via.placeholder.com/200
Samsung Galaxy Tab S9 FE Plus 2023 (Wi-Fi Only+8GB RAM + 128GB),samsung,https://via.placeholder.com/200
Samsung Galaxy Tab S11 Ultra,samsung,https://via.placeholder.com/200
Samsung Galaxy Tab S9 FE,samsung,https://via.placeholder.com/200
Samsung Galaxy Tab S9 FE (Wi-Fi Only),samsung,https://via.placeholder.com/200
Samsung Galaxy Tab S10 FE 5G,samsung,https://via.placeholder.com/200
Samsung Galaxy Tab A10,samsung,https://via.placeholder.com/200
Samsung Galaxy Tab A9 Plus Tablet (Wi-Fi+8GB RAM+128GB),samsung,https://via.placeholder.com/200
Samsung Galaxy Tab S9 FE Plus,samsung,https://via.placeholder.com/200
Samsung Galaxy Tab A9 Tablet,samsung,https://via.placeholder.com/200
Samsung Galaxy Tab A9 Plus Tablet,samsung,https://via.placeholder.com/200
Samsung Galaxy Tab S10 FE Plus 5G,samsung,https://via.placeholder.com/200
Samsung Galaxy Tab S8 Ultra 5G Tablet,samsung,https://via.placeholder.com/200
Samsung Galaxy Tab S10 FE Plus (WI-FI+ 8GB RAM + 128GB),samsung,https://via.placeholder.com/200
Samsung Galaxy Tab S10 Ultra Tablet 5G,samsung,https://via.placeholder.com/200
Samsung Galaxy Tab S10 FE (WI-FI+ 8GB RAM + 128GB),samsung,https://via.placeholder.com/200
Samsung Galaxy Tab S10 Ultra Tablet 5G (12GB+512GB),samsung,https://via.placeholder.com/200
Samsung Galaxy Tab S10 Plus,samsung,https://via.placeholder.com/200
Samsung Galaxy Tab A9 Plus Tablet (Wi-Fi + 4GB RAM + 64GB),samsung,https://via.placeholder.com/200
Samsung Galaxy Tab A9 Tablet (Wi-Fi Only),samsung,https://via.placeholder.com/200
Samsung Galaxy Tab S9 Tablet (Wi-Fi+12GB+256GB),samsung,https://via.placeholder.com/200
Samsung Galaxy Tab S9 Ultra Tablet,samsung,https://via.placeholder.com/200
Samsung Galaxy Tab S10 FE (WI-FI+ 12GB RAM + 256GB),samsung,https://via.placeholder.com/200
Samsung Galaxy Tab S10 FE Plus (12GB RAM + 256GB + 5G),samsung,https://via.placeholder.com/200
Samsung Galaxy Tab S10 FE Plus (WI-FI+ 12GB RAM + 256GB),samsung,https://via.placeholder.com/200
Samsung Galaxy Tab S9 FE Plus (Wi-Fi Only+12GB RAM + 256GB),samsung,https://via.placeholder.com/200
Samsung Galaxy Tab S9 Tablet (5G+12GB+256GB),samsung,https://via.placeholder.com/200
Samsung Galaxy Tab S9 Plus Tablet (Wi-Fi+12GB+256GB),samsung,https://via.placeholder.com/200
Samsung Galaxy Tab S9 Tablet (Wi-Fi+8GB+128GB),samsung,https://via.placeholder.com/200
Samsung Galaxy Tab S9 Tablet,samsung,https://via.placeholder.com/200
Samsung Galaxy Tab A7 Lite,samsung,https://via.placeholder.com/200
Samsung Galaxy Tab A7 2020,samsung,https://via.placeholder.com/200
Samsung Galaxy Tab S10 FE (5G+ 12GB RAM + 256GB),samsung,https://via.placeholder.com/200
Samsung Galaxy Tab S10 Plus (Wi-Fi+12GB RAM + 256GB),samsung,https://via.placeholder.com/200
Samsung Galaxy Tab S10 Ultra Tablet (12GB+512GB+Wi-Fi),samsung,https://via.placeholder.com/200
Samsung Galaxy Tab S10 Ultra Tablet (Wi-Fi+12GB+256GB),samsung,https://via.placeholder.com/200
Samsung Galaxy Tab S10 Tablet,samsung,https://via.placeholder.com/200
Samsung Galaxy Tab A9 Kids Edition Tablet,samsung,https://via.placeholder.com/200
Samsung Galaxy Tab Active 5 Pro,samsung,https://via.placeholder.com/200
Samsung Galaxy Tab S9 FE (Wi-Fi Only + 8GB RAM + 256GB),samsung,https://via.placeholder.com/200
Samsung Galaxy Tab S9 FE (5G + 8GB RAM + 256GB),samsung,https://via.placeholder.com/200
Samsung Galaxy Tab S9 FE Plus (12GB RAM + 256GB),samsung,https://via.placeholder.com/200
Samsung Galaxy Tab S9 Ultra 2023 Tablet (Wi-Fi+12GB+256GB),samsung,https://via.placeholder.com/200
Samsung Galaxy Tab S6 Lite 2022 Tablet (128GB),samsung,https://via.placeholder.com/200
Samsung Galaxy Tab S6 Lite 2022 Tablet,samsung,https://via.placeholder.com/200
Samsung Galaxy Tab A8 10.5 2021 Tablet (4GB RAM + 64GB),samsung,https://via.placeholder.com/200
Samsung Galaxy Tab S8 FE,samsung,https://via.placeholder.com/200
Samsung Galaxy Tab S7 FE,samsung,https://via.placeholder.com/200
Samsung Galaxy Tab S8 Plus 5G Tablet,samsung,https://via.placeholder.com/200
Samsung Galaxy Tab S7 Plus,samsung,https://via.placeholder.com/200
Samsung Galaxy Tab A 10.1 (WiFi + 32GB),samsung,https://via.placeholder.com/200
Samsung Galaxy Tab A 8.0 (2019),samsung,https://via.placeholder.com/200
Samsung Galaxy Tab 4 10.1 SM-T531 (WiFi+3G+16GB),samsung,https://via.placeholder.com/200
Samsung Galaxy Tab S6 Lite 2024,samsung,https://via.placeholder.com/200
Samsung Galaxy Tab Active 5,samsung,https://via.placeholder.com/200
Samsung Galaxy Tab S8 Ultra Tablet (Wi-Fi Only),samsung,https://via.placeholder.com/200
Samsung Galaxy Tab S7 Lite,samsung,https://via.placeholder.com/200
Samsung Galaxy Tab S9 Plus,samsung,https://via.placeholder.com/200
Samsung Galaxy Tab S8 5G Tablet,samsung,https://via.placeholder.com/200
Samsung Galaxy Tab S9 Ultra Tablet (5G + 12GB + 512GB),samsung,https://via.placeholder.com/200
Samsung Galaxy Tab S6 Lite Tablet (Wi-Fi +4GB+128GB),samsung,https://via.placeholder.com/200
Samsung Galaxy Tab S6 Lite 2022 Tablet (Wi-Fi Only),samsung,https://via.placeholder.com/200
Samsung Galaxy Tab A8 10.5 2021 Tablet (Wi-Fi Only),samsung,https://via.placeholder.com/200
Samsung Galaxy Tab S7 FE (Wi-Fi Only),samsung,https://via.placeholder.com/200
Samsung Galaxy Tab S7 FE (6GB RAM + 128GB),samsung,https://via.placeholder.com/200
Samsung Galaxy Tab A7 Lite (Wi-Fi Only),samsung,https://via.placeholder.com/200
Samsung Galaxy Tab S7 FE 5G,samsung,https://via.placeholder.com/200
Samsung Galaxy Tab A7 2020 (Wi-Fi + 64GB),samsung,https://via.placeholder.com/200
Samsung Galaxy Tab S7 Plus (Wi-Fi Only),samsung,https://via.placeholder.com/200
Samsung Galaxy Tab A7 2020 (Wi-Fi Only),samsung,https://via.placeholder.com/200
Samsung Galaxy Tab S7,samsung,https://via.placeholder.com/200
Samsung Galaxy Tab S6 Lite (Wi-Fi Only),samsung,https://via.placeholder.com/200
Samsung Galaxy Tab S6 Lite,samsung,https://via.placeholder.com/200
Samsung Galaxy Tab A4 S Tablet,samsung,https://via.placeholder.com/200
Samsung Galaxy Tab A 8.0 2019 ( Wi-Fi + 32GB),samsung,https://via.placeholder.com/200
Samsung Galaxy Tab S5e,samsung,https://via.placeholder.com/200
Samsung Galaxy Tab S4 10.5 (WiFi+4G+64GB),samsung,https://via.placeholder.com/200
Samsung Galaxy Tab A 7.0,samsung,https://via.placeholder.com/200
Samsung Galaxy Tab Iris,samsung,https://via.placeholder.com/200
Samsung SM-T561NZKAINS Tablet (WiFi+3G+8GB),samsung,https://via.placeholder.com/200
Samsung Galaxy Tab 3V T116 (WiFi+3G+8GB),samsung,https://via.placeholder.com/200
Samsung Galaxy Tab 4 7.0 T231 (WiFi+3G+8GB),samsung,https://via.placeholder.com/200
Samsung Galaxy Tab 3 10.1 P5210,samsung,https://via.placeholder.com/200
Samsung Galaxy Note 8.0 N5100 (WiFi+3G+16GB),samsung,https://via.placeholder.com/200
Samsung Galaxy Tab 2 10.1 P5100 WiFi+3G (16GB),samsung,https://via.placeholder.com/200
Samsung Galaxy Tab 2 7.0 P3100 WiFi+3G (16GB),samsung,https://via.placeholder.com/200
Samsung P7500 Galaxy Tab 10.1 WiFi+3G (16GB),samsung,https://via.placeholder.com/200
Samsung Galaxy Note 10.1 N8000 (16GB),samsung,https://via.placeholder.com/200
Samsung Galaxy Tab P1000,samsung,https://via.placeholder.com/200
Samsung Galaxy Tab A7 Lite Kids Edition,samsung,https://via.placeholder.com/200
Samsung Galaxy Tab S8 Ultra Tablet (WiFi + 128GB),samsung,https://via.placeholder.com/200
Samsung Galaxy Tab Active Pro,samsung,https://via.placeholder.com/200
Samsung Galaxy Tab Active 4 Pro,samsung,https://via.placeholder.com/200
Samsung Galaxy Tab S8 Tablet (Wi-Fi Only),samsung,https://via.placeholder.com/200
Samsung Galaxy Tab A8 10.5 2021 Tablet (Wi-Fi + 64GB),samsung,https://via.placeholder.com/200
Samsung Galaxy Tab A Kids,samsung,https://via.placeholder.com/200
Samsung Galaxy Tab A8 10.5 2021 Tablet,samsung,https://via.placeholder.com/200
Samsung Galaxy Tab S7 Plus Lite,samsung,https://via.placeholder.com/200
Samsung Galaxy Tab S7 XL Lite,samsung,https://via.placeholder.com/200
Samsung Galaxy Tab A 10.1 2021 Tablet,samsung,https://via.placeholder.com/200
Samsung Galaxy Tab Active 3 (Wi-Fi Only),samsung,https://via.placeholder.com/200
Samsung Galaxy Tab M62,samsung,https://via.placeholder.com/200
Samsung Galaxy Tab Active 3,samsung,https://via.placeholder.com/200
Samsung Galaxy Tab S7 (Wi-Fi Only),samsung,https://via.placeholder.com/200
Samsung Galaxy Tab A 8.4 (2020),samsung,https://via.placeholder.com/200
Samsung Galaxy Tab S6 5G,samsung,https://via.placeholder.com/200
Samsung Galaxy Tab S5e Tablet (WiFi + 64GB),samsung,https://via.placeholder.com/200
Samsung Galaxy View 2,samsung,https://via.placeholder.com/200
Samsung Galaxy Tab A 10.1 (2019),samsung,https://via.placeholder.com/200
Samsung Galaxy Tab A 10.5,samsung,https://via.placeholder.com/200
Samsung Galaxy Tab A 8.0 (2017),samsung,https://via.placeholder.com/200
Samsung Galaxy J Max Tablet,samsung,https://via.placeholder.com/200
Samsung Galaxy Tab A 10.1 (2016) (WiFi Only),samsung,https://via.placeholder.com/200
Samsung Galaxy Tab A 9.7,samsung,https://via.placeholder.com/200
"Samsung Galaxy Tab 3 Lite SM-T113 (7inch,8GB,Wi-Fi)",samsung,https://via.placeholder.com/200
Samsung Galaxy Tab S2 8.0(WiFi+3G+32GB),samsung,https://via.placeholder.com/200
Samsung Galaxy Tab A 8.0,samsung,https://via.placeholder.com/200
Samsung Galaxy Tab 750 (WiFi+3G+16GB),samsung,https://via.placeholder.com/200
Samsung Galaxy Tab 3 Lite 7.0 SM-T110,samsung,https://via.placeholder.com/200
Samsung Galaxy Tab S 10.5 (WiFi+3G+16GB),samsung,https://via.placeholder.com/200
Samsung Galaxy Tab Pro 12.2 (WiFi+32GB),samsung,https://via.placeholder.com/200
Samsung Galaxy Tab S 8.4 (WiFi+16GB),samsung,https://via.placeholder.com/200
Samsung Galaxy Tab Pro 8.4 (WiFi+16GB),samsung,https://via.placeholder.com/200
Samsung Galaxy Tab S 10.5 (WiFi+16GB),samsung,https://via.placeholder.com/200
Samsung Galaxy Tab Pro 10.1 (WiFi+16GB),samsung,https://via.placeholder.com/200
Samsung Galaxy Note Pro 12.2 SM-P900 (WiFi+64GB),samsung,https://via.placeholder.com/200
Samsung Galaxy Note Pro 12.2 SM-P900 (WiFi+32GB),samsung,https://via.placeholder.com/200
Samsung Galaxy Tab 4 8.0 SM-T331 (WiFi+3G+16GB),samsung,https://via.placeholder.com/200
Samsung W Tab,samsung,https://via.placeholder.com/200
Samsung Galaxy Tab S 8.4 (WiFi+3G+16GB),samsung,https://via.placeholder.com/200
Samsung Galaxy Tab 4 10.1,samsung,https://via.placeholder.com/200
Samsung Galaxy Tab 3 Neo SM-T111 (WiFi+3G+8GB),samsung,https://via.placeholder.com/200
Samsung Galaxy Tab 4 7.0,samsung,https://via.placeholder.com/200
Samsung Galaxy Tab 4 8.0,samsung,https://via.placeholder.com/200
Samsung Galaxy Note Pro 12.2 SM-P9010 (WiFi+3G+32GB),samsung,https://via.placeholder.com/200
Samsung Galaxy Tab 3 Lite 7.0 3G,samsung,https://via.placeholder.com/200
Samsung Galaxy Tab Pro 12.2 LTE,samsung,https://via.placeholder.com/200
Samsung Galaxy Tab Pro 10.1 LTE,samsung,https://via.placeholder.com/200
Samsung Galaxy Note Pro 12.2 LTE,samsung,https://via.placeholder.com/200
"Samsung Galaxy Note 10.1 6010 SM-P601 (2014 Edition, 3G+32GB)",samsung,https://via.placeholder.com/200
Samsung Galaxy Tab 3 8.0 310 T3100 (WiFi+16GB),samsung,https://via.placeholder.com/200
Samsung Galaxy Tab 3 8.0 311 T3110 (WiFi+3G+16GB),samsung,https://via.placeholder.com/200
Samsung Galaxy Tab 3 10.1 P5220,samsung,https://via.placeholder.com/200
Samsung Galaxy Tab 3 10.1 P5200,samsung,https://via.placeholder.com/200
Samsung Google Nexus 10 P8110 (16GB),samsung,https://via.placeholder.com/200
Samsung Google Nexus 10 P8110 (32GB),samsung,https://via.placeholder.com/200
Samsung Galaxy Tab 3 7.0 211 T2110 (WiFi+3G+8GB),samsung,https://via.placeholder.com/200
Samsung Galaxy Tab 3 7.0 210 T2100 (WiFi+8GB),samsung,https://via.placeholder.com/200
Samsung Galaxy Tab 8.9 P7300 (16GB),samsung,https://via.placeholder.com/200
Samsung P6200 Galaxy Tab 7.0 Plus (16GB),samsung,https://via.placeholder.com/200
Samsung P6800 Galaxy Tab 7.7 (16GB),samsung,https://via.placeholder.com/200
Samsung Galaxy Tab 2 7.0 P3110 WiFi (16GB),samsung,https://via.placeholder.com/200
Samsung P1010 Galaxy Tab WiFi,samsung,https://via.placeholder.com/200
Samsung Galaxy Tab 2 7.0 P3100 WiFi+3G (8GB),samsung,https://via.placeholder.com/200
Xiaomi Pad 7 Ultra,xiaomi,https://via.placeholder.com/200
Xiaomi Redmi Pad Pro 5G,xiaomi,https://via.placeholder.com/200
Xiaomi Pad 7 (12GB RAM + 256GB),xiaomi,https://via.placeholder.com/200
Xiaomi Redmi Pad Pro 5G (8GB RAM + 256GB),xiaomi,https://via.placeholder.com/200
Xiaomi Pad 7 Pro,xiaomi,https://via.placeholder.com/200
Xiaomi Pad 7,xiaomi,https://via.placeholder.com/200
Xiaomi Pad 8,xiaomi,https://via.placeholder.com/200
Xiaomi Pad 7 Nano Texture Display Edition,xiaomi,https://via.placeholder.com/200
Xiaomi Redmi Pad SE Tablet,xiaomi,https://via.placeholder.com/200
Xiaomi Redmi Pad SE 8.7 4G,xiaomi,https://via.placeholder.com/200
Xiaomi Pad 6 Tablet (8GB RAM + 256GB),xiaomi,https://via.placeholder.com/200
Xiaomi Redmi Pad SE Tablet (8GB RAM + 128GB),xiaomi,https://via.placeholder.com/200
Xiaomi Redmi Pad Pro (Wi-Fi Only),xiaomi,https://via.placeholder.com/200
Xiaomi Pad 7 Max,xiaomi,https://via.placeholder.com/200
Xiaomi Redmi Pad SE 8.7 4G (4GB RAM +128GB),xiaomi,https://via.placeholder.com/200
Xiaomi Redmi Pad 2,xiaomi,https://via.placeholder.com/200
Xiaomi Pad 6 Tablet,xiaomi,https://via.placeholder.com/200
Xiaomi Pad 7S Pro,xiaomi,https://via.placeholder.com/200
Xiaomi Redmi Pad SE Tablet (6GB RAM + 128GB),xiaomi,https://via.placeholder.com/200
Xiaomi Pad 6S Pro,xiaomi,https://via.placeholder.com/200
Xiaomi Pad 6 Max Tablet,xiaomi,https://via.placeholder.com/200
Xiaomi Pad 6 Pro Tablet,xiaomi,https://via.placeholder.com/200
Xiaomi Redmi Pad (6GB RAM + 128GB),xiaomi,https://via.placeholder.com/200
Xiaomi Redmi Pad (4GB RAM + 128GB),xiaomi,https://via.placeholder.com/200
Xiaomi Redmi Pad,xiaomi,https://via.placeholder.com/200
Xiaomi Mi Pad 5 Tablet (Wi-Fi + 128GB),xiaomi,https://via.placeholder.com/200
Xiaomi Pad 6 Max 14 Tablet,xiaomi,https://via.placeholder.com/200
Xiaomi Mi Pad 5 Pro 12.4 inch Tablet,xiaomi,https://via.placeholder.com/200
Xiaomi Mi Pad 5 Tablet (Wi-Fi + 256GB),xiaomi,https://via.placeholder.com/200
Xiaomi Mi Pad 5 Pro 5G Tablet,xiaomi,https://via.placeholder.com/200
Xiaomi Redmi Pad 5G,xiaomi,https://via.placeholder.com/200
Xiaomi Mi Pad 4,xiaomi,https://via.placeholder.com/200
Xiaomi Mi Pad 3,xiaomi,https://via.placeholder.com/200
Xiaomi Redmi Tablet,xiaomi,https://via.placeholder.com/200
Xiaomi Mi Pad 5 Pro Tablet (Wi-Fi + 256GB),xiaomi,https://via.placeholder.com/200
Xiaomi Mi Pad 5 Pro Tablet (Wi-Fi + 128GB),xiaomi,https://via.placeholder.com/200
Xiaomi Mi Pad 5 Lite,xiaomi,https://via.placeholder.com/200
Xiaomi Mi Reader,xiaomi,https://via.placeholder.com/200
Xiaomi Mi Pad 4 Plus,xiaomi,https://via.placeholder.com/200
Xiaomi Mi Pad 2,xiaomi,https://via.placeholder.com/200
Lenovo Xiaoxin Pad Pro 12.7,lenovo,https://via.placeholder.com/200
Lenovo Idea Tab Pro,lenovo,https://via.placeholder.com/200
Lenovo Tab M11 (4GB RAM + 128GB + LTE),lenovo,https://via.placeholder.com/200
Lenovo Idea Tab Pro (12GB RAM + 256GB),lenovo,https://via.placeholder.com/200
Lenovo Xiaoxin Pad Pro 12.7 (8GB RAM + 256GB),lenovo,https://via.placeholder.com/200
Lenovo Tab M11 (4GB RAM + 64GB + Wi-Fi),lenovo,https://via.placeholder.com/200
Lenovo Tab M10 5G,lenovo,https://via.placeholder.com/200
Lenovo Tab M11 (4GB RAM + 128GB + Wi-Fi),lenovo,https://via.placeholder.com/200
Lenovo Tab M11,lenovo,https://via.placeholder.com/200
Lenovo Xiaoxin Pad Pro 12.7 (2025),lenovo,https://via.placeholder.com/200
Lenovo Tab Plus 2024 (8GB RAM + 128GB),lenovo,https://via.placeholder.com/200
Lenovo Tab Plus 2024,lenovo,https://via.placeholder.com/200
Lenovo Tab P12,lenovo,https://via.placeholder.com/200
Lenovo Tab Extreme,lenovo,https://via.placeholder.com/200
Lenovo Yoga Pad Pro AI 2024,lenovo,https://via.placeholder.com/200
Lenovo Legion Y700 (2025),lenovo,https://via.placeholder.com/200
Lenovo Tab P13 Pro,lenovo,https://via.placeholder.com/200
Lenovo Tab M11 (LTE),lenovo,https://via.placeholder.com/200
Lenovo Legion Pad Gaming Tablet,lenovo,https://via.placeholder.com/200
Lenovo Tab M10 HD Tablet (2GB RAM + 16GB),lenovo,https://via.placeholder.com/200
Lenovo Tab 4 10 Tablet (WiFi+4G+16GB),lenovo,https://via.placeholder.com/200
Lenovo Tab M11 (4GB RAM + 64GB + LTE),lenovo,https://via.placeholder.com/200
Lenovo Yoga Tab Plus,lenovo,https://via.placeholder.com/200
Lenovo Tab K12,lenovo,https://via.placeholder.com/200
Lenovo Tab K11 (4GB+128GB+LTE),lenovo,https://via.placeholder.com/200
Lenovo Legion Y700 2024 Gaming Tablet,lenovo,https://via.placeholder.com/200
Lenovo Tab K11 (Wi-Fi Only),lenovo,https://via.placeholder.com/200
Lenovo Tab M8 4th Gen Tablet LTE (4GB RAM + 64GB),lenovo,https://via.placeholder.com/200
Lenovo Legion Tab 2024,lenovo,https://via.placeholder.com/200
Lenovo Tab M10a 5G,lenovo,https://via.placeholder.com/200
Lenovo Tab K11,lenovo,https://via.placeholder.com/200
Lenovo M10 Plus 3rd Gen Tablet (LTE+4GB RAM+ 128GB),lenovo,https://via.placeholder.com/200
Lenovo Tab P12 (8GB RAM+128GB),lenovo,https://via.placeholder.com/200
Lenovo Tab M8 4th Gen 2024 (4 GB RAM + 64 GB + WiFi Only),lenovo,https://via.placeholder.com/200
Lenovo Tab M10 5G (4GB RAM + 128GB),lenovo,https://via.placeholder.com/200
Lenovo Tab M9 (4GB RAM + 64GB + LTE),lenovo,https://via.placeholder.com/200
Lenovo Tab M9 (4GB RAM+64GB+ WI-Fi Only),lenovo,https://via.placeholder.com/200
Lenovo Tab M9,lenovo,https://via.placeholder.com/200
Lenovo M10 Plus 3rd Gen Tablet (LTE),lenovo,https://via.placeholder.com/200
Lenovo M10 Plus 3rd Gen Tablet,lenovo,https://via.placeholder.com/200
Lenovo Tab M10 3rd Gen Tablet,lenovo,https://via.placeholder.com/200
Lenovo Tab M10 FHD Plus 2nd Gen Tablet (Wi-Fi + 128GB),lenovo,https://via.placeholder.com/200
Lenovo Tab M7 3rd Gen Tablet (Wi-Fi+32GB),lenovo,https://via.placeholder.com/200
Lenovo Tab K10 FHD Tablet (Wi-Fi + 32GB),lenovo,https://via.placeholder.com/200
Lenovo Tab P11 5G,lenovo,https://via.placeholder.com/200
Lenovo Tab Yoga 11 4G Tablet,lenovo,https://via.placeholder.com/200
Lenovo Tab M10 HD 2nd Gen Tablet (Wi-Fi + 32GB),lenovo,https://via.placeholder.com/200
Lenovo Tab M7 (2nd Gen) Tablet,lenovo,https://via.placeholder.com/200
Lenovo Tab M10 HD Tablet (Wi-Fi+32GB),lenovo,https://via.placeholder.com/200
Lenovo Tab M10 (HD),lenovo,https://via.placeholder.com/200
Lenovo Tab K11 Plus,lenovo,https://via.placeholder.com/200
Lenovo Tab P11 Pro 2nd Gen (Wi-Fi + 8 GB + 256 GB),lenovo,https://via.placeholder.com/200
Lenovo Tab P11 2nd Gen,lenovo,https://via.placeholder.com/200
Lenovo Tab K10 FHD 4G Tablet,lenovo,https://via.placeholder.com/200
Lenovo Tab K10 FHD Tablet (Wi-Fi + 64GB),lenovo,https://via.placeholder.com/200
Lenovo Tab M10 HD 2nd Gen Tablet (Wi-Fi + 64GB),lenovo,https://via.placeholder.com/200
Lenovo Tab M8 FHD 2nd Gen Tablet (Wi-Fi + 32GB),lenovo,https://via.placeholder.com/200
Lenovo Tab 4 10 Plus Tablet (WiFi+4G+16GB),lenovo,https://via.placeholder.com/200
Lenovo Tab M9 (3GB RAM+32GB+ WI-Fi Only),lenovo,https://via.placeholder.com/200
Lenovo Legion Y900 Tablet,lenovo,https://via.placeholder.com/200
Lenovo Tab P11 5G (8GB RAM + 256GB),lenovo,https://via.placeholder.com/200
Lenovo Yoga Paper E Ink Tablet,lenovo,https://via.placeholder.com/200
Lenovo Legion Y700 Gaming Tablet,lenovo,https://via.placeholder.com/200
Lenovo Tab 6 5G,lenovo,https://via.placeholder.com/200
Lenovo Tab P12 Pro,lenovo,https://via.placeholder.com/200
Lenovo Yoga Tab 13,lenovo,https://via.placeholder.com/200
Lenovo Pad Plus,lenovo,https://via.placeholder.com/200
Lenovo Tab M10 HD 2nd Gen Tablet (2GB RAM + 32GB),lenovo,https://via.placeholder.com/200
Lenovo Yoga Pad Pro,lenovo,https://via.placeholder.com/200
Lenovo Xiaoxin Pad Pro 2021,lenovo,https://via.placeholder.com/200
Lenovo Tab M10 FHD Plus (2nd Gen) Tablet,lenovo,https://via.placeholder.com/200
Lenovo Tab M10 FHD Plus 2nd Gen Tablet (2GB RAM + 32GB),lenovo,https://via.placeholder.com/200
Lenovo Ideapad Duet Chromebook (Wi-Fi Only),lenovo,https://via.placeholder.com/200
Lenovo Tab M8 FHD (2nd Gen) Tablet,lenovo,https://via.placeholder.com/200
Lenovo Tab P11,lenovo,https://via.placeholder.com/200
Lenovo Tab M10 HD Tablet (3GB RAM + 32GB),lenovo,https://via.placeholder.com/200
Lenovo M10 Plus,lenovo,https://via.placeholder.com/200
Lenovo Tab V7 Tablet (2GB RAM + 16GB),lenovo,https://via.placeholder.com/200
Lenovo Tab V7 Tablet (4GB RAM + 64GB),lenovo,https://via.placeholder.com/200
Lenovo Tab V7,lenovo,https://via.placeholder.com/200
Lenovo Tab M10,lenovo,https://via.placeholder.com/200
Lenovo Tab 2 A7-20 Tablet,lenovo,https://via.placeholder.com/200
Lenovo Phab Plus Tablet,lenovo,https://via.placeholder.com/200
Lenovo Tab M8 4th Gen Tablet LTE,lenovo,https://via.placeholder.com/200
Lenovo M10 Plus 3rd Gen Tablet (Wi-Fi+4GB RAM+ 128GB),lenovo,https://via.placeholder.com/200
Lenovo Tab M10 HD 2nd Gen Tablet (3GB RAM + 32GB),lenovo,https://via.placeholder.com/200
Lenovo Tab M10 HD 2nd Gen Tablet (Wi-Fi + 3GB + 32GB),lenovo,https://via.placeholder.com/200
Lenovo Tab P11 Pro (2nd Gen),lenovo,https://via.placeholder.com/200
Lenovo Xiaoxin Pad Pro 2022,lenovo,https://via.placeholder.com/200
Lenovo Tab P12 Pro (8GB RAM + 256GB),lenovo,https://via.placeholder.com/200
Lenovo Tab P12 Pro (Wi-Fi + 256GB),lenovo,https://via.placeholder.com/200
Lenovo Xiaoxin Pad 2022,lenovo,https://via.placeholder.com/200
Lenovo Tab Yoga 11 Tablet (Wi-Fi+128GB),lenovo,https://via.placeholder.com/200
Lenovo Tab M8 HD 2nd Gen Tablet,lenovo,https://via.placeholder.com/200
Lenovo Tab M8 HD 2nd Gen Tablet (3GB RAM + 32GB),lenovo,https://via.placeholder.com/200
Lenovo Tab M8 HD 2nd Gen Tablet (Wi-Fi+32GB),lenovo,https://via.placeholder.com/200
Lenovo Tab K10 FHD 4G Tablet (4GB RAM + 64GB),lenovo,https://via.placeholder.com/200
Lenovo Ideapad Duet 3 Tablet (Wi-Fi Only),lenovo,https://via.placeholder.com/200
Lenovo Tab P11 Plus,lenovo,https://via.placeholder.com/200
Lenovo Tab M8 HD 3rd Gen Tablet,lenovo,https://via.placeholder.com/200
Lenovo Tab M7 3rd Gen Tablet,lenovo,https://via.placeholder.com/200
Lenovo M10 FHD REL (4GB RAM + 64GB),lenovo,https://via.placeholder.com/200
Lenovo Pad,lenovo,https://via.placeholder.com/200
Lenovo Pad Pro,lenovo,https://via.placeholder.com/200
Lenovo Tab M10 5G 2022,lenovo,https://via.placeholder.com/200
Lenovo M8 HD (2nd Gen) Tablet,lenovo,https://via.placeholder.com/200
Lenovo M10 FHD REL (3GB RAM + 32GB),lenovo,https://via.placeholder.com/200
Lenovo Ideapad D330 Tablet (Wi-Fi + 128GB),lenovo,https://via.placeholder.com/200
Lenovo Smart Tab M10 FHD Tablet (3GB RAM + 32GB),lenovo,https://via.placeholder.com/200
Lenovo M10 FHD REL,lenovo,https://via.placeholder.com/200
Lenovo Tab M7 (2nd Gen) Tablet (Wi-Fi+1GB+16GB),lenovo,https://via.placeholder.com/200
Lenovo Tab M8 FHD (2nd Gen) Tablet (2GB RAM + 32GB),lenovo,https://via.placeholder.com/200
Lenovo Tab M7 (2nd Gen) Tablet (1GB RAM + 16GB),lenovo,https://via.placeholder.com/200
Lenovo M10 FHD 2nd Gen Tablet,lenovo,https://via.placeholder.com/200
Lenovo Tab M7 Tablet (Wi-Fi + 16GB),lenovo,https://via.placeholder.com/200
Lenovo Smart Tab M10 FHD Plus Tablet,lenovo,https://via.placeholder.com/200
Lenovo Smart Tab M10 FHD Tablet,lenovo,https://via.placeholder.com/200
Lenovo Tab M7 Tablet (Wi-Fi+4G +16GB),lenovo,https://via.placeholder.com/200
Lenovo Tab P11 Pro,lenovo,https://via.placeholder.com/200
Lenovo Tab E8 Tablet (Wi-Fi+1GB+16GB),lenovo,https://via.placeholder.com/200
Lenovo Tab M10 Tablet (2GB RAM + 16GB),lenovo,https://via.placeholder.com/200
Lenovo Tab M8 (2nd Gen) Tablet (Wi-Fi Only),lenovo,https://via.placeholder.com/200
Lenovo Tab M10 Tablet (2GB RAM + 32GB),lenovo,https://via.placeholder.com/200
Lenovo Tab E8 Tablet (Wi-Fi Only),lenovo,https://via.placeholder.com/200
Lenovo Tab M8 HD Tablet,lenovo,https://via.placeholder.com/200
Lenovo Tab E10 Tablet,lenovo,https://via.placeholder.com/200
Lenovo Tab P10 Tablet (3GB RAM + 32GB),lenovo,https://via.placeholder.com/200
Lenovo Yoga Tab 3 8 inch Tablet (2GB RAM +16GB),lenovo,https://via.placeholder.com/200
Lenovo Ideapad D330 Tablet (Wi-Fi Only),lenovo,https://via.placeholder.com/200
Lenovo Tab M10 (Wi-Fi+32GB),lenovo,https://via.placeholder.com/200
Lenovo Yoga Tab 3 8-inch Tablet (2GB RAM + 16GB),lenovo,https://via.placeholder.com/200
Lenovo Yoga Smart Tab,lenovo,https://via.placeholder.com/200
Lenovo Tab E7 Tablet,lenovo,https://via.placeholder.com/200
Lenovo Tab P10 Tablet,lenovo,https://via.placeholder.com/200
Lenovo Tab M7,lenovo,https://via.placeholder.com/200
Lenovo Tab M8 Tablet (Wi-Fi + 32GB),lenovo,https://via.placeholder.com/200
Lenovo Yoga Book YB1-X90L Tablet,lenovo,https://via.placeholder.com/200
Lenovo Tab3 7 Plus Tablet,lenovo,https://via.placeholder.com/200
Lenovo Tab 7 7304F Tablet (WiFi+8GB),lenovo,https://via.placeholder.com/200
Lenovo Tab3 8 Plus (WiFi+4G+16GB),lenovo,https://via.placeholder.com/200
Lenovo Tab 7 7504X Tablet (WiFi+4G+16GB),lenovo,https://via.placeholder.com/200
Lenovo Tab 4 8 Plus Tablet (WiFi+4G+64GB),lenovo,https://via.placeholder.com/200
Lenovo Yoga Book Tablet (Windows),lenovo,https://via.placeholder.com/200
Lenovo Tab 4 8 Plus Tablet (WiFi+4G+16GB),lenovo,https://via.placeholder.com/200
Lenovo Tab 4 10 Plus Tablet (WiFi+4G+64GB),lenovo,https://via.placeholder.com/200
Lenovo Tab 4 8 Tablet (WiFi+4G+16GB),lenovo,https://via.placeholder.com/200
Lenovo Yoga A12 Tablet (WiFi+4G+64GB),lenovo,https://via.placeholder.com/200
Lenovo Yoga Tab 3 Pro (4GB RAM + 64GB),lenovo,https://via.placeholder.com/200
Lenovo Tab 3 730X Tablet,lenovo,https://via.placeholder.com/200
Lenovo A10-70 Tablet,lenovo,https://via.placeholder.com/200
Lenovo Tab 2 A8-50 Tablet (WiFi+16GB),lenovo,https://via.placeholder.com/200
Lenovo Tab 3 8-Inch Tablet (WiFi+4G+16GB),lenovo,https://via.placeholder.com/200
Lenovo Tab3 7 Essential (WiFi+3G+16GB),lenovo,https://via.placeholder.com/200
Lenovo Tab 2 A8 Tablet (4G+WiFi+8GB),lenovo,https://via.placeholder.com/200
Lenovo Yoga Tab 3 10inch Tablet (WiFi+16GB),lenovo,https://via.placeholder.com/200
Lenovo Tab 3 A8 Tablet (WiFi+16GB),lenovo,https://via.placeholder.com/200
Lenovo Tab3 7 Essential (WiFi Only),lenovo,https://via.placeholder.com/200
Lenovo Yoga Tab 3 Plus,lenovo,https://via.placeholder.com/200
Lenovo CG Slate Grade K-2 Tablet (WiFi+8GB),lenovo,https://via.placeholder.com/200
Lenovo CG Slate Grade 3-5 Tablet (WiFi+8GB),lenovo,https://via.placeholder.com/200
Lenovo Yoga Tab 3 Pro,lenovo,https://via.placeholder.com/200
Lenovo Tab3 7 Essential,lenovo,https://via.placeholder.com/200
Lenovo Phab,lenovo,https://via.placeholder.com/200
Lenovo Yoga Tab 3 10inch (WiFi+4G+16GB),lenovo,https://via.placeholder.com/200
Lenovo Yoga 3 8inch Tablet (WiFi+4G+16GB),lenovo,https://via.placeholder.com/200
Lenovo Tab 2 A8 Tablet (4G+WiFi+16GB),lenovo,https://via.placeholder.com/200
Lenovo Miix 3 830 Tablet,lenovo,https://via.placeholder.com/200
"Lenovo Miix 3 10 Tablet""",lenovo,https://via.placeholder.com/200
Lenovo Tab 2 A10-70 Tablet (4G+WiFi+16GB),lenovo,https://via.placeholder.com/200
Lenovo Tab 2 A7-30,lenovo,https://via.placeholder.com/200
Lenovo Thinkpad 8 Tablet (WiFi+2G+64GB),lenovo,https://via.placeholder.com/200
Lenovo IdeaPad A2107 (WiFi+3G+16GB),lenovo,https://via.placeholder.com/200
Lenovo Yoga 10 Plus Tablet,lenovo,https://via.placeholder.com/200
Lenovo Yoga 2 10 inch Tablet (WiFi+3G+32GB),lenovo,https://via.placeholder.com/200
Lenovo A7-30 Tablet (WiFi+3G+16GB),lenovo,https://via.placeholder.com/200
"Lenovo Miix 2 10 Tablet""",lenovo,https://via.placeholder.com/200
Lenovo Tab S8,lenovo,https://via.placeholder.com/200
Lenovo Tab 2 A7-10 Tablet,lenovo,https://via.placeholder.com/200
Lenovo A8 Tablet (16GB+3G+WiFi),lenovo,https://via.placeholder.com/200
Lenovo Yoga 2 Pro 13.3inch Tablet (WiFi+3G+32GB),lenovo,https://via.placeholder.com/200
Lenovo S5000 Tablet (WiFi+3G+16GB),lenovo,https://via.placeholder.com/200
Lenovo A7-30 Tablet (WiFi+3G+8GB),lenovo,https://via.placeholder.com/200
Lenovo Yoga 2 10 inch Tablet (WiFi+3G+16GB),lenovo,https://via.placeholder.com/200
Lenovo Yoga 2 8 inch Tablet (WiFi+3G+16GB),lenovo,https://via.placeholder.com/200
Lenovo Idea S2110 Tablet (16GB),lenovo,https://via.placeholder.com/200
"Lenovo Miix 2 8 Tablet""",lenovo,https://via.placeholder.com/200
Lenovo A3500 (3G+32GB),lenovo,https://via.placeholder.com/200
Lenovo A7-30 Tablet (WiFi+8GB),lenovo,https://via.placeholder.com/200
Lenovo A7-50 Tablet,lenovo,https://via.placeholder.com/200
Lenovo A10 Multimode Tablet,lenovo,https://via.placeholder.com/200
Lenovo A1000L Tablet (8GB),lenovo,https://via.placeholder.com/200
Lenovo Yoga 8 B6000 Tablet (WiFi+3G+16GB),lenovo,https://via.placeholder.com/200
Lenovo Yoga 10 B8000 (3G+16GB),lenovo,https://via.placeholder.com/200
Lenovo IdeaTab S6000,lenovo,https://via.placeholder.com/200
Lenovo IdeaTab A3000,lenovo,https://via.placeholder.com/200
Lenovo IdeaTab Lynx K3011 (64GB),lenovo,https://via.placeholder.com/200
Lenovo S5000 Tablet (WiFi+16GB),lenovo,https://via.placeholder.com/200
Lenovo IdeaTab A1000,lenovo,https://via.placeholder.com/200
Lenovo ThinkPad Tablet 2,lenovo,https://via.placeholder.com/200
Lenovo ThinkPad Tablet 1838RW9 WiFi+3G (64GB),lenovo,https://via.placeholder.com/200
Lenovo ThinkPad Tablet 1838RY1 WiFi+3G (32GB),lenovo,https://via.placeholder.com/200
Lenovo IdeaPad A1,lenovo,https://via.placeholder.com/200
Lenovo IdeaPad K1 (WiFi+3G+32GB),lenovo,https://via.placeholder.com/200
Lenovo IdeaPad A2107 (WiFi+16GB),lenovo,https://via.placeholder.com/200
Lenovo IdeaPad A2107 (WiFi+8GB),lenovo,https://via.placeholder.com/200
Apple iPad 11th Gen 2025 (Wi-Fi+ 128GB),apple,https://via.placeholder.com/200
Apple iPad 10th Gen Tablet (Wi-Fi + 64GB),apple,https://via.placeholder.com/200
Apple iPad 11th Gen 2025 5G,apple,https://via.placeholder.com/200
Apple iPad 9th Gen 10.2 2021 Tablet (Wi-Fi+256GB),apple,https://via.placeholder.com/200
Apple iPad Air 11 2025 (128GB+Wi-Fi),apple,https://via.placeholder.com/200
Apple iPad Pro 13 2024 Tablet 5G (2TB + Nano Texture Glass),apple,https://via.placeholder.com/200
Apple iPad 11th Gen 2025 (Wi-Fi+ 256GB),apple,https://via.placeholder.com/200
Apple iPad Pro 11 inch Tablet (Wi-Fi +256GB),apple,https://via.placeholder.com/200
Apple iPad 12th Gen Tablet 5G,apple,https://via.placeholder.com/200
Apple iPad 10th Gen Tablet (Wi-Fi + 256GB),apple,https://via.placeholder.com/200
Apple iPad Air 13 2025 (Wi-Fi + 128GB),apple,https://via.placeholder.com/200
Apple iPad 11th Gen 2025 (5G +256GB),apple,https://via.placeholder.com/200
Apple iPad 12th Gen Tablet (Wi-Fi + 256GB),apple,https://via.placeholder.com/200
Apple iPad 10th Gen Tablet,apple,https://via.placeholder.com/200
Apple iPad mini (2024),apple,https://via.placeholder.com/200
Apple iPad Air 5th Gen Tablet (Wi-Fi + 64GB),apple,https://via.placeholder.com/200
Apple iPad Pro 2025 Tablet 5G,apple,https://via.placeholder.com/200
Apple iPad Air 13 2025 Tablet (5G + 256GB),apple,https://via.placeholder.com/200
Apple iPad Air 13 2025 Tablet (5G + 1TB),apple,https://via.placeholder.com/200
Apple iPad 11th Gen 2025 (Wi-Fi+ 512GB),apple,https://via.placeholder.com/200
Apple iPad Air 11 2025 Tablet (1TB + 5G),apple,https://via.placeholder.com/200
Apple iPad Air 11 2025 Tablet (256GB + 5G),apple,https://via.placeholder.com/200
Apple iPad 11th Gen 2025 (5G + 512GB),apple,https://via.placeholder.com/200
Apple iPad Air 13 2025 (Wi-Fi + 512GB),apple,https://via.placeholder.com/200
Apple iPad Air 13 2025 Tablet (5G + 512GB),apple,https://via.placeholder.com/200
Apple iPad Air 11 2025 (256GB+Wi-Fi),apple,https://via.placeholder.com/200
Apple iPad Air 11 2025 Tablet 5G,apple,https://via.placeholder.com/200
Apple iPad Mini 5G 2024 (512GB),apple,https://via.placeholder.com/200
Apple iPad mini 2024 (256GB),apple,https://via.placeholder.com/200
Apple iPad 12th Gen  Tablet (Wi-Fi + 64GB),apple,https://via.placeholder.com/200
Apple iPad Pro 13 2024 Tablet (Wi-Fi + 512GB),apple,https://via.placeholder.com/200
Apple iPad Air 13 2024 Tablet (256GB + Wi-FI),apple,https://via.placeholder.com/200
Apple iPad Air 13 2024 Tablet (128GB + Wi-FI),apple,https://via.placeholder.com/200
Apple iPad Pro 13 2024 Tablet (Wi-Fi + 256GB),apple,https://via.placeholder.com/200
Apple iPad Pro 13 2024 Tablet 5G (1TB + Nano Texture Glass),apple,https://via.placeholder.com/200
Apple iPad Pro 13 2024 Tablet (Wi-Fi + 1TB + Standard Glass),apple,https://via.placeholder.com/200
Apple iPad Pro 13 2024 Tablet 5G (2TB + Standard Glass),apple,https://via.placeholder.com/200
Apple iPad Air 13 2024 Tablet 5G,apple,https://via.placeholder.com/200
Apple iPad Air 13 2024 Tablet 5G (1TB),apple,https://via.placeholder.com/200
Apple iPad Pro 11 inch Tablet 5G (1TB + Nano Texture Glass),apple,https://via.placeholder.com/200
Apple iPad Air 2024 11 inch Tablet 5G (512GB),apple,https://via.placeholder.com/200
Apple iPad Pro 13 2024 Tablet 5G,apple,https://via.placeholder.com/200
Apple iPad Air 11 2024 Tablet 5G,apple,https://via.placeholder.com/200
Apple iPad Pro 11 2022 Tablet (512GB),apple,https://via.placeholder.com/200
Apple iPad Pro 12.9 2022 Tablet (1TB),apple,https://via.placeholder.com/200
Apple iPad Pro 12.9 2022 Tablet (2TB),apple,https://via.placeholder.com/200
Apple iPad Pro 12.9 2022 Tablet (Wi-Fi + 2TB),apple,https://via.placeholder.com/200
Apple iPad Pro 12.9 2022 Tablet (256GB),apple,https://via.placeholder.com/200
Apple iPad Pro 11 2022 Tablet (1TB),apple,https://via.placeholder.com/200
Apple iPad 10th Gen Tablet (256GB),apple,https://via.placeholder.com/200
Apple iPad 9th Gen 10.2 2021 Tablet (256GB),apple,https://via.placeholder.com/200
Apple iPad 9th Gen 10.2 2021 Tablet (Wi-Fi+64GB),apple,https://via.placeholder.com/200
Apple iPad Mini 6th Gen 2021 Tablet (Wi-Fi+256GB),apple,https://via.placeholder.com/200
Apple iPad Mini 6th Gen 2021 Tablet (Wi-Fi+64GB),apple,https://via.placeholder.com/200
Apple iPad 9th Gen 10.2 2021 Tablet,apple,https://via.placeholder.com/200
Apple iPad Air 11 2025 (512GB+Wi-Fi),apple,https://via.placeholder.com/200
Apple iPad Air 11 2025 (1TB+Wi-Fi),apple,https://via.placeholder.com/200
Apple iPad Air 13 2025 (Wi-Fi + 256GB),apple,https://via.placeholder.com/200
Apple iPad Air 13 2025 (Wi-Fi + 1TB),apple,https://via.placeholder.com/200
Apple iPad Air 13 2025 Tablet 5G,apple,https://via.placeholder.com/200
Apple iPad Mini 5G 2024,apple,https://via.placeholder.com/200
Apple iPad mini 2024 (512GB),apple,https://via.placeholder.com/200
Apple iPad Pro 11 inch Tablet 5G (2TB + Standard Glass),apple,https://via.placeholder.com/200
Apple iPad Pro 13 2024 Tablet 5G (1TB + Standard Glass),apple,https://via.placeholder.com/200
Apple iPad Pro 11 inch Tablet 5G (1TB + Standard Glass),apple,https://via.placeholder.com/200
Apple iPad Air 13 2024 Tablet 5G (512GB),apple,https://via.placeholder.com/200
Apple iPad Air 13 2024 Tablet (1TB + Wi-FI),apple,https://via.placeholder.com/200
Apple iPad Air 13 2024 Tablet (512GB + Wi-FI),apple,https://via.placeholder.com/200
Apple iPad Air 13 2024 Tablet 5G (256GB),apple,https://via.placeholder.com/200
Apple iPad Pro 11 inch Tablet 5G (2TB + Nano Texture Glass),apple,https://via.placeholder.com/200
Apple iPad Pro 11 inch Tablet (Wi-Fi + 1TB + Nano Texture Glass),apple,https://via.placeholder.com/200
Apple iPad Pro 13 2024 Tablet (Wi-Fi + 2TB + Standard Glass),apple,https://via.placeholder.com/200
Apple iPad Pro 11 inch Tablet (Wi-Fi + 2TB + Nano Texture Glass),apple,https://via.placeholder.com/200
Apple iPad Pro 12.9 2022 Tablet (Wi-Fi + 1TB),apple,https://via.placeholder.com/200
Apple iPad Pro 11 2022 Tablet (Wi-Fi + 512GB),apple,https://via.placeholder.com/200
Apple iPad Pro 12.9 2022 Tablet (512GB),apple,https://via.placeholder.com/200
Apple iPad Pro 11 2022 Tablet (Wi-Fi + 2TB),apple,https://via.placeholder.com/200
Apple iPad Pro 11 2022 Tablet (Wi-Fi + 1TB),apple,https://via.placeholder.com/200
Apple iPad Mini 6th Gen 2021 5G Tablet (256GB),apple,https://via.placeholder.com/200
Apple iPad Mini 6th Gen 2021 5G Tablet,apple,https://via.placeholder.com/200
Apple iPad Pro 11 2021 Tablet (1TB),apple,https://via.placeholder.com/200
Apple iPad Pro 11 2021 Tablet (2TB),apple,https://via.placeholder.com/200
Apple iPad Pro 12.9 2021 Tablet (Wi-Fi + 2TB),apple,https://via.placeholder.com/200
Apple iPad Pro 11 2021 Tablet (Wi-Fi + 2TB),apple,https://via.placeholder.com/200
Apple iPad Pro 12.9 2021 Tablet (Wi-Fi + 1TB),apple,https://via.placeholder.com/200
Apple iPad Pro 12.9 2021 Tablet (1TB),apple,https://via.placeholder.com/200
Apple iPad Mini 2019 (WiFi+4G+256GB),apple,https://via.placeholder.com/200
Apple iPad Mini 2019 (WiFi+4G+64GB),apple,https://via.placeholder.com/200
Apple iPad Mini 2019 (WiFi + 256GB),apple,https://via.placeholder.com/200
Apple iPad Air 2024 11 inch Tablet (Wi-Fi + 128GB),apple,https://via.placeholder.com/200
Apple iPad Pro 11 inch 2024 Tablet 5G,apple,https://via.placeholder.com/200
Apple iPad Air 2024 11 inch Tablet (256GB + Wi-Fi ),apple,https://via.placeholder.com/200
Apple iPad Pro 11 2022 Tablet (Wi-Fi + 128GB),apple,https://via.placeholder.com/200
Apple iPad Pro 12.9 2022 Tablet (Wi-Fi + 256GB),apple,https://via.placeholder.com/200
Apple iPad Pro 10th Gen Tablet,apple,https://via.placeholder.com/200
Apple iPad Air 5th Gen Tablet (Wi-Fi + 256GB),apple,https://via.placeholder.com/200
Apple iPad Pro 11 2021 Tablet (256GB),apple,https://via.placeholder.com/200
Apple iPad Mini 6,apple,https://via.placeholder.com/200
Apple iPad Pro 12.9 2018 (WiFi+4G+1TB),apple,https://via.placeholder.com/200
Apple iPad 9.7 2017 (WiFi+32GB),apple,https://via.placeholder.com/200
Apple iPad Pro 9.7 2016 (WiFi+Cellular+32GB),apple,https://via.placeholder.com/200
Apple iPad Mini 4 (WiFi+Cellular+128GB),apple,https://via.placeholder.com/200
Apple iPad Air 2 (WiFi+Cellular+16GB),apple,https://via.placeholder.com/200
Apple iPad 4 with Retina Display (4th Generation) (WiFi+Cellular+32GB),apple,https://via.placeholder.com/200
Apple iPad 3 WiFi+Cellular (64GB),apple,https://via.placeholder.com/200
Apple iPad 2 WiFi+3G (16GB),apple,https://via.placeholder.com/200
Apple iPad 2 WiFi (16GB),apple,https://via.placeholder.com/200
Apple iPad Pro 11 2022 Tablet,apple,https://via.placeholder.com/200
Apple iPad Pro 12.9 2022 Tablet (Wi-Fi + 128GB),apple,https://via.placeholder.com/200
Apple iPad Pro 11 2022 Tablet (Wi-Fi + 256GB),apple,https://via.placeholder.com/200
Apple iPad Pro 12.9 2022 Tablet (Wi-Fi + 512GB),apple,https://via.placeholder.com/200
Apple iPad Air 5th Gen 5G Tablet (256GB),apple,https://via.placeholder.com/200
Apple iPad Pro 11 2021 Tablet (Wi-Fi + 256GB),apple,https://via.placeholder.com/200
Apple iPad Pro 11 2021 Tablet (Wi-Fi + 128GB),apple,https://via.placeholder.com/200
Apple iPad Pro 12.9 2021 Tablet (Wi-Fi + 128GB),apple,https://via.placeholder.com/200
Apple iPad Pro 12.9 2021 Tablet (2TB),apple,https://via.placeholder.com/200
Apple iPad Pro 12.9 2021 Tablet (Wi-Fi + 512GB),apple,https://via.placeholder.com/200
Apple iPad Pro 12.9 2021 Tablet (Wi-Fi + 256GB),apple,https://via.placeholder.com/200
Apple iPad Pro 12.9 2021 Tablet,apple,https://via.placeholder.com/200
Apple iPad Pro 11 2021 Tablet (512GB),apple,https://via.placeholder.com/200
Apple iPad Pro 11 2021 Tablet (Wi-Fi + 512GB),apple,https://via.placeholder.com/200
Apple iPad Pro 12.9 2021 Tablet (256GB),apple,https://via.placeholder.com/200
Apple iPad Pro 11 2021 Tablet (Wi-Fi + 1TB),apple,https://via.placeholder.com/200
Apple iPad Pro 12.9 2021 Tablet (512GB),apple,https://via.placeholder.com/200
Apple iPad Pro 11 2021 Tablet,apple,https://via.placeholder.com/200
Apple iPad Air 4 2020 Tablet (WiFi+256GB),apple,https://via.placeholder.com/200
Apple iPad 8th Gen 10.2 2020 Tablet (WiFi+128GB),apple,https://via.placeholder.com/200
Apple iPad 8th Gen 10.2 2020 Tablet,apple,https://via.placeholder.com/200
Apple iPad Pro 12.9 2020 Tablet (Wi-Fi + 256GB),apple,https://via.placeholder.com/200
Apple iPad Pro 12.9 2020 Tablet (Wi-Fi + 512GB),apple,https://via.placeholder.com/200
Apple iPad Pro 12.9 2020 Tablet (Wi-Fi + 128GB),apple,https://via.placeholder.com/200
Apple iPad Pro 12.9 2020 Tablet (Wi-Fi + 1TB),apple,https://via.placeholder.com/200
Apple iPad Pro 11 2020 Tablet (Wi-Fi + 1TB),apple,https://via.placeholder.com/200
Apple iPad Pro 11 2020 Tablet (Wi-Fi + 256GB),apple,https://via.placeholder.com/200
Apple iPad Pro 11 2020 Tablet (Wi-Fi + 128GB),apple,https://via.placeholder.com/200
Apple iPad Pro 11 2020 Tablet (256GB),apple,https://via.placeholder.com/200
Apple iPad Pro 12.9 2020 Tablet (512GB),apple,https://via.placeholder.com/200
Apple iPad Pro 12.9 2020 Tablet (256GB),apple,https://via.placeholder.com/200
Apple iPad Pro 11 2020 Tablet (512GB),apple,https://via.placeholder.com/200
Apple iPad Pro 11 2020 Tablet (Wi-Fi + 512GB),apple,https://via.placeholder.com/200
Apple iPad Pro 11 (2020),apple,https://via.placeholder.com/200
Apple iPad Pro 12.9 (2020),apple,https://via.placeholder.com/200
Apple iPad 10.2 Tablet (Wi-Fi + 32GB),apple,https://via.placeholder.com/200
Apple iPad Pro 12.9 2018 (WiFi+4G+512GB),apple,https://via.placeholder.com/200
Apple iPad 10.2 Tablet (Wi-Fi+128GB),apple,https://via.placeholder.com/200
Apple iPad Air 2019 (WiFi+4GB+256GB),apple,https://via.placeholder.com/200
Apple iPad Air 2019 (WiFi +4G+64GB),apple,https://via.placeholder.com/200
Apple iPad Pro 12.9 2018 (WiFi+ 1TB),apple,https://via.placeholder.com/200
Apple iPad Pro 12.9 2018 (WiFi+256GB),apple,https://via.placeholder.com/200
Apple iPad 10.2 Tablet (128GB),apple,https://via.placeholder.com/200
Apple iPad 10.2 Tablet,apple,https://via.placeholder.com/200
Apple iPad Pro 12.9 2018 (WiFi+512GB),apple,https://via.placeholder.com/200
Apple iPad Air 2019 (WiFi + 256GB),apple,https://via.placeholder.com/200
Apple iPad Pro 12.9 2018 (WiFi+4G+256GB),apple,https://via.placeholder.com/200
Apple iPad Pro 11 2018 (WiFi+512GB),apple,https://via.placeholder.com/200
Apple iPad Pro 11 2018 (WiFi+4G+512GB),apple,https://via.placeholder.com/200
Apple iPad Air 2019 (WiFi + 64GB),apple,https://via.placeholder.com/200
Apple iPad Pro 12.9 2018 (WiFi+64GB),apple,https://via.placeholder.com/200
Apple iPad Mini 2019 (WiFi + 64GB),apple,https://via.placeholder.com/200
Apple iPad Pro 11 2018 (WiFi+256GB),apple,https://via.placeholder.com/200
Apple iPad Pro 11 2018 (WiFi+4G+256GB),apple,https://via.placeholder.com/200
Apple iPad Pro 11 2018 (WiFi+64GB),apple,https://via.placeholder.com/200
Apple iPad Pro 11 2018 (WiFi+1TB),apple,https://via.placeholder.com/200
Apple iPad Pro 11 2018 (WiFi+4G+1TB),apple,https://via.placeholder.com/200
Apple iPad Pro 12.9 2018 (WiFi+4G+64GB),apple,https://via.placeholder.com/200
Apple iPad Pro 11 (WiFi+4G+64GB),apple,https://via.placeholder.com/200
Apple iPad 9.7 2018 (WiFi+32GB),apple,https://via.placeholder.com/200
Apple iPad 9.7 2018 (WiFi+4G+32GB),apple,https://via.placeholder.com/200
Apple iPad 9.7 2018 (WiFi+4G+128GB),apple,https://via.placeholder.com/200
Apple iPad 9.7 2018 (WiFi+128GB),apple,https://via.placeholder.com/200
Apple iPad Pro 12.9 (WiFi+64GB),apple,https://via.placeholder.com/200
Apple iPad Pro 12.9 (WiFi+4G+512GB),apple,https://via.placeholder.com/200
Apple iPad Pro 12.9 (WiFi+512GB),apple,https://via.placeholder.com/200
Apple iPad Pro 10.5 (WiFi+256GB),apple,https://via.placeholder.com/200
Apple iPad Pro 10.5 (WiFi+64GB),apple,https://via.placeholder.com/200
Apple iPad Pro 10.5 (WiFi+4G+512GB),apple,https://via.placeholder.com/200
Apple iPad Pro 12.9 (WiFi+4G+64GB),apple,https://via.placeholder.com/200
Apple iPad Pro 10.5 (WiFi+4G+64GB),apple,https://via.placeholder.com/200
Apple iPad Pro 12.9 (WiFi+4G+256GB),apple,https://via.placeholder.com/200
Apple iPad Pro 12.9 (WiFi+256GB),apple,https://via.placeholder.com/200
Apple iPad Pro 10.5 (WiFi+4G+256GB),apple,https://via.placeholder.com/200
Apple iPad Pro 10.5 (WiFi+512GB),apple,https://via.placeholder.com/200
Apple iPad 9.7 2017 (WiFi+4G+128GB),apple,https://via.placeholder.com/200
Apple iPad 9.7 2017 (WiFi+128GB),apple,https://via.placeholder.com/200
Apple iPad 9.7 2017 (WiFi+4G+32GB),apple,https://via.placeholder.com/200
Apple iPad Mini 4 (WiFi+32GB),apple,https://via.placeholder.com/200
Apple iPad Mini 4 (WiFi+Cellular+32GB),apple,https://via.placeholder.com/200
Apple iPad Air 2 (WiFi+Cellular+32GB),apple,https://via.placeholder.com/200
Apple iPad Air 2 (WiFi+32GB),apple,https://via.placeholder.com/200
Apple iPad Pro 2015 (WiFi+256GB),apple,https://via.placeholder.com/200
Apple iPad Pro 9.7 2016 (WiFi+Cellular+256GB),apple,https://via.placeholder.com/200
Apple iPad Pro 2015 (WiFi+Cellular+256GB),apple,https://via.placeholder.com/200
Apple iPad Pro 9.7 2016 (WiFi+128GB),apple,https://via.placeholder.com/200
Apple iPad Pro 9.7 2016 (WiFi+Cellular+128GB),apple,https://via.placeholder.com/200
Apple iPad Pro 9.7 2016 (WiFi+32GB),apple,https://via.placeholder.com/200
Apple iPad Pro 9.7 2016 (WiFi+256GB),apple,https://via.placeholder.com/200
Apple iPad Pro 12.9 2015 (WiFi+32GB),apple,https://via.placeholder.com/200
Apple iPad Pro 12.9 2015 (WiFi+Cellular+128GB),apple,https://via.placeholder.com/200
Apple iPad Pro 12.9 2015 (WiFi+128GB),apple,https://via.placeholder.com/200
Apple iPad Mini 4 (WiFi+Cellular+16GB),apple,https://via.placeholder.com/200
Apple iPad Mini 4 (WiFi+Cellular+64GB),apple,https://via.placeholder.com/200
Apple iPad Mini 4 (WiFi+16GB),apple,https://via.placeholder.com/200
Apple iPad Mini 4 (WiFi+128GB),apple,https://via.placeholder.com/200
Apple iPad Mini 4 (WiFi+64GB),apple,https://via.placeholder.com/200
Apple iPad Mini (WiFi+64GB),apple,https://via.placeholder.com/200
Apple iPad Mini (WiFi+32GB),apple,https://via.placeholder.com/200
Apple iPad Air 2 (WiFi+16GB),apple,https://via.placeholder.com/200
Apple iPad Air 2 (WiFi+64GB),apple,https://via.placeholder.com/200
Apple iPad Mini 3 (WiFi+Cellular+128GB),apple,https://via.placeholder.com/200
Apple iPad Mini 3 (WiFi+Cellular+64GB),apple,https://via.placeholder.com/200
Apple iPad Air 2 (WiFi+Cellular+128GB),apple,https://via.placeholder.com/200
Apple iPad Mini 3 (WiFi+64GB),apple,https://via.placeholder.com/200
Apple iPad Mini 3 (WiFi+Cellular+16GB),apple,https://via.placeholder.com/200
Apple iPad Mini 3 (WiFi+16GB),apple,https://via.placeholder.com/200
Apple iPad Air 2,apple,https://via.placeholder.com/200
Apple iPad Mini 3 (WiFi+128GB),apple,https://via.placeholder.com/200
Apple iPad Air 2 (WiFi+Cellular+64GB),apple,https://via.placeholder.com/200
Apple iPad Air 2 (WiFi+128GB),apple,https://via.placeholder.com/200
Apple iPad Air (WiFi+Cellular+128GB),apple,https://via.placeholder.com/200
Apple iPad Air (WiFi+Cellular+64GB),apple,https://via.placeholder.com/200
Apple iPad Air (WiFi+Cellular+32GB),apple,https://via.placeholder.com/200
Apple iPad Mini 2 with Retina Display (WiFi+32GB),apple,https://via.placeholder.com/200
"Apple iPad Mini 2 with Retina Display (WiFi+Cellular+128GB)	",apple,https://via.placeholder.com/200
Apple iPad Mini 2 with Retina Display (WiFi+Cellular+32GB),apple,https://via.placeholder.com/200
Apple iPad Mini 2 with Retina Display (WiFi+64GB),apple,https://via.placeholder.com/200
Apple iPad Mini 2 with Retina Display (WiFi+16GB),apple,https://via.placeholder.com/200
Apple iPad Mini 2 with Retina Display (WiFi+Cellular+16GB),apple,https://via.placeholder.com/200
Apple iPad Air (WiFi+64GB),apple,https://via.placeholder.com/200
Apple iPad Mini 2 with Retina Display (WiFi+Cellular+64GB),apple,https://via.placeholder.com/200
Apple iPad Mini 2 with Retina Display (WiFi+128GB),apple,https://via.placeholder.com/200
Apple iPad Air (WiFi+128GB),apple,https://via.placeholder.com/200
Apple iPad Air (WiFi+16GB),apple,https://via.placeholder.com/200
Apple iPad Air (WiFi+Cellular+16GB),apple,https://via.placeholder.com/200
Apple iPad Air (WiFi+32GB),apple,https://via.placeholder.com/200
Apple iPad Mini WiFi+Cellular (64GB),apple,https://via.placeholder.com/200
Apple iPad 3 WiFi (64GB),apple,https://via.placeholder.com/200
Apple iPad 2 WiFi+3G (64GB),apple,https://via.placeholder.com/200
Apple iPad 4 with Retina Display (4th Generation) (WiFi+64GB),apple,https://via.placeholder.com/200
Apple iPad 3 WiFi+Cellular (32GB),apple,https://via.placeholder.com/200
Apple iPad 4 with Retina Display (4th Generation) (WiFi+Cellular+64GB),apple,https://via.placeholder.com/200
Apple iPad 3 WiFi (16GB),apple,https://via.placeholder.com/200
Apple iPad Mini WiFi+Cellular (16GB),apple,https://via.placeholder.com/200
Apple iPad 2 WiFi (32GB),apple,https://via.placeholder.com/200
Apple iPad 4 with Retina Display (4th Generation) (WiFi+16GB),apple,https://via.placeholder.com/200
Apple iPad Mini WiFi+Cellular (32GB),apple,https://via.placeholder.com/200
Apple iPad 3 WiFi (32GB),apple,https://via.placeholder.com/200
Apple iPad 2 WiFi+3G (32GB),apple,https://via.placeholder.com/200
Apple iPad 4 with Retina Display (4th Generation) (WiFi+32GB),apple,https://via.placeholder.com/200
Apple iPad 3 WiFi+Cellular (16GB),apple,https://via.placeholder.com/200
Apple iPad 4 with Retina Display (4th Generation) (WiFi+Cellular+16GB),apple,https://via.placeholder.com/200
Apple iPad 2 WiFi (64GB),apple,https://via.placeholder.com/200
Apple iPad Mini WiFi (16GB),apple,https://via.placeholder.com/200
Apple iPad 4 with Retina Display (4th Generation) (WiFi+128GB),apple,https://via.placeholder.com/200
Apple iPad 4 with Retina Display (4th Generation) (WiFi+Cellular+128GB),apple,https://via.placeholder.com/200
OnePlus Pad Go Tablet,oneplus,https://via.placeholder.com/200
OnePlus Pad 2 Pro,oneplus,https://via.placeholder.com/200
Oneplus Pad 3,oneplus,https://via.placeholder.com/200
OnePlus Pad 2 Tablet (12GB RAM + 256GB),oneplus,https://via.placeholder.com/200
OnePlus Pad Go Tablet (LTE+8GB+256GB),oneplus,https://via.placeholder.com/200
OnePlus Pad 3 Pro,oneplus,https://via.placeholder.com/200
OnePlus Pad 2 Tablet,oneplus,https://via.placeholder.com/200
OnePlus Pad Go Tablet (Wi-FI Only),oneplus,https://via.placeholder.com/200
OnePlus Pad Tablet (12 GB RAM + 256 GB),oneplus,https://via.placeholder.com/200
OnePlus Pad Go 2,oneplus,https://via.placeholder.com/200
OnePlus Pad Pro Tablet,oneplus,https://via.placeholder.com/200
OnePlus Pad Tablet,oneplus,https://via.placeholder.com/200
Motorola Moto Pad 60 Pro,motorola,https://via.placeholder.com/200
Motorola Moto Pad 60 Pro (12GB RAM + 256GB),motorola,https://via.placeholder.com/200
Motorola Moto Tab G62 (Wi-Fi Only),motorola,https://via.placeholder.com/200
Motorola Moto Tab G62 LTE (4GB RAM + 128GB),motorola,https://via.placeholder.com/200
Motorola Moto Tab G62 (4GB RAM + 128GB+ Wi-Fi),motorola,https://via.placeholder.com/200
Motorola Moto Tab G62 LTE,motorola,https://via.placeholder.com/200
Motorola Moto Tab G84,motorola,https://via.placeholder.com/200
Motorola Moto Tab G70 (6GB RAM + 128GB),motorola,https://via.placeholder.com/200
Motorola Moto Tab G70,motorola,https://via.placeholder.com/200
Motorola Moto Tab 8 Tablet,motorola,https://via.placeholder.com/200
Motorola Moto Tab G20,motorola,https://via.placeholder.com/200
Motorola Xoom MZ604 (WiFi+32GB),motorola,https://via.placeholder.com/200
Realme Pad 2 Tablet,realme,https://via.placeholder.com/200
Realme Pad 2 Lite,realme,https://via.placeholder.com/200
Realme Pad 2 Lite (8GB RAM + 128GB),realme,https://via.placeholder.com/200
Realme Pad 2 Tablet (Wifi Only),realme,https://via.placeholder.com/200
Realme Pad 2 Tablet (8GB RAM + 256GB),realme,https://via.placeholder.com/200
Realme Pad X Tablet (Wi-Fi Only),realme,https://via.placeholder.com/200
Realme Pad 3 Lite,realme,https://via.placeholder.com/200
Realme Pad 3 Tablet,realme,https://via.placeholder.com/200
Realme Pad Mini Tablet (6GB RAM + 128GB),realme,https://via.placeholder.com/200
Realme Pad Tablet (6GB RAM + 128GB),realme,https://via.placeholder.com/200
Realme Pad Mini Tablet (4GB RAM + 64GB),realme,https://via.placeholder.com/200
Realme Pad Tablet (Wi-Fi Only),realme,https://via.placeholder.com/200
Realme Pad Tablet,realme,https://via.placeholder.com/200
Realme Pad Slim Tablet,realme,https://via.placeholder.com/200
Realme Pad X Tablet (6GB RAM+ 128GB),realme,https://via.placeholder.com/200
Realme Pad X Tablet,realme,https://via.placeholder.com/200
Realme Pad 5G Tablet,realme,https://via.placeholder.com/200
Realme Pad Mini Tablet (Wi-Fi + 64GB),realme,https://via.placeholder.com/200
Realme Pad Mini Tablet (Wi-Fi + 32GB),realme,https://via.placeholder.com/200
Realme Pad Mini Tablet,realme,https://via.placeholder.com/200
Realme Pad Tablet (4GB RAM + 64GB),realme,https://via.placeholder.com/200
Honor Pad X8a,honor,https://via.placeholder.com/200
Honor MagicPad 2 Tablet,honor,https://via.placeholder.com/200
Honor Pad X9,honor,https://via.placeholder.com/200
Honor Pad X9a,honor,https://via.placeholder.com/200
Honor Pad V9,honor,https://via.placeholder.com/200
Honor Pad 9,honor,https://via.placeholder.com/200
Honor Pad 10,honor,https://via.placeholder.com/200
Honor Tablet GT,honor,https://via.placeholder.com/200
Honor Pad X10,honor,https://via.placeholder.com/200
Honor Tablet GT Pro,honor,https://via.placeholder.com/200
Honor Pad X8a Kids Edition,honor,https://via.placeholder.com/200
Honor Pad X9 (8GB RAM + 128GB),honor,https://via.placeholder.com/200
Honor Pad 9 Pro,honor,https://via.placeholder.com/200
Honor Pad X8 Pro,honor,https://via.placeholder.com/200
Honor MagicPad 13 Tablet,honor,https://via.placeholder.com/200
Honor Pad 8 (6GB RAM + 128GB),honor,https://via.placeholder.com/200
Honor Pad 8,honor,https://via.placeholder.com/200
Honor Pad X9 Pro,honor,https://via.placeholder.com/200
Honor Pad V8 Tablet,honor,https://via.placeholder.com/200
Honor V8 Pro Tablet,honor,https://via.placeholder.com/200
Honor Pad X8,honor,https://via.placeholder.com/200
Honor Pad X8 (4GB RAM + 64GB),honor,https://via.placeholder.com/200
Honor Pad X8 Lite,honor,https://via.placeholder.com/200
Honor Tablet 8,honor,https://via.placeholder.com/200
Honor Tablet V7,honor,https://via.placeholder.com/200
Honor Pad Z3,honor,https://via.placeholder.com/200
Honor V7 Pro Wi-Fi Tablet (6GB RAM + 128GB),honor,https://via.placeholder.com/200
Honor V7 Pro 5G Tablet,honor,https://via.placeholder.com/200
Honor Tab X7 Tablet (Wi-Fi Only),honor,https://via.placeholder.com/200
Honor Tab X7 Tablet,honor,https://via.placeholder.com/200
Honor Pad 7,honor,https://via.placeholder.com/200
Honor Pad X6 Tablet,honor,https://via.placeholder.com/200
Honor Pad 6 Tablet,honor,https://via.placeholder.com/200
Honor V6 Tablet (Wi-Fi Only),honor,https://via.placeholder.com/200
Honor V6 5G Tablet,honor,https://via.placeholder.com/200
Huawei MatePad Pro 12.2 (2025),huawei,https://via.placeholder.com/200
Huawei MatePad Pro 12.2,huawei,https://via.placeholder.com/200
Huawei MatePad Pro 13.2,huawei,https://via.placeholder.com/200
Huawei MatePad 11.5,huawei,https://via.placeholder.com/200
Huawei MatePad Pro 13.2 2025,huawei,https://via.placeholder.com/200
Huawei MatePad Air Tablet 2024,huawei,https://via.placeholder.com/200
Huawei MatePad SE 11,huawei,https://via.placeholder.com/200
Huawei MatePad 11.5 PaperMatte Edition Tablet,huawei,https://via.placeholder.com/200
Huawei MatePad Pro 2 5G,huawei,https://via.placeholder.com/200
Huawei Honor Pad 5 10.1 Tablet (4GB RAM + 64GB),huawei,https://via.placeholder.com/200
Huawei MatePad 12 X,huawei,https://via.placeholder.com/200
Huawei MatePad 11.5 S,huawei,https://via.placeholder.com/200
Huawei MatePad Pro 11 2024 Tablet,huawei,https://via.placeholder.com/200
Huawei MatePad Air Tablet,huawei,https://via.placeholder.com/200
Huawei MatePad T8 LTE Tablet,huawei,https://via.placeholder.com/200
Huawei MediaPad T8 WiFi Edition Tablet,huawei,https://via.placeholder.com/200
Huawei MatePad SE 10.4,huawei,https://via.placeholder.com/200
Huawei MatePad Pro 10.8 2021 (Wi-Fi Only),huawei,https://via.placeholder.com/200
Huawei MediaPad T5 Tablet (Wi-Fi + 32GB),huawei,https://via.placeholder.com/200
Huawei MatePad Pro 5G,huawei,https://via.placeholder.com/200
Huawei MediaPad M6 Tablet,huawei,https://via.placeholder.com/200
Huawei MediaPad T1-701u Tablet,huawei,https://via.placeholder.com/200
HUAWEI MatePad C7,huawei,https://via.placeholder.com/200
Huawei MatePad C5E,huawei,https://via.placeholder.com/200
Huawei MatePad 10.4 2022 Tablet,huawei,https://via.placeholder.com/200
Huawei MatePad Pro 10.8 2021,huawei,https://via.placeholder.com/200
Huawei MatePad 11 2021,huawei,https://via.placeholder.com/200
Huawei MatePad Pro 12.6 5G 2021 (Wi-Fi Only),huawei,https://via.placeholder.com/200
Huawei MatePad Pro 12.6 5G 2021,huawei,https://via.placeholder.com/200
Huawei MatePad 2 5G,huawei,https://via.placeholder.com/200
Huawei MatePad 5G Tablet,huawei,https://via.placeholder.com/200
Huawei MediaPad T8 Tablet,huawei,https://via.placeholder.com/200
Huawei MatePad Tablet,huawei,https://via.placeholder.com/200
Huawei MatePad Tablet (WiFi 6GB + 128GB),huawei,https://via.placeholder.com/200
Huawei MatePad Tablet (WiFi 4GB + 64GB),huawei,https://via.placeholder.com/200
Huawei MediaPad M5 Lite (4GB RAM + 64GB),huawei,https://via.placeholder.com/200
Huawei MatePad Pro,huawei,https://via.placeholder.com/200
Huawei MediaPad T5 Tablet (3GB RAM + 32GB),huawei,https://via.placeholder.com/200
Huawei MediaPad M7 Tablet,huawei,https://via.placeholder.com/200
Huawei MediaPad M6 Turbo 8.4 Tablet,huawei,https://via.placeholder.com/200
Huawei MediaPad M6 10.8 Tablet (WiFi + 64GB),huawei,https://via.placeholder.com/200
Huawei Honor Pad 5 Tablet,huawei,https://via.placeholder.com/200
Huawei Honor Pad 5 10.1 Tablet,huawei,https://via.placeholder.com/200
Huawei Matebook E 2019,huawei,https://via.placeholder.com/200
Huawei Honor Tab 5,huawei,https://via.placeholder.com/200
Huawei MediaPad M5 Lite,huawei,https://via.placeholder.com/200
Huawei Honor Mediapad T3 8.0 Tablet (WiFi+4G+32GB),huawei,https://via.placeholder.com/200
Huawei MediaPad M5 Pro,huawei,https://via.placeholder.com/200
Huawei MediaPad M5 Tablet,huawei,https://via.placeholder.com/200
Huawei Honor Mediapad T3 8.0 Tablet (WiFi+4G+16GB),huawei,https://via.placeholder.com/200
Huawei Honor MediaPad T3 Tablet (WiFi+4G+16GB),huawei,https://via.placeholder.com/200
Huawei Honor MediaPad T3 Tablet (WiFi+4G+32GB),huawei,https://via.placeholder.com/200
Huawei Honor Play Pad 2 (8-Inch) Tablet,huawei,https://via.placeholder.com/200
Huawei Honor T1 7.0 (WiFi+3G+8GB),huawei,https://via.placeholder.com/200
Huawei MediaPad M2,huawei,https://via.placeholder.com/200
Huawei MediaPad X2,huawei,https://via.placeholder.com/200
Huawei Honor X1 (3G+16GB),huawei,https://via.placeholder.com/200
Huawei Honor T1 (3G+8GB),huawei,https://via.placeholder.com/200
Huawei MediaPad 7 Youth2,huawei,https://via.placeholder.com/200
Huawei MediaPad X1,huawei,https://via.placeholder.com/200
Huawei MediaPad 7 Vogue,huawei,https://via.placeholder.com/200
Huawei MediaPad 7 Youth,huawei,https://via.placeholder.com/200
Huawei MediaPad 10 Link Tablet WiFi+3G,huawei,https://via.placeholder.com/200
Huawei Mediapad 7 Lite WiFi+3G (4GB),huawei,https://via.placeholder.com/200
Huawei Ideos S7,huawei,https://via.placeholder.com/200
Oppo Pad 4 Pro,oppo,https://via.placeholder.com/200
Oppo Pad SE,oppo,https://via.placeholder.com/200
Oppo Pad 3 Pro,oppo,https://via.placeholder.com/200
Oppo Pad 3 Mini,oppo,https://via.placeholder.com/200
Oppo Pad 3 Ultra,oppo,https://via.placeholder.com/200
Oppo Pad 3 Tablet,oppo,https://via.placeholder.com/200
Oppo Pad Neo Tablet,oppo,https://via.placeholder.com/200
Oppo Pad Air Tablet (4GB RAM + 128GB),oppo,https://via.placeholder.com/200
Oppo Pad Air Tablet,oppo,https://via.placeholder.com/200
OPPO Pad Tablet,oppo,https://via.placeholder.com/200
Oppo Pad Air 2 Tablet,oppo,https://via.placeholder.com/200
Oppo Pad 2 Tablet,oppo,https://via.placeholder.com/200
Infinix XPAD GT,infinix,https://via.placeholder.com/200
Infinix XPAD,infinix,https://via.placeholder.com/200
Infinix XPAD (8GB RAM + 256GB),infinix,https://via.placeholder.com/200
iKall N11 Plus Tablet,ikall,https://via.placeholder.com/200
iKall N17 Plus 4G Tablet,ikall,https://via.placeholder.com/200
iKall N8 Pro Tablet,ikall,https://via.placeholder.com/200
iKall N7 Pro Tablet (Wi-Fi Only),ikall,https://via.placeholder.com/200
iKall N17 4G Tablet,ikall,https://via.placeholder.com/200
iKall N7 New Tablet (Wi-Fi Only),ikall,https://via.placeholder.com/200
iKall N11 New Tablet (Wi-Fi Only),ikall,https://via.placeholder.com/200
iKall N4 Tablet New,ikall,https://via.placeholder.com/200
iKall N6 New Tablet,ikall,https://via.placeholder.com/200
iKall N14 4G Tablet (3GB RAM + 32GB),ikall,https://via.placeholder.com/200
iKall N3 4G Tablet,ikall,https://via.placeholder.com/200
iKall N12 Tablet,ikall,https://via.placeholder.com/200
iKall IK1 Tablet,ikall,https://via.placeholder.com/200
iKall N10 Tablet,ikall,https://via.placeholder.com/200
iKall N5 Tablet,ikall,https://via.placeholder.com/200
iKall K1 Tablet,ikall,https://via.placeholder.com/200
iKall N18 Smart Tablet (6GB RAM + 128GB),ikall,https://via.placeholder.com/200
iKall N19 Smart Tablet (4GB RAM + 64GB),ikall,https://via.placeholder.com/200
iKall N19 Smart Tablet,ikall,https://via.placeholder.com/200
iKall N18 Smart Tablet,ikall,https://via.placeholder.com/200
iKall N20 4G Tablet,ikall,https://via.placeholder.com/200
iKall N13 4G New Tablet,ikall,https://via.placeholder.com/200
iKall N5 Pro Tablet,ikall,https://via.placeholder.com/200
iKall N3 Plus Tablet,ikall,https://via.placeholder.com/200
iKall N13 Plus,ikall,https://via.placeholder.com/200
iKall N1 New Tablet,ikall,https://via.placeholder.com/200
iKall N2 Pro New Tablet,ikall,https://via.placeholder.com/200
iKall N8 Tablet 2023,ikall,https://via.placeholder.com/200
iKall N19 Pro Tablet,ikall,https://via.placeholder.com/200
iKall N19 4G 2022 Tablet,ikall,https://via.placeholder.com/200
iKall N16 4G Tablet,ikall,https://via.placeholder.com/200
iKall N15 4G Tablet (4GB RAM + 64GB),ikall,https://via.placeholder.com/200
iKall N5 Tablet (3GB RAM + 32GB),ikall,https://via.placeholder.com/200
iKall N2 Pro Tablet,ikall,https://via.placeholder.com/200
iKall N20 Tablet,ikall,https://via.placeholder.com/200
iKall N9 Tablet (Wi-Fi+3G+32GB),ikall,https://via.placeholder.com/200
iKall N5 Tablet (2GB RAM + 32GB),ikall,https://via.placeholder.com/200
iKALL N19 4G Tablet,ikall,https://via.placeholder.com/200
iKall N18 4G Tablet,ikall,https://via.placeholder.com/200
iKall N16 3G Tablet,ikall,https://via.placeholder.com/200
iKall N15 4G Tablet,ikall,https://via.placeholder.com/200
iKall N13 4G Tablet,ikall,https://via.placeholder.com/200
iKall N14 4G Tablet,ikall,https://via.placeholder.com/200
iKall N11 Tablet (2GB RAM + 32GB),ikall,https://via.placeholder.com/200
iKall N12 Tablet (2GB RAM + 32GB),ikall,https://via.placeholder.com/200
iKall N3 4G Tablet (2GB RAM + 32GB),ikall,https://via.placeholder.com/200
iKall N6 Tablet (2GB RAM + 32GB),ikall,https://via.placeholder.com/200
iKall N6 Tablet (4GB RAM + 32GB),ikall,https://via.placeholder.com/200
iKall N11 Tablet,ikall,https://via.placeholder.com/200
iKall N3 Plus,ikall,https://via.placeholder.com/200
iKall IK1 Tablet (WiFi+3G+4GB),ikall,https://via.placeholder.com/200
iKall N5 Plus Tablet,ikall,https://via.placeholder.com/200
iKall N5 Tablet (2GB RAM + 8GB),ikall,https://via.placeholder.com/200
iKall N8 Tablet (1GB RAM +16GB),ikall,https://via.placeholder.com/200
iKall N6 Plus Tablet,ikall,https://via.placeholder.com/200
iKall N9 Tablet (1GB RAM +16GB),ikall,https://via.placeholder.com/200
iKall N6 Tablet (WiFi+4G+8GB),ikall,https://via.placeholder.com/200
iKall N8 New Tablet (WiFi+3G+16GB),ikall,https://via.placeholder.com/200
iKall N8 New Tablet (WiFi+3G+8GB),ikall,https://via.placeholder.com/200
iKall N10 Tablet (1GB RAM +16GB),ikall,https://via.placeholder.com/200
iKall N10 Tablet (1GB RAM +8GB),ikall,https://via.placeholder.com/200
iKall N1 (2GB RAM+16GB),ikall,https://via.placeholder.com/200
iKall N1 Tablet (8GB),ikall,https://via.placeholder.com/200
iKall N1 Tablet (16GB),ikall,https://via.placeholder.com/200
iKall N4 Tablet (16GB),ikall,https://via.placeholder.com/200
iKall N6 Tablet,ikall,https://via.placeholder.com/200
iKall N2 Tablet,ikall,https://via.placeholder.com/200
iKall N8 Tablet,ikall,https://via.placeholder.com/200
iKall N7 Tablet,ikall,https://via.placeholder.com/200
iKall N4 Tablet,ikall,https://via.placeholder.com/200
iKall N3 Tablet,ikall,https://via.placeholder.com/200
iKall V105 Tablet,ikall,https://via.placeholder.com/200
iKall N1 Tablet,ikall,https://via.placeholder.com/200
iKall IK2 Tablet,ikall,https://via.placeholder.com/200
Vivo Pad 5 Pro,vivo,https://via.placeholder.com/200
Vivo Pad SE,vivo,https://via.placeholder.com/200
Vivo Pad Air Tablet,vivo,https://via.placeholder.com/200
Vivo Pad 3 Pro,vivo,https://via.placeholder.com/200
Vivo Pad Tablet,vivo,https://via.placeholder.com/200
Vivo Pad 4 Pro,vivo,https://via.placeholder.com/200
Vivo Pad 3,vivo,https://via.placeholder.com/200
Vivo Pad 2,vivo,https://via.placeholder.com/200
Poco Pad 5G Tablet,poco,https://via.placeholder.com/200
Poco Pad 5G Tablet (8GB RAM +256GB),poco,https://via.placeholder.com/200
Poco Pad 2 Tablet,poco,https://via.placeholder.com/200
Poco Pad Tablet,poco,https://via.placeholder.com/200
DOMO Slate S10 DC Tablet,domo,https://via.placeholder.com/200
DOMO Slate SL39 Tablet,domo,https://via.placeholder.com/200
Domo Slate TAB SSM28 OS11 Tablet (Dual Sim),domo,https://via.placeholder.com/200
DOMO Slate S10 DC 4G New,domo,https://via.placeholder.com/200
DOMO Slate SLP29 T618 Tablet,domo,https://via.placeholder.com/200
DOMO Tab S10 3G Tablet,domo,https://via.placeholder.com/200
DOMO Slate SLP9 T310 Tablet,domo,https://via.placeholder.com/200
DOMO Slate SLP9 Tablet,domo,https://via.placeholder.com/200
DOMO Slate S10 Tablet (4GB RAM + 32GB),domo,https://via.placeholder.com/200
DOMO Slate SLP12 Tablet,domo,https://via.placeholder.com/200
Domo Slate TAB SSM28 4G Tablet,domo,https://via.placeholder.com/200
DOMO Slate SLP8 T310 Tablet,domo,https://via.placeholder.com/200
Domo Slate TAB SSM28 Tablet,domo,https://via.placeholder.com/200
DOMO Tab SLP12 4G Gaming Tablet,domo,https://via.placeholder.com/200
Domo Slate SLP39 Tablet,domo,https://via.placeholder.com/200
DOMO Slate SL36 SE Tablet,domo,https://via.placeholder.com/200
DOMO Slate SS1 Tablet,domo,https://via.placeholder.com/200
DOMO Slate SS5 Tablet,domo,https://via.placeholder.com/200
DOMO Slate SL37 Tablet,domo,https://via.placeholder.com/200
DOMO Slate X17 Tablet,domo,https://via.placeholder.com/200
DOMO Slate SLP5KB Tablet,domo,https://via.placeholder.com/200
DOMO Slate SSM25 Tablet,domo,https://via.placeholder.com/200
DOMO Slate SLP8 Tablet,domo,https://via.placeholder.com/200
DOMO Slate SLP5 Tablet,domo,https://via.placeholder.com/200
DOMO Slate S3 Tablet,domo,https://via.placeholder.com/200
DOMO Slate SS4 Tablet,domo,https://via.placeholder.com/200
DOMO Slate X15s Tablet,domo,https://via.placeholder.com/200
DOMO Slate SL48 OS8 Tablet,domo,https://via.placeholder.com/200
DOMO Slate SLP9KB Tablet,domo,https://via.placeholder.com/200
DOMO Slate S1,domo,https://via.placeholder.com/200
DOMO Slate SL33 Tablet,domo,https://via.placeholder.com/200
DOMO Slate S9 Tablet,domo,https://via.placeholder.com/200
DOMO Slate SL35 Tablet,domo,https://via.placeholder.com/200
DOMO Slate SL36 Tablet,domo,https://via.placeholder.com/200
DOMO Slate SL34 Tablet,domo,https://via.placeholder.com/200
Domo Slate X16 Tablet,domo,https://via.placeholder.com/200
DOMO Slate SL31 Tablet,domo,https://via.placeholder.com/200
DOMO Slate SL30 Tablet,domo,https://via.placeholder.com/200
Domo Slate SL32 Tablet,domo,https://via.placeholder.com/200
DOMO Slate S10,domo,https://via.placeholder.com/200
Domo Slate S8,domo,https://via.placeholder.com/200
DOMO Slate S7,domo,https://via.placeholder.com/200
DOMO Slate S5 Tablet,domo,https://via.placeholder.com/200
DOMO Slate X2G Calling Tablet,domo,https://via.placeholder.com/200
DOMO Slate X3G 4th Tablet (WiFi+3G+8GB),domo,https://via.placeholder.com/200
DOMO Slate X15,domo,https://via.placeholder.com/200
Nokia T10 Tablet,nokia,https://via.placeholder.com/200
Nokia T21 Tablet (Wi-Fi Only),nokia,https://via.placeholder.com/200
Nokia T10 Tablet (LTE+4GB+64GB),nokia,https://via.placeholder.com/200
Nokia T21 Tablet,nokia,https://via.placeholder.com/200
Nokia T10 Tablet (Wi-Fi+32GB),nokia,https://via.placeholder.com/200
Nokia T20 Tablet (Wi-Fi+64GB),nokia,https://via.placeholder.com/200
Nokia T10 Tablet (Wi-Fi+4GB+64GB),nokia,https://via.placeholder.com/200
Nokia T20 4G Tablet,nokia,https://via.placeholder.com/200
Nokia T20 Tablet (Wi-Fi+32GB),nokia,https://via.placeholder.com/200
Nokia N1,nokia,https://via.placeholder.com/200
Nokia Lumia 2520 Tablet,nokia,https://via.placeholder.com/200
Acer Iconia iM10-22 Tablet (8 GB RAM + 256 GB),acer,https://via.placeholder.com/200
Acer Iconia iM10-22 Tablet,acer,https://via.placeholder.com/200
Acer Iconia iM9-12M Tablet,acer,https://via.placeholder.com/200
Acer Iconia Tab P10,acer,https://via.placeholder.com/200
Acer One 8 Tablet 2023,acer,https://via.placeholder.com/200
Acer Iconia Tab M10,acer,https://via.placeholder.com/200
Acer One 10 T8-129L Tablet,acer,https://via.placeholder.com/200
Acer Iconia X12 Tablet,acer,https://via.placeholder.com/200
Acer Tablet A410 4G,acer,https://via.placeholder.com/200
Acer One 8 T9-422L Tablet (4GB RAM + 64GB),acer,https://via.placeholder.com/200
Acer one 10 T9-1212L Tablet,acer,https://via.placeholder.com/200
Acer One 10 T9-1212L Tablet (6GB RAM + 128GB),acer,https://via.placeholder.com/200
Acer One T4-82L Tablet,acer,https://via.placeholder.com/200
Acer One 10 Tablet,acer,https://via.placeholder.com/200
Acer One 10 T4-129L Tablet,acer,https://via.placeholder.com/200
Acer One 7 4G Tablet,acer,https://via.placeholder.com/200
Acer One 7 Tablet (WiFi+3G+8GB),acer,https://via.placeholder.com/200
Acer Iconia W1-811 Tablet,acer,https://via.placeholder.com/200
Acer Iconia Tab 8W (32GB),acer,https://via.placeholder.com/200
Acer Iconia One 8 B1-830,acer,https://via.placeholder.com/200
Acer Iconia One 7 B1-760HD,acer,https://via.placeholder.com/200
Acer Iconia Tab7 A1-713 (8GB),acer,https://via.placeholder.com/200
Acer Iconia Tab 7 A1-713HD,acer,https://via.placeholder.com/200
Acer Iconia Tab7 A1-713 (16GB),acer,https://via.placeholder.com/200
Acer Iconia One7 B1-740 Tablet (16GB),acer,https://via.placeholder.com/200
Acer Iconia A1-830 Tablet (WiFi+16GB),acer,https://via.placeholder.com/200
Acer Iconia One7 B1-730HD Tablet (WiFi+16GB),acer,https://via.placeholder.com/200
Acer Iconia W4-821 Tablet (WiFi+3G+64GB),acer,https://via.placeholder.com/200
Acer Aspire P3-171 Hybrid Ultrabook Tablet (WiFi+120GB),acer,https://via.placeholder.com/200
Acer Iconia A1-811 Tablet (WiFi+3G+16GB),acer,https://via.placeholder.com/200
Acer Iconia W4-820 Tablet (64GB),acer,https://via.placeholder.com/200
Acer Iconia W4-820 Tablet (32GB),acer,https://via.placeholder.com/200
Acer Aspire P3-171 Hybrid Ultrabook Tablet (WiFi+60GB),acer,https://via.placeholder.com/200
Acer Iconia Tab A210,acer,https://via.placeholder.com/200
Acer Iconia W3-810 Tablet (64GB),acer,https://via.placeholder.com/200
Acer Iconia W3-810 Tablet (32GB),acer,https://via.placeholder.com/200
Acer Iconia W510 (64GB),acer,https://via.placeholder.com/200
Acer Iconia W510 (32GB),acer,https://via.placeholder.com/200
Acer Iconia Tab 10 W500,acer,https://via.placeholder.com/200
Acer Iconia Tab B1-A71 (8GB),acer,https://via.placeholder.com/200
Acer Iconia Tab A500-10S32u (WiFi+32GB),acer,https://via.placeholder.com/200
Acer Iconia Tab A500-10S16u (WiFi+16GB),acer,https://via.placeholder.com/200
Acer Iconia Tab A100-07U08U Wi-Fi 7,acer,https://via.placeholder.com/200
Acer Iconia Tab A200,acer,https://via.placeholder.com/200
iQOO Pad 5 Pro,iqoo,https://via.placeholder.com/200
IQOO Pad 5,iqoo,https://via.placeholder.com/200
iQOO Pad 2 Pro,iqoo,https://via.placeholder.com/200
iQOO Pad 3,iqoo,https://via.placeholder.com/200
iQOO Pad 2,iqoo,https://via.placeholder.com/200
iQOO Pad Air,iqoo,https://via.placeholder.com/200
iQOO Pad,iqoo,https://via.placeholder.com/200
iBall iTAB BizniZ Mini Tablet,iball,https://via.placeholder.com/200
iBall Slide Elan 4G2 Plus Tablet,iball,https://via.placeholder.com/200
iBall Slide Wondro 10,iball,https://via.placeholder.com/200
iBall Slide 3G Q45 (1GB RAM+8GB),iball,https://via.placeholder.com/200
iBall 3G Q7271-IPS20,iball,https://via.placeholder.com/200
iBall Edu Slide 3G Q1035,iball,https://via.placeholder.com/200
iBall Performance Series 3G 7334i Tablet,iball,https://via.placeholder.com/200
iBall Slide i701 (Wi-Fi + 32GB),iball,https://via.placeholder.com/200
iBall iTAB Movie Z Pro (32GB),iball,https://via.placeholder.com/200
iBall Slide Iris Drishti Tablet,iball,https://via.placeholder.com/200
iBall iTab BizniZ Pro Tablet,iball,https://via.placeholder.com/200
iBall Slide Skye 03 Tablet,iball,https://via.placeholder.com/200
iBall Slide Spirit V2 Tablet,iball,https://via.placeholder.com/200
iBall Slide Dazzle 3500 Tablet,iball,https://via.placeholder.com/200
iBall Perfect 10 Tablet,iball,https://via.placeholder.com/200
iBall iTAB MovieZ Tablet,iball,https://via.placeholder.com/200
iBall iTAB BizniZ Tablet,iball,https://via.placeholder.com/200
iBall Slide Blaze v4 Tablet,iball,https://via.placeholder.com/200
iBall Avid Tablet,iball,https://via.placeholder.com/200
iBall Cleo S9 Tablet,iball,https://via.placeholder.com/200
iBall Slide Nova 4G Tablet,iball,https://via.placeholder.com/200
iBall Elan 3x32 Tablet (WiFi+4G+32GB),iball,https://via.placeholder.com/200
iBall Slide Spirit X2 Tablet,iball,https://via.placeholder.com/200
iBall Slide Q400x Tablet,iball,https://via.placeholder.com/200
iBall Slide Dazzle i7 Tablet,iball,https://via.placeholder.com/200
iBall Slide Q400x Plus,iball,https://via.placeholder.com/200
iBall Slide PenBook Tablet (WiFi+32GB),iball,https://via.placeholder.com/200
iBall Slide Brace XJ Tablet,iball,https://via.placeholder.com/200
iBall Slide Enzo V8 Tablet,iball,https://via.placeholder.com/200
iBall Slide 4GE Mania Tablet,iball,https://via.placeholder.com/200
iBall Slide Elan 4G2 Tablet,iball,https://via.placeholder.com/200
iBall Slide Wings 4GP Tablet,iball,https://via.placeholder.com/200
iBall Slide Brisk 4G2 Tablet,iball,https://via.placeholder.com/200
iBall Slide Nimble 4GF Tablet,iball,https://via.placeholder.com/200
iBall Slide Q45i Tablet (WiFi+3G+16GB),iball,https://via.placeholder.com/200
iBall Slide Q81 (WiFi+8GB),iball,https://via.placeholder.com/200
iBall Slide Brace X1 4G,iball,https://via.placeholder.com/200
iBall Slide 4G Q27 (WiFi+4G+16GB),iball,https://via.placeholder.com/200
iBall Slide DD Tablet,iball,https://via.placeholder.com/200
iBall Slide Twinkle i5 Tablet,iball,https://via.placeholder.com/200
iBall Slide 3G i71 Tablet,iball,https://via.placeholder.com/200
iBall Cuboid 4G Tablet,iball,https://via.placeholder.com/200
iBall Slide Wings Tablet,iball,https://via.placeholder.com/200
iBall Bio-Mate Tablet,iball,https://via.placeholder.com/200
iBall Slide 3G Q27 (WiFi+3G+16GB),iball,https://via.placeholder.com/200
iBall Slide 3G 1035 Q9 (WiFi+3G+16GB),iball,https://via.placeholder.com/200
iBall Slide Co-Mate Tablet,iball,https://via.placeholder.com/200
iBall Slide Gorgeo 4GL Tablet,iball,https://via.placeholder.com/200
iBall Slide 3G Q45i (WiFi+3G+8GB),iball,https://via.placeholder.com/200
iBall Slide D701 Tablet,iball,https://via.placeholder.com/200
iBall Q404 Tablet (WiFi+8GB),iball,https://via.placeholder.com/200
iBall Slide 3G Q81 (WiFi+3G+8GB),iball,https://via.placeholder.com/200
iBall Slide Cuddle 4G Tablet,iball,https://via.placeholder.com/200
iBall Slide 3G Q45 (WiFi+3G+16GB),iball,https://via.placeholder.com/200
iBall Premio Tablet,iball,https://via.placeholder.com/200
iBall Slide Avonte 7 Tablet,iball,https://via.placeholder.com/200
iBall Slide 7236 2Gi Tablet,iball,https://via.placeholder.com/200
iBall Slide Brace X1 Mini,iball,https://via.placeholder.com/200
iBall Slide Brillante Tablet,iball,https://via.placeholder.com/200
iBall Slide 3G 7316 Tablet,iball,https://via.placeholder.com/200
iBall Slide Q400i Tablet,iball,https://via.placeholder.com/200
iBall Slide D7061 Tablet,iball,https://via.placeholder.com/200
iBall Slide WQ 149i Tablet,iball,https://via.placeholder.com/200
iBall Slide WQ77 Tablet (WiFi+16GB),iball,https://via.placeholder.com/200
iBall Slide Cuddle A4 Tablet,iball,https://via.placeholder.com/200
iBall Slide WQ149R 2 In 1 Tablet,iball,https://via.placeholder.com/200
iBall Slide 3G i80,iball,https://via.placeholder.com/200
iBall Slide 3G O900-C Tablet (WiFi+3G+16GB),iball,https://via.placeholder.com/200
iBall Slide i701,iball,https://via.placeholder.com/200
iBall Slide Stellar A2,iball,https://via.placeholder.com/200
iBall Slide 3G Q45 (WiFi+3G+8GB),iball,https://via.placeholder.com/200
iBall Slide Brace X1,iball,https://via.placeholder.com/200
iBall Slide WQ 149 Tablet,iball,https://via.placeholder.com/200
iBall Slide Tablet 3G 7271 HD7 (8GB),iball,https://via.placeholder.com/200
iBall Slide Octa A41 Tablet,iball,https://via.placeholder.com/200
iBall Slide WQ32 Tablet (16GB+WiFi+3G),iball,https://via.placeholder.com/200
iBall Slide 3G 6095 Q700,iball,https://via.placeholder.com/200
iBall 3G 6095-D20,iball,https://via.placeholder.com/200
iBall 6351-Q40 Tablet,iball,https://via.placeholder.com/200
iBall 3G 9017 D50 Tablet,iball,https://via.placeholder.com/200
iBall 3G 1026-Q18,iball,https://via.placeholder.com/200
iBall 3G 7271 HD70 (WiFi+3G+8GB),iball,https://via.placeholder.com/200
iBall 3G 7271 HD70 (WiFi+3G+4GB),iball,https://via.placeholder.com/200
iBall 3G 1023-Q18 Tablet,iball,https://via.placeholder.com/200
iBall Slide 3G 7345Q-800 Tablet (3G+8GB),iball,https://via.placeholder.com/200
iBall Slide Performance Series 7236 3G17 Tablet (WiFi+3G+4GB),iball,https://via.placeholder.com/200
iBall Slide 3G 7803 Q900 (WiFi+3G+16GB),iball,https://via.placeholder.com/200
iBall Slide 3G 7334Q-10 Calling Tablet,iball,https://via.placeholder.com/200
iBall Slide 2G 7227 Calling Tablet (4GB),iball,https://via.placeholder.com/200
iBall Slide 2G 7236 Calling Tablet,iball,https://via.placeholder.com/200
iBall Slide Tablet 3G 7271 HD7 (4GB),iball,https://via.placeholder.com/200
iBall Slide 3G 8072 Tab (WiFi+3G+4GB),iball,https://via.placeholder.com/200
iBall Slide i9018 Tab,iball,https://via.placeholder.com/200
iBall Slide Q9703 9.7 Tab,iball,https://via.placeholder.com/200
iBall Slide 6318i Tab,iball,https://via.placeholder.com/200
iBall Performance Series Slide 3G 9728,iball,https://via.placeholder.com/200
iBall Edu Slide i1017 Tab,iball,https://via.placeholder.com/200
iBall Slide 6309i Tab,iball,https://via.placeholder.com/200
iBall Slide Tablet 3G 7271 (4GB),iball,https://via.placeholder.com/200
iBall Slide 6309r Tab (4GB),iball,https://via.placeholder.com/200
iBall Slide 3G 7334 (8GB),iball,https://via.placeholder.com/200
iBall Slide i7218 Tab,iball,https://via.placeholder.com/200
iBall Slide i6012 Tab (8GB),iball,https://via.placeholder.com/200
iBall Slide 3G 7307 WiFi+3G (8GB),iball,https://via.placeholder.com/200
iBall Slide i5715 Tab,iball,https://via.placeholder.com/200
iBall Slide i9702 Tab (8GB),iball,https://via.placeholder.com/200
iBall Slide i6030 Tab (8GB),iball,https://via.placeholder.com/200
iBall Slide i7011,iball,https://via.placeholder.com/200
iBall Slide i6516 Tablet (8GB),iball,https://via.placeholder.com/200
Amazon Fire HD 8 Tablet (2024),amazon,https://via.placeholder.com/200
Amazon Fire HD 10 2023 Tablet,amazon,https://via.placeholder.com/200
Amazon Fire 7 2022 Tablet,amazon,https://via.placeholder.com/200
Amazon Fire HD 10 Plus 2021,amazon,https://via.placeholder.com/200
Amazon Fire HD 10 2021,amazon,https://via.placeholder.com/200
Amazon Fire HD 8 (2020) Tablet,amazon,https://via.placeholder.com/200
Amazon Fire HD 8 Plus (2020) Tablet,amazon,https://via.placeholder.com/200
New Kindle HD Fire 6,amazon,https://via.placeholder.com/200
Amazon Kindle Fire HD 7 Tablet (32GB),amazon,https://via.placeholder.com/200
"Amazon Kindle Fire HD 8.9 Tablet (16GB)""",amazon,https://via.placeholder.com/200
"Amazon Kindle Fire HD 7 Tablet (16GB)""",amazon,https://via.placeholder.com/200
"Amazon Kindle Fire HD 8.9 4G LTE Wireless Tablet (32GB)""",amazon,https://via.placeholder.com/200
"Amazon Kindle Fire HD 8.9 4G LTE Wireless Tablet (64GB)""",amazon,https://via.placeholder.com/200
"Amazon Kindle Fire HD 8.9 Tablet (32GB)""",amazon,https://via.placeholder.com/200
Nubia Red Magic Nova Gaming Tablet,nubia,https://via.placeholder.com/200
Teclast T70 Tablet,teclast,https://via.placeholder.com/200
Teclast M50 Tablet,teclast,https://via.placeholder.com/200
Teclast T65 Max Tablet,teclast,https://via.placeholder.com/200
Teclast T50 Pro Tablet,teclast,https://via.placeholder.com/200
Teclast P26T Tablet,teclast,https://via.placeholder.com/200
Teclast T45HD Tablet,teclast,https://via.placeholder.com/200
Teclast M50 Pro Tablet,teclast,https://via.placeholder.com/200
Teclast T40S Tablet,teclast,https://via.placeholder.com/200
Teclast T50 Tablet,teclast,https://via.placeholder.com/200
Teclast P25T Tablet,teclast,https://via.placeholder.com/200
Teclast M40 Pro 2023 Tablet,teclast,https://via.placeholder.com/200
Teclast P30 Air Tablet,teclast,https://via.placeholder.com/200
Teclast M40 Pro Tablet,teclast,https://via.placeholder.com/200
Teclast M40 Air Tablet,teclast,https://via.placeholder.com/200
Teclast P20HD Tablet,teclast,https://via.placeholder.com/200
Teclast X98 Plus Tablet,teclast,https://via.placeholder.com/200
TCL Nxtpaper 11 Plus,tcl,https://via.placeholder.com/200
TCL Tab 10L Gen 2,tcl,https://via.placeholder.com/200
TCL Tab 10 Gen2,tcl,https://via.placeholder.com/200
TCL Tab 11 FE LTE,tcl,https://via.placeholder.com/200
TCL Tab 11 FE,tcl,https://via.placeholder.com/200
TCL Tab 10s Tablet (Wi-Fi Only),tcl,https://via.placeholder.com/200
TCL Tab 10s Tablet,tcl,https://via.placeholder.com/200
TCL NxtPaper 11,tcl,https://via.placeholder.com/200
TCL Tab 11 Tablet,tcl,https://via.placeholder.com/200
TCL NxtPaper 12 Pro,tcl,https://via.placeholder.com/200
TCL Tab 10s 5G,tcl,https://via.placeholder.com/200
TCL Tab 8 4G,tcl,https://via.placeholder.com/200
TCL NxtPaper 10s,tcl,https://via.placeholder.com/200
TCL Tab 10L,tcl,https://via.placeholder.com/200
TCL 10 Full HD Tablet,tcl,https://via.placeholder.com/200
TCL 10 TAB Max Tablet (Wi-Fi Only),tcl,https://via.placeholder.com/200
TCL NxtPaper,tcl,https://via.placeholder.com/200
TCL 10 TabMid Tablet,tcl,https://via.placeholder.com/200
TCL 10 TAB Max 4G Tablet,tcl,https://via.placeholder.com/200
Blackview Mega 8,blackview,https://via.placeholder.com/200
Blackview MEGA 1,blackview,https://via.placeholder.com/200
Blackview Tab 18,blackview,https://via.placeholder.com/200
Blackview Active 8 Pro,blackview,https://via.placeholder.com/200
Blackview Tab 16,blackview,https://via.placeholder.com/200
Blackview Tab 13,blackview,https://via.placeholder.com/200
Blackview Tab 10,blackview,https://via.placeholder.com/200
Blackview Tab 9,blackview,https://via.placeholder.com/200
itel Vista Tab 30,itel,https://via.placeholder.com/200
itel Vista Tab 10,itel,https://via.placeholder.com/200
itel Pad One Tablet,itel,https://via.placeholder.com/200
Lava Magnum XL Tablet (3GB RAM + 32GB),lava,https://via.placeholder.com/200
Lava T71 Tablet,lava,https://via.placeholder.com/200
Lava Ivory M4 Tablet,lava,https://via.placeholder.com/200
Lava E-Tab Velo Plus,lava,https://via.placeholder.com/200
Lava Magnum XL Tablet (2GB RAM + 32GB),lava,https://via.placeholder.com/200
Lava Aura,lava,https://via.placeholder.com/200
Lava Ivory Tablet,lava,https://via.placeholder.com/200
Lava Ivory Plus 4G Tablet,lava,https://via.placeholder.com/200
Lava Magnum XL Tablet,lava,https://via.placeholder.com/200
Lava Magnum X1 Tablet,lava,https://via.placeholder.com/200
Lava Ivory Pop Tablet,lava,https://via.placeholder.com/200
Lava X80 Tablet,lava,https://via.placeholder.com/200
Lava Ivory S 4G Tablet,lava,https://via.placeholder.com/200
Lava IvoryE Tablet (WiFi+4GB),lava,https://via.placeholder.com/200
Lava Ivory Plus Tablet (WiFi+3G+16GB),lava,https://via.placeholder.com/200
Lava Ivory Plus Tablet (WiFi+3G+8GB),lava,https://via.placeholder.com/200
Lava NKS 101 Tablet,lava,https://via.placeholder.com/200
Lava Xtron Z704 Tablet,lava,https://via.placeholder.com/200
Lava Ivory S Tablet,lava,https://via.placeholder.com/200
Lava QPAD R704 Tablet,lava,https://via.placeholder.com/200
Lava E-Tab Ivory (WiFi+3G+4GB),lava,https://via.placeholder.com/200
Lava E-Tab Velo (4GB),lava,https://via.placeholder.com/200
Lava Z7S,lava,https://via.placeholder.com/200
Lava E-Tab Z7C Connect Plus WiFi+3G (4GB),lava,https://via.placeholder.com/200
Lava E-Tab XTRON Plus Tab (WiFi+8GB),lava,https://via.placeholder.com/200
Lava E-Tab XTRON Tab WiFi+3G (8GB),lava,https://via.placeholder.com/200
Lava E-Tab Z7H Plus,lava,https://via.placeholder.com/200
Lava E-Tab Z7H WiFi (4 GB),lava,https://via.placeholder.com/200
Lava E-Tab Connect Z7C (4GB),lava,https://via.placeholder.com/200
Micromax Canvas P802 Tablet,micromax,https://via.placeholder.com/200
Micromax Canvas Tab P702,micromax,https://via.placeholder.com/200
Micromax Canvas Tab P290,micromax,https://via.placeholder.com/200
Micromax Funbook Infinity P275 WiFi (4GB),micromax,https://via.placeholder.com/200
Micromax Canvas Plex Tablet (WiFi+4G+32GB),micromax,https://via.placeholder.com/200
Micromax Canvas Tab P701 Plus,micromax,https://via.placeholder.com/200
Micromax Canvas P681 Tablet (WiFi+3G+16GB),micromax,https://via.placeholder.com/200
Micromax Canvas Tab P701,micromax,https://via.placeholder.com/200
Micromax Canvas Tab P70221,micromax,https://via.placeholder.com/200
Micromax Fantabulet F666 Tablet,micromax,https://via.placeholder.com/200
Micromax Canvas Laptab LT777,micromax,https://via.placeholder.com/200
Micromax Canvas Tab P680,micromax,https://via.placeholder.com/200
Micromax Canvas Tabby P469,micromax,https://via.placeholder.com/200
Micromax Canvas Laptab LT666,micromax,https://via.placeholder.com/200
Micromax Canvas P690 Tablet,micromax,https://via.placeholder.com/200
Micromax Canvas P480 Tablet (WiFi+3G+8GB),micromax,https://via.placeholder.com/200
Micromax Funbook Ultra HD P580i Tablet,micromax,https://via.placeholder.com/200
Micromax Canvas Breeze Tab P660,micromax,https://via.placeholder.com/200
Micromax Canvas P470 Tablet (WiFi+3G+8GB),micromax,https://via.placeholder.com/200
Micromax Canvas Tab P666,micromax,https://via.placeholder.com/200
Micromax Funbook Mini P410i (WiFi+3G+4GB),micromax,https://via.placeholder.com/200
Micromax Funbook Ultra HD P580 Tablet,micromax,https://via.placeholder.com/200
Micromax Canvas Tab P650E Tablet,micromax,https://via.placeholder.com/200
Micromax Funbook P256 Tablet (WiFi+4GB),micromax,https://via.placeholder.com/200
Micromax Funbook P365 Tablet (4GB),micromax,https://via.placeholder.com/200
Micromax Funbook P280 Tablet (4GB),micromax,https://via.placeholder.com/200
Micromax Funbook Tab P255 (WiFi+1.15GB),micromax,https://via.placeholder.com/200
Micromax Canvas Tab P650,micromax,https://via.placeholder.com/200
Micromax Funbook Mini P410 Tab (WiFi+3G),micromax,https://via.placeholder.com/200
Micromax Funbook Talk P362 (2GB),micromax,https://via.placeholder.com/200
Micromax Funbook 3G P560 (2.5GB),micromax,https://via.placeholder.com/200
Micromax Funbook Pro P500 WiFi (8GB),micromax,https://via.placeholder.com/200
Micromax Funbook Tab P300 WiFi (4GB),micromax,https://via.placeholder.com/200
Micromax Funbook Alpha P250 WiFi (4GB),micromax,https://via.placeholder.com/200
Micromax Funbook Talk P350 WiFi+2G (4GB),micromax,https://via.placeholder.com/200
Micromax Funbook Tab P600 WiFi+3G (4GB),micromax,https://via.placeholder.com/200
Micromax Funbook Talk P360 (2GB),micromax,https://via.placeholder.com/200
Wishtel IRA Duo Pro 5G Tablet,wishtel,https://via.placeholder.com/200
Wishtel IRA T1021 4G,wishtel,https://via.placeholder.com/200
Wishtel IRA Duo Plus Tablet,wishtel,https://via.placeholder.com/200
Wishtel IRA Duo Book 1 Tablet,wishtel,https://via.placeholder.com/200
Wishtel IRA Duo Pro Tablet,wishtel,https://via.placeholder.com/200
Wishtel IRA T1029 Tablet,wishtel,https://via.placeholder.com/200
Wishtel IRA T808 Tablet,wishtel,https://via.placeholder.com/200
Wishtel IRA T811 Tablet,wishtel,https://via.placeholder.com/200
Wishtel IRA T1030 4G Tablet,wishtel,https://via.placeholder.com/200
Wishtel IRA T1015 4G Tablet,wishtel,https://via.placeholder.com/200
WishTel IRA T803,wishtel,https://via.placeholder.com/200
Wishtel IRA T1020 4G Tablet,wishtel,https://via.placeholder.com/200
Wishtel IRA 801 Tablet (32GB),wishtel,https://via.placeholder.com/200
Wishtel IRA A1 Tablet,wishtel,https://via.placeholder.com/200
Wishtel IRA MT 10,wishtel,https://via.placeholder.com/200
Wishtel IRA Z PAD 4G Tablet,wishtel,https://via.placeholder.com/200
Wishtel IRA W801i Tablet,wishtel,https://via.placeholder.com/200
Wishtel Ira J2 Tablet,wishtel,https://via.placeholder.com/200
Wishtel IRA 802 Tablet,wishtel,https://via.placeholder.com/200
Wishtel IRA A2 Tablet,wishtel,https://via.placeholder.com/200
Wishtel IRA102017i Tablet,wishtel,https://via.placeholder.com/200
Wishtel IRA 801 Tablet,wishtel,https://via.placeholder.com/200
Wishtel IRA Duo Tablet,wishtel,https://via.placeholder.com/200
Wishtel IRA S1,wishtel,https://via.placeholder.com/200
Wishtel IRA T701 Tablet,wishtel,https://via.placeholder.com/200
Wishtel IRA W7258 Tablet,wishtel,https://via.placeholder.com/200
Wishtel Ira Tablet,wishtel,https://via.placeholder.com/200
Wishtel IRA07 Tablet,wishtel,https://via.placeholder.com/200
Asus ROG Flow Z13 Gaming Tablet,asus,https://via.placeholder.com/200
Asus Fonepad 7 FE171CG,asus,https://via.placeholder.com/200
Asus Google Nexus 7 (16GB),asus,https://via.placeholder.com/200
Asus CM3000DVA-HT0038 Tablet (Wi-Fi Only),asus,https://via.placeholder.com/200
Asus Memo Pad 8 ME581CL (16GB),asus,https://via.placeholder.com/200
Asus ZenPad 3 8.0 Z581KL,asus,https://via.placeholder.com/200
Asus ZenPad C 7.0 Z170MG,asus,https://via.placeholder.com/200
Asus ZenPad 8.0 (WiFi+3G+16GB),asus,https://via.placeholder.com/200
Asus ZenPad C 7.0 (WiFi+3G+8GB),asus,https://via.placeholder.com/200
Asus ZenPad Theater 7.0 Z370CG,asus,https://via.placeholder.com/200
Asus ZenPad 7 Z170CG,asus,https://via.placeholder.com/200
Asus Tablet ME581 (WiFi+3G+16GB),asus,https://via.placeholder.com/200
Asus Tablet FE171 (WiFi+3G+16GB),asus,https://via.placeholder.com/200
Asus TF103CG Transformer Pad Netbook (4th Gen Atom Dual Core/ 1GB/ 8GB EMMC/ Android v4.0/ 1GB Graph),asus,https://via.placeholder.com/200
Asus Memo Pad 7 ME172V (8GB),asus,https://via.placeholder.com/200
Asus Fonepad 8 FE380CG,asus,https://via.placeholder.com/200
ASUS VivoTab Note 8 M80T (32GB),asus,https://via.placeholder.com/200
Asus Fonepad 7 FE375CG,asus,https://via.placeholder.com/200
Asus Fonepad 7 2014 Dual Sim (3G+8GB) (FE170CG),asus,https://via.placeholder.com/200
Asus Fonepad 7 Dual SIM Tablet (WiFi+3G+8GB) (ME175CG),asus,https://via.placeholder.com/200
Asus Fonepad 7 Dual SIM Tablet (WiFi+3G+16GB) (ME175CG),asus,https://via.placeholder.com/200
Asus Fonepad 7 2014 Dual Sim (3G+4GB) (FE170CG),asus,https://via.placeholder.com/200
Asus Fonepad 7 Tablet (3G+8GB) (ME372CG),asus,https://via.placeholder.com/200
Asus Transformer Book Trio,asus,https://via.placeholder.com/200
Asus Google Nexus 7 (2013) (3G+LTE+32GB),asus,https://via.placeholder.com/200
Asus Fonepad 7 Tablet (3G+16GB) (ME372CG),asus,https://via.placeholder.com/200
Asus VivoTab RT TF600T (32GB),asus,https://via.placeholder.com/200
Asus Google Nexus 7 (2013) (32GB),asus,https://via.placeholder.com/200
Asus VivoTab ME400CL-1A057W Smart Tablet (WiFi+4G+64GB),asus,https://via.placeholder.com/200
Asus Google Nexus 7 (2013) (16GB),asus,https://via.placeholder.com/200
Asus PadFone Tablet (WiFi+3G+32GB),asus,https://via.placeholder.com/200
Asus VivoTab RT TF600T (64GB),asus,https://via.placeholder.com/200
ASUS Eee Pad Slider SL101 (32GB),asus,https://via.placeholder.com/200
Asus Memo Pad HD7,asus,https://via.placeholder.com/200
Asus Memo Pad FHD10,asus,https://via.placeholder.com/200
Asus Transformer Pad Infinity,asus,https://via.placeholder.com/200
Asus Google Nexus 7 (8GB),asus,https://via.placeholder.com/200
Asus Google Nexus 7 (32GB),asus,https://via.placeholder.com/200
Asus Google Nexus 7 3G (32GB),asus,https://via.placeholder.com/200
Asus Memo Pad Smart 10,asus,https://via.placeholder.com/200
Asus Fonepad (WiFi+3G+8GB) (ME371MG),asus,https://via.placeholder.com/200
Asus Google Nexus 7 3G (16GB),asus,https://via.placeholder.com/200
Asus Transformer Pad TF201 WiFi (64GB),asus,https://via.placeholder.com/200
Asus Transformer Pad TF101 WiFi (16GB),asus,https://via.placeholder.com/200
Asus Transformer Pad TF201 WiFi (32GB),asus,https://via.placeholder.com/200
Asus Transformer Pad TF300T WiFi (16GB),asus,https://via.placeholder.com/200
Asus Transformer Pad TF300TG WiFi+3G (32GB),asus,https://via.placeholder.com/200
BSNL Penta T-Pad WS704Q (WiFi+3G+8GB),bsnl,https://via.placeholder.com/200
BSNL Penta 73AAQ1 Tablet (WiFi+3G+8GB),bsnl,https://via.placeholder.com/200
Bsnl Penta T-PAD IS701D,bsnl,https://via.placeholder.com/200
BSNL Penta 83AAQ1 Tablet (WiFi+3G+8GB),bsnl,https://via.placeholder.com/200
BSNL Penta WS-704Q Ultra (WiFi+4G+8GB),bsnl,https://via.placeholder.com/200
BSNL Penta WS-704Q (WiFi+4G+16GB),bsnl,https://via.placeholder.com/200
BSNL Penta WS802C Tablet(WiFi+8GB),bsnl,https://via.placeholder.com/200
BSNL Penta T-Pad WS704DX Tablet,bsnl,https://via.placeholder.com/200
BSNL Penta T-Pad WS704D,bsnl,https://via.placeholder.com/200
BSNL Penta IS703C Wi-Fi Tablet,bsnl,https://via.placeholder.com/200
Bsnl Penta PS650 Tablet (WiFi+3G+4GB),bsnl,https://via.placeholder.com/200
BSNL Penta T-Pad WS802C DC Tablet,bsnl,https://via.placeholder.com/200
BSNL Penta T-Pad WS802C 3G,bsnl,https://via.placeholder.com/200
BSNL Penta T-Pad IS703C (WiFi+8GB),bsnl,https://via.placeholder.com/200
BSNL Penta T-Pad WS703C,bsnl,https://via.placeholder.com/200
BSNL Penta T-Pad WS802C FC Tablet,bsnl,https://via.placeholder.com/200
BSNL Penta T-Pad IS709C Tablet,bsnl,https://via.placeholder.com/200
BSNL Penta T-Pad IS801C (WiFi+8GB),bsnl,https://via.placeholder.com/200
BSNL Penta T-Pad WS704C (WiFi+3G+4GB),bsnl,https://via.placeholder.com/200
BSNL Penta T-Pad WS708C,bsnl,https://via.placeholder.com/200
BSNL Penta T-Pad WS707C Tablet (WiFi+4GB),bsnl,https://via.placeholder.com/200
BSNL Penta T-Pad IS701C (WiFi+4GB),bsnl,https://via.placeholder.com/200
BSNL Penta T-Pad IS701CX Tablet,bsnl,https://via.placeholder.com/200
Croma CRXT1178 Tablet,croma,https://via.placeholder.com/200
Croma CRXT1131 Tablet,croma,https://via.placeholder.com/200
Croma XT1179 Tablet,croma,https://via.placeholder.com/200
Croma CRXT1125 Tablet,croma,https://via.placeholder.com/200
Croma CRXT1125Q Tablet,croma,https://via.placeholder.com/200
Croma XT1177 Tablet,croma,https://via.placeholder.com/200
Cubot Tab Kingkong 2,cubot,https://via.placeholder.com/200
Cubot Tab 70,cubot,https://via.placeholder.com/200
Cubot Tab 40,cubot,https://via.placeholder.com/200
Google Pixel Tablet,google,https://via.placeholder.com/200
Google Pixel Tablet 3,google,https://via.placeholder.com/200
Google Pixel Tablet 2,google,https://via.placeholder.com/200
Google Pixel Tablet (8GB RAM +256GB),google,https://via.placeholder.com/200
Google Pixel Tablet Pro,google,https://via.placeholder.com/200
Google Pixel C Tablet,google,https://via.placeholder.com/200
HTC A102 Tablet,htc,https://via.placeholder.com/200
HTC A101 Plus Tablet,htc,https://via.placeholder.com/200
HTC A104 Tablet,htc,https://via.placeholder.com/200
HTC A103 Plus Tablet,htc,https://via.placeholder.com/200
HTC A101 Tablet,htc,https://via.placeholder.com/200
HTC A100 Tablet,htc,https://via.placeholder.com/200
Google Nexus 9 (WiFi+4G+32GB),google,https://via.placeholder.com/200
Google Nexus 9,google,https://via.placeholder.com/200
HTC Flyer P510E,htc,https://via.placeholder.com/200
Microsoft Surface Pro (128GB),microsoft,https://via.placeholder.com/200
Microsoft Surface Duo,microsoft,https://via.placeholder.com/200
Microsoft Surface Pro 4 (6th Gen Ci5/ 4GB/ 128GB/ Win10 Pro),microsoft,https://via.placeholder.com/200
Microsoft Surface Pro 4 (6th Gen Ci5/ 8GB/ 256GB/ Win10 Pro),microsoft,https://via.placeholder.com/200
Microsoft Surface Pro 4 (6th Gen Ci7/ 8GB/ 256GB/ Win10 Pro),microsoft,https://via.placeholder.com/200
Microsoft Surface 3,microsoft,https://via.placeholder.com/200
Microsoft Surface Pro (64GB),microsoft,https://via.placeholder.com/200
Microsoft Surface RT (64GB),microsoft,https://via.placeholder.com/200
Microsoft Surface RT (32GB),microsoft,https://via.placeholder.com/200
Nubia Pad 3D 2,nubia,https://via.placeholder.com/200
Nubia Tablet Pro,nubia,https://via.placeholder.com/200
Nubia Pad 3D,nubia,https://via.placeholder.com/200
Datawind Ubislate 3G7Z Tablet (WiFi+3G+8GB),datawind,https://via.placeholder.com/200
Datawind Ubislate 7SC Star Tablet,datawind,https://via.placeholder.com/200
Datawind UbiSlate 9Ci Tablet (WiFi+2GB),datawind,https://via.placeholder.com/200
Datawind UbiSlate 3G7 Plus,datawind,https://via.placeholder.com/200
Datawind Ubislate 7DCX,datawind,https://via.placeholder.com/200
Datawind UbiSlate 7CZ Tablet (WiFi+4GB+1GB RAM),datawind,https://via.placeholder.com/200
Datawind Ubislate 3G10 Tablet (WiFi+3G+8GB),datawind,https://via.placeholder.com/200
Datawind UbiSlate 3G7 Tablet (WiFi+4GB),datawind,https://via.placeholder.com/200
Datawind UbiSlate 10Ci Tablet,datawind,https://via.placeholder.com/200
Datawind UbiSlate 7CZ Tablet (WiFi+4GB),datawind,https://via.placeholder.com/200
Datawind UbiSlate 7Ci Tablet,datawind,https://via.placeholder.com/200
Datawind UbiSlate 3G7 Tablet (WiFi+3G+4GB),datawind,https://via.placeholder.com/200
Datawind UbiSlate 7CX Tablet (2G+2GB),datawind,https://via.placeholder.com/200
Datawind UbiSlate 7CZ Tablet (WiFi+8GB),datawind,https://via.placeholder.com/200
Datawind UbiSlate 7C Plus Tablet (WiFi+4GB),datawind,https://via.placeholder.com/200
Datawind Ubislate 7C Plus EDGE,datawind,https://via.placeholder.com/200
Datawind Ubislate 7Ci (4GB),datawind,https://via.placeholder.com/200
Blackberry PlayBook (32GB),blackberry,https://via.placeholder.com/200
Blackberry PlayBook (16GB),blackberry,https://via.placeholder.com/200
Blackberry PlayBook (64GB),blackberry,https://via.placeholder.com/200
BOOX Tab Ultra,boox,https://via.placeholder.com/200
BOOX Note Air 4C ePaper Tablet,boox,https://via.placeholder.com/200
B00X Note Air 3C 3C EInk eReader,boox,https://via.placeholder.com/200
BOOX Go 10.3,boox,https://via.placeholder.com/200
Datawind UbiSlate 7SC Tablet,datawind,https://via.placeholder.com/200
Datawind MoreGmax 4G7Z Tablet,datawind,https://via.placeholder.com/200
Datawind Droidsurfer 3XG Tablet,datawind,https://via.placeholder.com/200
Datawind Ubislate 3G10Z Tablet,datawind,https://via.placeholder.com/200
Datawind 3G7X Tablet,datawind,https://via.placeholder.com/200
Datawind 7W Tablet (WiFi+4GB),datawind,https://via.placeholder.com/200
Datawind Ubislate 7DCZ Tablet,datawind,https://via.placeholder.com/200
Datawind Droidsurfer 3XG Plus,datawind,https://via.placeholder.com/200
Datawind Ubislate i3G7 Tablet,datawind,https://via.placeholder.com/200
Datawind Ubislate 7DCX Plus,datawind,https://via.placeholder.com/200
Datawind UbiSlate 7DC Plus,datawind,https://via.placeholder.com/200
Datawind 37Z Tablet (WiFi+3G+8GB),datawind,https://via.placeholder.com/200
Datawind Pocket Surfer 5,datawind,https://via.placeholder.com/200
Datawind 7D Tablet (WiFi+4GB),datawind,https://via.placeholder.com/200
Datawind 3D7 Plus Tablet (WiFi+3G+4GB),datawind,https://via.placeholder.com/200
Datawind Vidya Tablet (WiFi+4GB),datawind,https://via.placeholder.com/200
Datawind 7AB Tablet (WiFi+4GB),datawind,https://via.placeholder.com/200
Datawind 27CZ Tablet,datawind,https://via.placeholder.com/200
Doogee T30 Ultra Tablet,doogee,https://via.placeholder.com/200
Doogee T20 Ultra Tablet,doogee,https://via.placeholder.com/200
Doogee U11 Pro Tablet,doogee,https://via.placeholder.com/200
Doogee T40 Pro Tablet,doogee,https://via.placeholder.com/200
Doogee T30S Tablet,doogee,https://via.placeholder.com/200
Doogee T20 Mini Tablet,doogee,https://via.placeholder.com/200
Doogee T10 Pro Tablet,doogee,https://via.placeholder.com/200
Doogee T10 Plus Tablet,doogee,https://via.placeholder.com/200
Doogee U10 Tablet,doogee,https://via.placeholder.com/200
Doogee T10S Tablet,doogee,https://via.placeholder.com/200
Doogee T20S Tablet,doogee,https://via.placeholder.com/200
Doogee T30 Pro Tablet,doogee,https://via.placeholder.com/200
Doogee T20 Tablet,doogee,https://via.placeholder.com/200
Doogee R10 Tablet,doogee,https://via.placeholder.com/200
Doogee T10,doogee,https://via.placeholder.com/200
Nothing Tab 1,nothing,https://via.placeholder.com/200
Swipe Slate 3 Tablet,swipe,https://via.placeholder.com/200
Swipe Strike Tablet,swipe,https://via.placeholder.com/200
Swipe Slate 3 Tablet (Wi-Fi + 32GB),swipe,https://via.placeholder.com/200
Swipe Slate 3 Tablet (Wi-Fi + 64GB),swipe,https://via.placeholder.com/200
Swipe X1 Tablet (6GB RAM + 128GB),swipe,https://via.placeholder.com/200
Swipe Slate 2 Tablet (32GB),swipe,https://via.placeholder.com/200
Swipe Slate 2 Tablet,swipe,https://via.placeholder.com/200
Swipe X1 Tablet,swipe,https://via.placeholder.com/200
Swipe Strike 8 Tablet,swipe,https://via.placeholder.com/200
Swipe Strike 4G VoLTE Tablet (3GB RAM + 32GB),swipe,https://via.placeholder.com/200
Swipe Blaze 4G Tablet,swipe,https://via.placeholder.com/200
Swipe Slate Pro Tablet (WiFi+4G+16GB),swipe,https://via.placeholder.com/200
Swipe Slate Plus (16GB),swipe,https://via.placeholder.com/200
Swipe Razor Tablet (WiFi+4G+8GB),swipe,https://via.placeholder.com/200
Swipe Slate Plus,swipe,https://via.placeholder.com/200
Swipe Strike 4G VoLTE Tablet,swipe,https://via.placeholder.com/200
Swipe Ace Prime Tablet (WiFi+3G+16GB),swipe,https://via.placeholder.com/200
Swipe Slate 8 Tablet,swipe,https://via.placeholder.com/200
Swipe Eco Tablet (WiFi+3G+4GB),swipe,https://via.placeholder.com/200
Swipe X703 Tablet,swipe,https://via.placeholder.com/200
Swipe W74 Tablet,swipe,https://via.placeholder.com/200
Swipe Ace Strike 4G Tablet,swipe,https://via.placeholder.com/200
Swipe Ace Tablet,swipe,https://via.placeholder.com/200
Swipe Halo Walk N Talk Tablet,swipe,https://via.placeholder.com/200
Swipe Slice Tablet (WiFi+3G+4GB),swipe,https://via.placeholder.com/200
Swipe Slate Pro,swipe,https://via.placeholder.com/200
Swipe MTV Slash 3X Tablet (WiFi+3G+8GB),swipe,https://via.placeholder.com/200
Swipe MTV Slash 2x,swipe,https://via.placeholder.com/200
Swipe MTV Slash Tablet (WiFi+3G+8GB),swipe,https://via.placeholder.com/200
Swipe MTV Slash 4X Tablet (WiFi+3G+8GB),swipe,https://via.placeholder.com/200
Swipe Ultimate Tablet (WiFi+32GB),swipe,https://via.placeholder.com/200
Swipe Fablet F1 (WiFi+3G+4GB),swipe,https://via.placeholder.com/200
Swipe Slice Tablet (WiFi+4GB),swipe,https://via.placeholder.com/200
Swipe Halo Edge (WiFi+4GB),swipe,https://via.placeholder.com/200
Swipe Velocity Tab (WiFi+8GB),swipe,https://via.placeholder.com/200
Swipe MTV Slash Tablet (WiFi+3G+4GB),swipe,https://via.placeholder.com/200
Swipe Halo Tab X74S (WiFi+4GB),swipe,https://via.placeholder.com/200
Swipe Halo Value 8 Tablet (WiFi+2G+8GB),swipe,https://via.placeholder.com/200
Swipe Halo Fone Tablet (WiFi+3G+4GB),swipe,https://via.placeholder.com/200
Swipe Float Tab X78 (WiFi+8GB),swipe,https://via.placeholder.com/200
Swipe MTV Slate Tablet (WiFi+3G+8GB),swipe,https://via.placeholder.com/200
Swipe Legend Tablet (WiFi+3G+4GB),swipe,https://via.placeholder.com/200
Swipe Halo Value Tablet (WiFi+2G+4GB),swipe,https://via.placeholder.com/200
Swipe Monster Tab Tablet (WiFi+3G+8GB),swipe,https://via.placeholder.com/200
Swipe Halo Value Plus Tablet (WiFi+2G+1GB RAM+4GB),swipe,https://via.placeholder.com/200
Swipe MTV VOLT 1000 Tablet (WiFi+3G+4GB),swipe,https://via.placeholder.com/200
Swipe 3D Life Plus Tablet (WiFi+4GB),swipe,https://via.placeholder.com/200
Swipe All In One Tablet (WiFi+3G+8GB),swipe,https://via.placeholder.com/200
Swipe 3D Life Tab X74 3D (WiFi+4GB),swipe,https://via.placeholder.com/200
Swipe MTV Slash 4X (WiFi+3G+4GB),swipe,https://via.placeholder.com/200
Swipe Junior Tablet (WiFi+4GB),swipe,https://via.placeholder.com/200
Swipe Halo 3G Tab (WiFi+3G+4GB),swipe,https://via.placeholder.com/200
Swipe Halo Value Plus Tablet (WiFi+2G+512MB RAM+4GB),swipe,https://via.placeholder.com/200
Tecno MegaPad 10,tecno,https://via.placeholder.com/200
Tecno MegaPad 11 Tablet,tecno,https://via.placeholder.com/200
Amtrak A 700 Tablet,amtrak,https://via.placeholder.com/200
Amtrak A-713 3G Tablet,amtrak,https://via.placeholder.com/200
Amtrak A712L Tablet (4GB),amtrak,https://via.placeholder.com/200
Amtrak A-723G 3G Dual Sim Tablet,amtrak,https://via.placeholder.com/200
Byond Mi-book Mi5 Tab,byond,https://via.placeholder.com/200
Byond Mi-book Mi9 Tab,byond,https://via.placeholder.com/200
Byond Laplet L9 plus,byond,https://via.placeholder.com/200
Byond Laplet L9,byond,https://via.placeholder.com/200
Byond Mi-book Mi5 Plus Tablet Wi-Fi,byond,https://via.placeholder.com/200
Byond Mi-book Mi7 Tab,byond,https://via.placeholder.com/200
Byond Mi-book Mi1 Tab,byond,https://via.placeholder.com/200
Byond Mi-Book Mi8 Tab,byond,https://via.placeholder.com/200
Byond Laplet L1,byond,https://via.placeholder.com/200
Byond Laplet L1 Plus,byond,https://via.placeholder.com/200
Byond Mi-Book Mi10 Tab,byond,https://via.placeholder.com/200
Byond Mi-Book Mi2 Tab,byond,https://via.placeholder.com/200
Byond Mi-book Mi3 Tab,byond,https://via.placeholder.com/200
Dell Venue 8 Pro Tablet (WiFi+32GB),dell,https://via.placeholder.com/200
Dell Venue 8 3840 Tablet (WiFi+3G+16GB),dell,https://via.placeholder.com/200
Dell Venue 8 7000 Tablet,dell,https://via.placeholder.com/200
Dell Venue 7 3000 Series Tablet (16GB+WiFi),dell,https://via.placeholder.com/200
Dell Venue 7 3741 Tablet (8GB+WiFi+3G),dell,https://via.placeholder.com/200
Dell Venue 7 3000 Series Tablet (8GB+WiFi+3G),dell,https://via.placeholder.com/200
Dell Venue 8 Tablet (WiFi+3G+16GB),dell,https://via.placeholder.com/200
Dell Venue 8 7840,dell,https://via.placeholder.com/200
Dell Venue 8 3000 Series (Wifi+16GB),dell,https://via.placeholder.com/200
Dell Venue 8 3000 Series (Wifi+16GB+3G),dell,https://via.placeholder.com/200
Dell Venue 7 3000 Series Tablet (16GB+WiFi+3G),dell,https://via.placeholder.com/200
Dell Venue 8 Pro Tablet (WiFi+3G+32GB),dell,https://via.placeholder.com/200
Dell Venue 8 Tablet (WiFi+3G+32GB),dell,https://via.placeholder.com/200
Dell Venue 7 HD Tablet (WiFi+3G+16GB),dell,https://via.placeholder.com/200
Dell Venue 11 Pro Tablet (64GB),dell,https://via.placeholder.com/200
Dell Venue 8 Pro Tablet (WiFi+3G+64GB),dell,https://via.placeholder.com/200
Dell Venue 8 Pro Tablet (WiFi+64GB),dell,https://via.placeholder.com/200
Dell Venue 7 HD Tablet (16GB),dell,https://via.placeholder.com/200
Dell Venue 8 WiFi (16GB),dell,https://via.placeholder.com/200
Dell Venue 8 WiFi (32GB),dell,https://via.placeholder.com/200
Dell Streak 7,dell,https://via.placeholder.com/200
Fusion5 F105D 4G Tablet,fusion5,https://via.placeholder.com/200
Intex I-Buddy 7.0 WiFi (4GB),intex,https://via.placeholder.com/200
Intex iBuddy IN-7DD01 Tablet,intex,https://via.placeholder.com/200
Intex Connect,intex,https://via.placeholder.com/200
Intex I-Buddy Connect II 3G Tab,intex,https://via.placeholder.com/200
Intex I-Buddy Connect 3G,intex,https://via.placeholder.com/200
Intex I-Tab 5T (8GB),intex,https://via.placeholder.com/200
Intex I-Buddy 7.2 WiFi (4GB),intex,https://via.placeholder.com/200
Intex I-Buddy 3,intex,https://via.placeholder.com/200
Jio Education Tablet,jio,https://via.placeholder.com/200
